RESPONSE,answer,item,list,structure,verb,Participant,accuracy
No,Yes,1,2,move,unacc,1,incorrect
No,Yes,1,2,move,unacc,1,incorrect
No,Yes,1,2,move,unacc,1,incorrect
No,Yes,1,2,move,unacc,1,incorrect
No,Yes,1,2,move,unacc,1,incorrect
Yes,Yes,2,2,move,CP,1,correct
Yes,Yes,2,2,move,CP,1,correct
Yes,Yes,2,2,move,CP,1,correct
Yes,Yes,2,2,move,CP,1,correct
Yes,Yes,2,2,move,CP,1,correct
Yes,No,5,2,nomove,CP,1,incorrect
Yes,No,5,2,nomove,CP,1,incorrect
Yes,No,5,2,nomove,CP,1,incorrect
Yes,No,5,2,nomove,CP,1,incorrect
Yes,No,5,2,nomove,CP,1,incorrect
Yes,Yes,6,2,move,DP,1,correct
Yes,Yes,6,2,move,DP,1,correct
Yes,Yes,6,2,move,DP,1,correct
Yes,Yes,6,2,move,DP,1,correct
Yes,Yes,6,2,move,DP,1,correct
No,Yes,7,2,move,unacc,1,incorrect
No,Yes,7,2,move,unacc,1,incorrect
No,Yes,7,2,move,unacc,1,incorrect
No,Yes,7,2,move,unacc,1,incorrect
No,Yes,7,2,move,unacc,1,incorrect
Yes,Yes,11,2,nomove,CP,1,correct
Yes,Yes,11,2,nomove,CP,1,correct
Yes,Yes,11,2,nomove,CP,1,correct
Yes,Yes,11,2,nomove,CP,1,correct
Yes,Yes,11,2,nomove,CP,1,correct
Yes,Yes,13,2,move,unacc,1,correct
Yes,Yes,13,2,move,unacc,1,correct
Yes,Yes,13,2,move,unacc,1,correct
Yes,Yes,13,2,move,unacc,1,correct
Yes,Yes,13,2,move,unacc,1,correct
Yes,Yes,14,2,move,CP,1,correct
Yes,Yes,14,2,move,CP,1,correct
Yes,Yes,14,2,move,CP,1,correct
Yes,Yes,14,2,move,CP,1,correct
Yes,Yes,14,2,move,CP,1,correct
Yes,Yes,17,2,nomove,unacc,1,correct
Yes,Yes,17,2,nomove,unacc,1,correct
Yes,Yes,17,2,nomove,unacc,1,correct
Yes,Yes,17,2,nomove,unacc,1,correct
Yes,Yes,17,2,nomove,unacc,1,correct
Yes,Yes,19,2,move,unacc,1,correct
Yes,Yes,19,2,move,unacc,1,correct
Yes,Yes,19,2,move,unacc,1,correct
Yes,Yes,19,2,move,unacc,1,correct
Yes,Yes,19,2,move,unacc,1,correct
Yes,Yes,21,2,nomove,DP,1,correct
Yes,Yes,21,2,nomove,DP,1,correct
Yes,Yes,21,2,nomove,DP,1,correct
Yes,Yes,21,2,nomove,DP,1,correct
Yes,Yes,21,2,nomove,DP,1,correct
Yes,Yes,22,2,nomove,unacc,1,correct
Yes,Yes,22,2,nomove,unacc,1,correct
Yes,Yes,22,2,nomove,unacc,1,correct
Yes,Yes,22,2,nomove,unacc,1,correct
Yes,Yes,22,2,nomove,unacc,1,correct
No,No,25,2,move,unacc,1,correct
No,No,25,2,move,unacc,1,correct
No,No,25,2,move,unacc,1,correct
No,No,25,2,move,unacc,1,correct
No,No,25,2,move,unacc,1,correct
Yes,Yes,30,2,move,DP,1,correct
Yes,Yes,30,2,move,DP,1,correct
Yes,Yes,30,2,move,DP,1,correct
Yes,Yes,30,2,move,DP,1,correct
Yes,Yes,30,2,move,DP,1,correct
No,No,31,2,move,unacc,1,correct
No,No,31,2,move,unacc,1,correct
No,No,31,2,move,unacc,1,correct
No,No,31,2,move,unacc,1,correct
No,No,31,2,move,unacc,1,correct
Yes,Yes,32,2,move,CP,1,correct
Yes,Yes,32,2,move,CP,1,correct
Yes,Yes,32,2,move,CP,1,correct
Yes,Yes,32,2,move,CP,1,correct
Yes,Yes,32,2,move,CP,1,correct
Yes,No,33,2,nomove,DP,1,incorrect
Yes,No,33,2,nomove,DP,1,incorrect
Yes,No,33,2,nomove,DP,1,incorrect
Yes,No,33,2,nomove,DP,1,incorrect
Yes,No,33,2,nomove,DP,1,incorrect
Yes,Yes,35,2,nomove,CP,1,correct
Yes,Yes,35,2,nomove,CP,1,correct
Yes,Yes,35,2,nomove,CP,1,correct
Yes,Yes,35,2,nomove,CP,1,correct
Yes,Yes,35,2,nomove,CP,1,correct
No,No,37,2,filler,none,1,correct
No,No,37,2,filler,none,1,correct
No,No,37,2,filler,none,1,correct
No,No,37,2,filler,none,1,correct
No,No,37,2,filler,none,1,correct
No,No,37,2,filler,none,1,correct
No,No,37,2,filler,none,1,correct
No,No,37,2,filler,none,1,correct
No,No,37,2,filler,none,1,correct
No,No,37,2,filler,none,1,correct
No,No,37,2,filler,none,1,correct
No,No,38,2,filler,none,1,correct
No,No,38,2,filler,none,1,correct
No,No,38,2,filler,none,1,correct
No,No,38,2,filler,none,1,correct
No,No,38,2,filler,none,1,correct
No,No,38,2,filler,none,1,correct
No,No,38,2,filler,none,1,correct
No,No,38,2,filler,none,1,correct
No,No,38,2,filler,none,1,correct
No,No,38,2,filler,none,1,correct
No,No,38,2,filler,none,1,correct
No,No,39,2,filler,none,1,correct
No,No,39,2,filler,none,1,correct
No,No,39,2,filler,none,1,correct
No,No,39,2,filler,none,1,correct
No,No,39,2,filler,none,1,correct
No,No,39,2,filler,none,1,correct
No,No,39,2,filler,none,1,correct
No,No,39,2,filler,none,1,correct
No,No,39,2,filler,none,1,correct
No,No,39,2,filler,none,1,correct
No,No,39,2,filler,none,1,correct
Yes,Yes,43,2,filler,none,1,correct
Yes,Yes,43,2,filler,none,1,correct
Yes,Yes,43,2,filler,none,1,correct
Yes,Yes,43,2,filler,none,1,correct
Yes,Yes,43,2,filler,none,1,correct
Yes,Yes,43,2,filler,none,1,correct
Yes,Yes,43,2,filler,none,1,correct
Yes,Yes,43,2,filler,none,1,correct
Yes,Yes,43,2,filler,none,1,correct
Yes,Yes,43,2,filler,none,1,correct
Yes,Yes,43,2,filler,none,1,correct
No,No,44,2,filler,none,1,correct
No,No,44,2,filler,none,1,correct
No,No,44,2,filler,none,1,correct
No,No,44,2,filler,none,1,correct
No,No,44,2,filler,none,1,correct
No,No,44,2,filler,none,1,correct
No,No,44,2,filler,none,1,correct
No,No,44,2,filler,none,1,correct
No,No,44,2,filler,none,1,correct
No,No,44,2,filler,none,1,correct
No,No,44,2,filler,none,1,correct
No,No,46,2,filler,none,1,correct
No,No,46,2,filler,none,1,correct
No,No,46,2,filler,none,1,correct
No,No,46,2,filler,none,1,correct
No,No,46,2,filler,none,1,correct
No,No,46,2,filler,none,1,correct
No,No,46,2,filler,none,1,correct
No,No,46,2,filler,none,1,correct
No,No,46,2,filler,none,1,correct
No,No,46,2,filler,none,1,correct
No,No,46,2,filler,none,1,correct
Yes,Yes,48,2,filler,none,1,correct
Yes,Yes,48,2,filler,none,1,correct
Yes,Yes,48,2,filler,none,1,correct
Yes,Yes,48,2,filler,none,1,correct
Yes,Yes,48,2,filler,none,1,correct
Yes,Yes,48,2,filler,none,1,correct
Yes,Yes,48,2,filler,none,1,correct
Yes,Yes,48,2,filler,none,1,correct
Yes,Yes,48,2,filler,none,1,correct
Yes,Yes,48,2,filler,none,1,correct
Yes,Yes,48,2,filler,none,1,correct
Yes,No,50,2,filler,none,1,incorrect
Yes,No,50,2,filler,none,1,incorrect
Yes,No,50,2,filler,none,1,incorrect
Yes,No,50,2,filler,none,1,incorrect
Yes,No,50,2,filler,none,1,incorrect
Yes,No,50,2,filler,none,1,incorrect
Yes,No,50,2,filler,none,1,incorrect
Yes,No,50,2,filler,none,1,incorrect
Yes,No,50,2,filler,none,1,incorrect
Yes,No,50,2,filler,none,1,incorrect
Yes,No,50,2,filler,none,1,incorrect
Yes,Yes,52,2,filler,none,1,correct
Yes,Yes,52,2,filler,none,1,correct
Yes,Yes,52,2,filler,none,1,correct
Yes,Yes,52,2,filler,none,1,correct
Yes,Yes,52,2,filler,none,1,correct
Yes,Yes,52,2,filler,none,1,correct
Yes,Yes,52,2,filler,none,1,correct
Yes,Yes,52,2,filler,none,1,correct
Yes,Yes,52,2,filler,none,1,correct
Yes,Yes,52,2,filler,none,1,correct
Yes,Yes,52,2,filler,none,1,correct
No,No,53,2,filler,none,1,correct
No,No,53,2,filler,none,1,correct
No,No,53,2,filler,none,1,correct
No,No,53,2,filler,none,1,correct
No,No,53,2,filler,none,1,correct
No,No,53,2,filler,none,1,correct
No,No,53,2,filler,none,1,correct
No,No,53,2,filler,none,1,correct
No,No,53,2,filler,none,1,correct
No,No,53,2,filler,none,1,correct
No,No,53,2,filler,none,1,correct
Yes,Yes,58,2,filler,none,1,correct
Yes,Yes,58,2,filler,none,1,correct
Yes,Yes,58,2,filler,none,1,correct
Yes,Yes,58,2,filler,none,1,correct
Yes,Yes,58,2,filler,none,1,correct
Yes,Yes,58,2,filler,none,1,correct
Yes,Yes,58,2,filler,none,1,correct
Yes,Yes,58,2,filler,none,1,correct
Yes,Yes,58,2,filler,none,1,correct
Yes,Yes,58,2,filler,none,1,correct
Yes,Yes,58,2,filler,none,1,correct
Yes,Yes,58,2,filler,none,1,correct
No,No,59,2,filler,none,1,correct
No,No,59,2,filler,none,1,correct
No,No,59,2,filler,none,1,correct
No,No,59,2,filler,none,1,correct
No,No,59,2,filler,none,1,correct
No,No,59,2,filler,none,1,correct
No,No,59,2,filler,none,1,correct
No,No,59,2,filler,none,1,correct
No,No,59,2,filler,none,1,correct
No,No,59,2,filler,none,1,correct
No,No,59,2,filler,none,1,correct
No,No,59,2,filler,none,1,correct
No,No,59,2,filler,none,1,correct
No,No,62,2,filler,none,1,correct
No,No,62,2,filler,none,1,correct
No,No,62,2,filler,none,1,correct
No,No,62,2,filler,none,1,correct
No,No,62,2,filler,none,1,correct
No,No,62,2,filler,none,1,correct
No,No,62,2,filler,none,1,correct
No,No,62,2,filler,none,1,correct
No,No,62,2,filler,none,1,correct
No,No,62,2,filler,none,1,correct
No,No,62,2,filler,none,1,correct
No,No,62,2,filler,none,1,correct
Yes,Yes,64,2,filler,none,1,correct
Yes,Yes,64,2,filler,none,1,correct
Yes,Yes,64,2,filler,none,1,correct
Yes,Yes,64,2,filler,none,1,correct
Yes,Yes,64,2,filler,none,1,correct
Yes,Yes,64,2,filler,none,1,correct
Yes,Yes,64,2,filler,none,1,correct
Yes,Yes,64,2,filler,none,1,correct
Yes,Yes,64,2,filler,none,1,correct
Yes,Yes,64,2,filler,none,1,correct
Yes,Yes,64,2,filler,none,1,correct
Yes,Yes,64,2,filler,none,1,correct
No,No,66,2,filler,none,1,correct
No,No,66,2,filler,none,1,correct
No,No,66,2,filler,none,1,correct
No,No,66,2,filler,none,1,correct
No,No,66,2,filler,none,1,correct
No,No,66,2,filler,none,1,correct
No,No,66,2,filler,none,1,correct
No,No,66,2,filler,none,1,correct
No,No,66,2,filler,none,1,correct
No,No,66,2,filler,none,1,correct
No,No,66,2,filler,none,1,correct
No,No,66,2,filler,none,1,correct
No,No,68,2,filler,none,1,correct
No,No,68,2,filler,none,1,correct
No,No,68,2,filler,none,1,correct
No,No,68,2,filler,none,1,correct
No,No,68,2,filler,none,1,correct
No,No,68,2,filler,none,1,correct
No,No,68,2,filler,none,1,correct
No,No,68,2,filler,none,1,correct
No,No,68,2,filler,none,1,correct
No,No,68,2,filler,none,1,correct
No,No,68,2,filler,none,1,correct
No,No,68,2,filler,none,1,correct
Yes,No,69,2,filler,none,1,incorrect
Yes,No,69,2,filler,none,1,incorrect
Yes,No,69,2,filler,none,1,incorrect
Yes,No,69,2,filler,none,1,incorrect
Yes,No,69,2,filler,none,1,incorrect
Yes,No,69,2,filler,none,1,incorrect
Yes,No,69,2,filler,none,1,incorrect
Yes,No,69,2,filler,none,1,incorrect
Yes,No,69,2,filler,none,1,incorrect
Yes,No,69,2,filler,none,1,incorrect
Yes,No,69,2,filler,none,1,incorrect
Yes,No,69,2,filler,none,1,incorrect
Yes,Yes,72,2,filler,none,1,correct
Yes,Yes,72,2,filler,none,1,correct
Yes,Yes,72,2,filler,none,1,correct
Yes,Yes,72,2,filler,none,1,correct
Yes,Yes,72,2,filler,none,1,correct
Yes,Yes,72,2,filler,none,1,correct
Yes,Yes,72,2,filler,none,1,correct
Yes,Yes,72,2,filler,none,1,correct
Yes,Yes,72,2,filler,none,1,correct
Yes,Yes,72,2,filler,none,1,correct
Yes,Yes,72,2,filler,none,1,correct
Yes,Yes,72,2,filler,none,1,correct
Yes,No,73,2,filler,none,1,incorrect
Yes,No,73,2,filler,none,1,incorrect
Yes,No,73,2,filler,none,1,incorrect
Yes,No,73,2,filler,none,1,incorrect
Yes,No,73,2,filler,none,1,incorrect
Yes,No,73,2,filler,none,1,incorrect
Yes,No,73,2,filler,none,1,incorrect
Yes,No,73,2,filler,none,1,incorrect
Yes,No,73,2,filler,none,1,incorrect
Yes,No,73,2,filler,none,1,incorrect
Yes,No,73,2,filler,none,1,incorrect
Yes,No,73,2,filler,none,1,incorrect
Yes,No,73,2,filler,none,1,incorrect
Yes,Yes,74,2,filler,none,1,correct
Yes,Yes,74,2,filler,none,1,correct
Yes,Yes,74,2,filler,none,1,correct
Yes,Yes,74,2,filler,none,1,correct
Yes,Yes,74,2,filler,none,1,correct
Yes,Yes,74,2,filler,none,1,correct
Yes,Yes,74,2,filler,none,1,correct
Yes,Yes,74,2,filler,none,1,correct
Yes,Yes,74,2,filler,none,1,correct
Yes,Yes,74,2,filler,none,1,correct
Yes,Yes,74,2,filler,none,1,correct
Yes,Yes,74,2,filler,none,1,correct
Yes,Yes,74,2,filler,none,1,correct
Yes,Yes,75,2,filler,none,1,correct
Yes,Yes,75,2,filler,none,1,correct
Yes,Yes,75,2,filler,none,1,correct
Yes,Yes,75,2,filler,none,1,correct
Yes,Yes,75,2,filler,none,1,correct
Yes,Yes,75,2,filler,none,1,correct
Yes,Yes,75,2,filler,none,1,correct
Yes,Yes,75,2,filler,none,1,correct
Yes,Yes,75,2,filler,none,1,correct
Yes,Yes,75,2,filler,none,1,correct
Yes,Yes,75,2,filler,none,1,correct
Yes,Yes,75,2,filler,none,1,correct
Yes,Yes,75,2,filler,none,1,correct
Yes,Yes,77,2,filler,none,1,correct
Yes,Yes,77,2,filler,none,1,correct
Yes,Yes,77,2,filler,none,1,correct
Yes,Yes,77,2,filler,none,1,correct
Yes,Yes,77,2,filler,none,1,correct
Yes,Yes,77,2,filler,none,1,correct
Yes,Yes,77,2,filler,none,1,correct
Yes,Yes,77,2,filler,none,1,correct
Yes,Yes,77,2,filler,none,1,correct
Yes,Yes,77,2,filler,none,1,correct
Yes,Yes,77,2,filler,none,1,correct
Yes,Yes,77,2,filler,none,1,correct
Yes,Yes,77,2,filler,none,1,correct
No,No,78,2,filler,none,1,correct
No,No,78,2,filler,none,1,correct
No,No,78,2,filler,none,1,correct
No,No,78,2,filler,none,1,correct
No,No,78,2,filler,none,1,correct
No,No,78,2,filler,none,1,correct
No,No,78,2,filler,none,1,correct
No,No,78,2,filler,none,1,correct
No,No,78,2,filler,none,1,correct
No,No,78,2,filler,none,1,correct
No,No,78,2,filler,none,1,correct
No,No,78,2,filler,none,1,correct
No,No,78,2,filler,none,1,correct
No,No,80,2,filler,none,1,correct
No,No,80,2,filler,none,1,correct
No,No,80,2,filler,none,1,correct
No,No,80,2,filler,none,1,correct
No,No,80,2,filler,none,1,correct
No,No,80,2,filler,none,1,correct
No,No,80,2,filler,none,1,correct
No,No,80,2,filler,none,1,correct
No,No,80,2,filler,none,1,correct
No,No,80,2,filler,none,1,correct
No,No,80,2,filler,none,1,correct
No,No,80,2,filler,none,1,correct
No,No,80,2,filler,none,1,correct
No,No,82,2,filler,none,1,correct
No,No,82,2,filler,none,1,correct
No,No,82,2,filler,none,1,correct
No,No,82,2,filler,none,1,correct
No,No,82,2,filler,none,1,correct
No,No,82,2,filler,none,1,correct
No,No,82,2,filler,none,1,correct
No,No,82,2,filler,none,1,correct
No,No,82,2,filler,none,1,correct
No,No,82,2,filler,none,1,correct
No,No,82,2,filler,none,1,correct
No,No,82,2,filler,none,1,correct
No,No,82,2,filler,none,1,correct
No,No,84,2,filler,none,1,correct
No,No,84,2,filler,none,1,correct
No,No,84,2,filler,none,1,correct
No,No,84,2,filler,none,1,correct
No,No,84,2,filler,none,1,correct
No,No,84,2,filler,none,1,correct
No,No,84,2,filler,none,1,correct
No,No,84,2,filler,none,1,correct
No,No,84,2,filler,none,1,correct
No,No,84,2,filler,none,1,correct
No,No,84,2,filler,none,1,correct
No,No,84,2,filler,none,1,correct
No,No,84,2,filler,none,1,correct
No,No,87,2,filler,none,1,correct
No,No,87,2,filler,none,1,correct
No,No,87,2,filler,none,1,correct
No,No,87,2,filler,none,1,correct
No,No,87,2,filler,none,1,correct
No,No,87,2,filler,none,1,correct
No,No,87,2,filler,none,1,correct
No,No,87,2,filler,none,1,correct
No,No,87,2,filler,none,1,correct
No,No,87,2,filler,none,1,correct
No,No,87,2,filler,none,1,correct
No,No,87,2,filler,none,1,correct
No,No,87,2,filler,none,1,correct
No,No,89,2,filler,none,1,correct
No,No,89,2,filler,none,1,correct
No,No,89,2,filler,none,1,correct
No,No,89,2,filler,none,1,correct
No,No,89,2,filler,none,1,correct
No,No,89,2,filler,none,1,correct
No,No,89,2,filler,none,1,correct
No,No,89,2,filler,none,1,correct
No,No,89,2,filler,none,1,correct
No,No,89,2,filler,none,1,correct
No,No,89,2,filler,none,1,correct
No,No,89,2,filler,none,1,correct
No,No,89,2,filler,none,1,correct
No,Yes,1,3,move,DP,2,incorrect
No,Yes,1,3,move,DP,2,incorrect
No,Yes,1,3,move,DP,2,incorrect
No,Yes,1,3,move,DP,2,incorrect
No,Yes,1,3,move,DP,2,incorrect
No,No,5,3,nomove,unacc,2,correct
No,No,5,3,nomove,unacc,2,correct
No,No,5,3,nomove,unacc,2,correct
No,No,5,3,nomove,unacc,2,correct
No,No,5,3,nomove,unacc,2,correct
Yes,Yes,6,3,nomove,CP,2,correct
Yes,Yes,6,3,nomove,CP,2,correct
Yes,Yes,6,3,nomove,CP,2,correct
Yes,Yes,6,3,nomove,CP,2,correct
Yes,Yes,6,3,nomove,CP,2,correct
Yes,Yes,7,3,move,DP,2,correct
Yes,Yes,7,3,move,DP,2,correct
Yes,Yes,7,3,move,DP,2,correct
Yes,Yes,7,3,move,DP,2,correct
Yes,Yes,7,3,move,DP,2,correct
Yes,Yes,11,3,nomove,unacc,2,correct
Yes,Yes,11,3,nomove,unacc,2,correct
Yes,Yes,11,3,nomove,unacc,2,correct
Yes,Yes,11,3,nomove,unacc,2,correct
Yes,Yes,11,3,nomove,unacc,2,correct
Yes,Yes,14,3,move,unacc,2,correct
Yes,Yes,14,3,move,unacc,2,correct
Yes,Yes,14,3,move,unacc,2,correct
Yes,Yes,14,3,move,unacc,2,correct
Yes,Yes,14,3,move,unacc,2,correct
Yes,Yes,17,3,nomove,DP,2,correct
Yes,Yes,17,3,nomove,DP,2,correct
Yes,Yes,17,3,nomove,DP,2,correct
Yes,Yes,17,3,nomove,DP,2,correct
Yes,Yes,17,3,nomove,DP,2,correct
Yes,Yes,19,3,move,DP,2,correct
Yes,Yes,19,3,move,DP,2,correct
Yes,Yes,19,3,move,DP,2,correct
Yes,Yes,19,3,move,DP,2,correct
Yes,Yes,19,3,move,DP,2,correct
Yes,Yes,21,3,move,CP,2,correct
Yes,Yes,21,3,move,CP,2,correct
Yes,Yes,21,3,move,CP,2,correct
Yes,Yes,21,3,move,CP,2,correct
Yes,Yes,21,3,move,CP,2,correct
Yes,Yes,22,3,nomove,DP,2,correct
Yes,Yes,22,3,nomove,DP,2,correct
Yes,Yes,22,3,nomove,DP,2,correct
Yes,Yes,22,3,nomove,DP,2,correct
Yes,Yes,22,3,nomove,DP,2,correct
No,No,25,3,move,DP,2,correct
No,No,25,3,move,DP,2,correct
No,No,25,3,move,DP,2,correct
No,No,25,3,move,DP,2,correct
No,No,25,3,move,DP,2,correct
Yes,Yes,30,3,nomove,CP,2,correct
Yes,Yes,30,3,nomove,CP,2,correct
Yes,Yes,30,3,nomove,CP,2,correct
Yes,Yes,30,3,nomove,CP,2,correct
Yes,Yes,30,3,nomove,CP,2,correct
No,No,31,3,move,DP,2,correct
No,No,31,3,move,DP,2,correct
No,No,31,3,move,DP,2,correct
No,No,31,3,move,DP,2,correct
No,No,31,3,move,DP,2,correct
Yes,Yes,32,3,move,unacc,2,correct
Yes,Yes,32,3,move,unacc,2,correct
Yes,Yes,32,3,move,unacc,2,correct
Yes,Yes,32,3,move,unacc,2,correct
Yes,Yes,32,3,move,unacc,2,correct
Yes,No,33,3,move,CP,2,incorrect
Yes,No,33,3,move,CP,2,incorrect
Yes,No,33,3,move,CP,2,incorrect
Yes,No,33,3,move,CP,2,incorrect
Yes,No,33,3,move,CP,2,incorrect
Yes,No,37,3,filler,none,2,incorrect
Yes,No,37,3,filler,none,2,incorrect
Yes,No,37,3,filler,none,2,incorrect
Yes,No,37,3,filler,none,2,incorrect
Yes,No,37,3,filler,none,2,incorrect
Yes,No,37,3,filler,none,2,incorrect
Yes,No,37,3,filler,none,2,incorrect
Yes,No,37,3,filler,none,2,incorrect
Yes,No,37,3,filler,none,2,incorrect
Yes,No,37,3,filler,none,2,incorrect
Yes,No,37,3,filler,none,2,incorrect
No,No,38,3,filler,none,2,correct
No,No,38,3,filler,none,2,correct
No,No,38,3,filler,none,2,correct
No,No,38,3,filler,none,2,correct
No,No,38,3,filler,none,2,correct
No,No,38,3,filler,none,2,correct
No,No,38,3,filler,none,2,correct
No,No,38,3,filler,none,2,correct
No,No,38,3,filler,none,2,correct
No,No,38,3,filler,none,2,correct
No,No,38,3,filler,none,2,correct
No,No,39,3,filler,none,2,correct
No,No,39,3,filler,none,2,correct
No,No,39,3,filler,none,2,correct
No,No,39,3,filler,none,2,correct
No,No,39,3,filler,none,2,correct
No,No,39,3,filler,none,2,correct
No,No,39,3,filler,none,2,correct
No,No,39,3,filler,none,2,correct
No,No,39,3,filler,none,2,correct
No,No,39,3,filler,none,2,correct
No,No,39,3,filler,none,2,correct
Yes,Yes,43,3,filler,none,2,correct
Yes,Yes,43,3,filler,none,2,correct
Yes,Yes,43,3,filler,none,2,correct
Yes,Yes,43,3,filler,none,2,correct
Yes,Yes,43,3,filler,none,2,correct
Yes,Yes,43,3,filler,none,2,correct
Yes,Yes,43,3,filler,none,2,correct
Yes,Yes,43,3,filler,none,2,correct
Yes,Yes,43,3,filler,none,2,correct
Yes,Yes,43,3,filler,none,2,correct
Yes,Yes,43,3,filler,none,2,correct
No,No,44,3,filler,none,2,correct
No,No,44,3,filler,none,2,correct
No,No,44,3,filler,none,2,correct
No,No,44,3,filler,none,2,correct
No,No,44,3,filler,none,2,correct
No,No,44,3,filler,none,2,correct
No,No,44,3,filler,none,2,correct
No,No,44,3,filler,none,2,correct
No,No,44,3,filler,none,2,correct
No,No,44,3,filler,none,2,correct
No,No,44,3,filler,none,2,correct
Yes,Yes,48,3,filler,none,2,correct
Yes,Yes,48,3,filler,none,2,correct
Yes,Yes,48,3,filler,none,2,correct
Yes,Yes,48,3,filler,none,2,correct
Yes,Yes,48,3,filler,none,2,correct
Yes,Yes,48,3,filler,none,2,correct
Yes,Yes,48,3,filler,none,2,correct
Yes,Yes,48,3,filler,none,2,correct
Yes,Yes,48,3,filler,none,2,correct
Yes,Yes,48,3,filler,none,2,correct
Yes,Yes,48,3,filler,none,2,correct
Yes,No,50,3,filler,none,2,incorrect
Yes,No,50,3,filler,none,2,incorrect
Yes,No,50,3,filler,none,2,incorrect
Yes,No,50,3,filler,none,2,incorrect
Yes,No,50,3,filler,none,2,incorrect
Yes,No,50,3,filler,none,2,incorrect
Yes,No,50,3,filler,none,2,incorrect
Yes,No,50,3,filler,none,2,incorrect
Yes,No,50,3,filler,none,2,incorrect
Yes,No,50,3,filler,none,2,incorrect
Yes,No,50,3,filler,none,2,incorrect
No,No,59,3,filler,none,2,correct
No,No,59,3,filler,none,2,correct
No,No,59,3,filler,none,2,correct
No,No,59,3,filler,none,2,correct
No,No,59,3,filler,none,2,correct
No,No,59,3,filler,none,2,correct
No,No,59,3,filler,none,2,correct
No,No,59,3,filler,none,2,correct
No,No,59,3,filler,none,2,correct
No,No,59,3,filler,none,2,correct
No,No,59,3,filler,none,2,correct
No,No,59,3,filler,none,2,correct
No,No,59,3,filler,none,2,correct
No,No,62,3,filler,none,2,correct
No,No,62,3,filler,none,2,correct
No,No,62,3,filler,none,2,correct
No,No,62,3,filler,none,2,correct
No,No,62,3,filler,none,2,correct
No,No,62,3,filler,none,2,correct
No,No,62,3,filler,none,2,correct
No,No,62,3,filler,none,2,correct
No,No,62,3,filler,none,2,correct
No,No,62,3,filler,none,2,correct
No,No,62,3,filler,none,2,correct
No,No,62,3,filler,none,2,correct
Yes,Yes,64,3,filler,none,2,correct
Yes,Yes,64,3,filler,none,2,correct
Yes,Yes,64,3,filler,none,2,correct
Yes,Yes,64,3,filler,none,2,correct
Yes,Yes,64,3,filler,none,2,correct
Yes,Yes,64,3,filler,none,2,correct
Yes,Yes,64,3,filler,none,2,correct
Yes,Yes,64,3,filler,none,2,correct
Yes,Yes,64,3,filler,none,2,correct
Yes,Yes,64,3,filler,none,2,correct
Yes,Yes,64,3,filler,none,2,correct
Yes,Yes,64,3,filler,none,2,correct
No,No,66,3,filler,none,2,correct
No,No,66,3,filler,none,2,correct
No,No,66,3,filler,none,2,correct
No,No,66,3,filler,none,2,correct
No,No,66,3,filler,none,2,correct
No,No,66,3,filler,none,2,correct
No,No,66,3,filler,none,2,correct
No,No,66,3,filler,none,2,correct
No,No,66,3,filler,none,2,correct
No,No,66,3,filler,none,2,correct
No,No,66,3,filler,none,2,correct
No,No,66,3,filler,none,2,correct
No,No,68,3,filler,none,2,correct
No,No,68,3,filler,none,2,correct
No,No,68,3,filler,none,2,correct
No,No,68,3,filler,none,2,correct
No,No,68,3,filler,none,2,correct
No,No,68,3,filler,none,2,correct
No,No,68,3,filler,none,2,correct
No,No,68,3,filler,none,2,correct
No,No,68,3,filler,none,2,correct
No,No,68,3,filler,none,2,correct
No,No,68,3,filler,none,2,correct
No,No,68,3,filler,none,2,correct
Yes,Yes,72,3,filler,none,2,correct
Yes,Yes,72,3,filler,none,2,correct
Yes,Yes,72,3,filler,none,2,correct
Yes,Yes,72,3,filler,none,2,correct
Yes,Yes,72,3,filler,none,2,correct
Yes,Yes,72,3,filler,none,2,correct
Yes,Yes,72,3,filler,none,2,correct
Yes,Yes,72,3,filler,none,2,correct
Yes,Yes,72,3,filler,none,2,correct
Yes,Yes,72,3,filler,none,2,correct
Yes,Yes,72,3,filler,none,2,correct
Yes,Yes,72,3,filler,none,2,correct
Yes,No,73,3,filler,none,2,incorrect
Yes,No,73,3,filler,none,2,incorrect
Yes,No,73,3,filler,none,2,incorrect
Yes,No,73,3,filler,none,2,incorrect
Yes,No,73,3,filler,none,2,incorrect
Yes,No,73,3,filler,none,2,incorrect
Yes,No,73,3,filler,none,2,incorrect
Yes,No,73,3,filler,none,2,incorrect
Yes,No,73,3,filler,none,2,incorrect
Yes,No,73,3,filler,none,2,incorrect
Yes,No,73,3,filler,none,2,incorrect
Yes,No,73,3,filler,none,2,incorrect
Yes,No,73,3,filler,none,2,incorrect
Yes,Yes,74,3,filler,none,2,correct
Yes,Yes,74,3,filler,none,2,correct
Yes,Yes,74,3,filler,none,2,correct
Yes,Yes,74,3,filler,none,2,correct
Yes,Yes,74,3,filler,none,2,correct
Yes,Yes,74,3,filler,none,2,correct
Yes,Yes,74,3,filler,none,2,correct
Yes,Yes,74,3,filler,none,2,correct
Yes,Yes,74,3,filler,none,2,correct
Yes,Yes,74,3,filler,none,2,correct
Yes,Yes,74,3,filler,none,2,correct
Yes,Yes,74,3,filler,none,2,correct
Yes,Yes,74,3,filler,none,2,correct
Yes,Yes,77,3,filler,none,2,correct
Yes,Yes,77,3,filler,none,2,correct
Yes,Yes,77,3,filler,none,2,correct
Yes,Yes,77,3,filler,none,2,correct
Yes,Yes,77,3,filler,none,2,correct
Yes,Yes,77,3,filler,none,2,correct
Yes,Yes,77,3,filler,none,2,correct
Yes,Yes,77,3,filler,none,2,correct
Yes,Yes,77,3,filler,none,2,correct
Yes,Yes,77,3,filler,none,2,correct
Yes,Yes,77,3,filler,none,2,correct
Yes,Yes,77,3,filler,none,2,correct
Yes,Yes,77,3,filler,none,2,correct
No,No,80,3,filler,none,2,correct
No,No,80,3,filler,none,2,correct
No,No,80,3,filler,none,2,correct
No,No,80,3,filler,none,2,correct
No,No,80,3,filler,none,2,correct
No,No,80,3,filler,none,2,correct
No,No,80,3,filler,none,2,correct
No,No,80,3,filler,none,2,correct
No,No,80,3,filler,none,2,correct
No,No,80,3,filler,none,2,correct
No,No,80,3,filler,none,2,correct
No,No,80,3,filler,none,2,correct
No,No,80,3,filler,none,2,correct
No,No,82,3,filler,none,2,correct
No,No,82,3,filler,none,2,correct
No,No,82,3,filler,none,2,correct
No,No,82,3,filler,none,2,correct
No,No,82,3,filler,none,2,correct
No,No,82,3,filler,none,2,correct
No,No,82,3,filler,none,2,correct
No,No,82,3,filler,none,2,correct
No,No,82,3,filler,none,2,correct
No,No,82,3,filler,none,2,correct
No,No,82,3,filler,none,2,correct
No,No,82,3,filler,none,2,correct
No,No,82,3,filler,none,2,correct
Yes,No,84,3,filler,none,2,incorrect
Yes,No,84,3,filler,none,2,incorrect
Yes,No,84,3,filler,none,2,incorrect
Yes,No,84,3,filler,none,2,incorrect
Yes,No,84,3,filler,none,2,incorrect
Yes,No,84,3,filler,none,2,incorrect
Yes,No,84,3,filler,none,2,incorrect
Yes,No,84,3,filler,none,2,incorrect
Yes,No,84,3,filler,none,2,incorrect
Yes,No,84,3,filler,none,2,incorrect
Yes,No,84,3,filler,none,2,incorrect
Yes,No,84,3,filler,none,2,incorrect
Yes,No,84,3,filler,none,2,incorrect
No,No,87,3,filler,none,2,correct
No,No,87,3,filler,none,2,correct
No,No,87,3,filler,none,2,correct
No,No,87,3,filler,none,2,correct
No,No,87,3,filler,none,2,correct
No,No,87,3,filler,none,2,correct
No,No,87,3,filler,none,2,correct
No,No,87,3,filler,none,2,correct
No,No,87,3,filler,none,2,correct
No,No,87,3,filler,none,2,correct
No,No,87,3,filler,none,2,correct
No,No,87,3,filler,none,2,correct
No,No,87,3,filler,none,2,correct
No,No,89,3,filler,none,2,correct
No,No,89,3,filler,none,2,correct
No,No,89,3,filler,none,2,correct
No,No,89,3,filler,none,2,correct
No,No,89,3,filler,none,2,correct
No,No,89,3,filler,none,2,correct
No,No,89,3,filler,none,2,correct
No,No,89,3,filler,none,2,correct
No,No,89,3,filler,none,2,correct
No,No,89,3,filler,none,2,correct
No,No,89,3,filler,none,2,correct
No,No,89,3,filler,none,2,correct
No,No,89,3,filler,none,2,correct
Yes,Yes,1,4,nomove,CP,3,correct
Yes,Yes,1,4,nomove,CP,3,correct
Yes,Yes,1,4,nomove,CP,3,correct
Yes,Yes,1,4,nomove,CP,3,correct
Yes,Yes,1,4,nomove,CP,3,correct
Yes,Yes,2,4,move,DP,3,correct
Yes,Yes,2,4,move,DP,3,correct
Yes,Yes,2,4,move,DP,3,correct
Yes,Yes,2,4,move,DP,3,correct
Yes,Yes,2,4,move,DP,3,correct
No,No,5,4,nomove,DP,3,correct
No,No,5,4,nomove,DP,3,correct
No,No,5,4,nomove,DP,3,correct
No,No,5,4,nomove,DP,3,correct
No,No,5,4,nomove,DP,3,correct
No,Yes,6,4,nomove,unacc,3,incorrect
No,Yes,6,4,nomove,unacc,3,incorrect
No,Yes,6,4,nomove,unacc,3,incorrect
No,Yes,6,4,nomove,unacc,3,incorrect
No,Yes,6,4,nomove,unacc,3,incorrect
Yes,Yes,7,4,nomove,CP,3,correct
Yes,Yes,7,4,nomove,CP,3,correct
Yes,Yes,7,4,nomove,CP,3,correct
Yes,Yes,7,4,nomove,CP,3,correct
Yes,Yes,7,4,nomove,CP,3,correct
Yes,Yes,11,4,nomove,DP,3,correct
Yes,Yes,11,4,nomove,DP,3,correct
Yes,Yes,11,4,nomove,DP,3,correct
Yes,Yes,11,4,nomove,DP,3,correct
Yes,Yes,11,4,nomove,DP,3,correct
Yes,Yes,13,4,nomove,CP,3,correct
Yes,Yes,13,4,nomove,CP,3,correct
Yes,Yes,13,4,nomove,CP,3,correct
Yes,Yes,13,4,nomove,CP,3,correct
Yes,Yes,13,4,nomove,CP,3,correct
Yes,Yes,14,4,move,DP,3,correct
Yes,Yes,14,4,move,DP,3,correct
Yes,Yes,14,4,move,DP,3,correct
Yes,Yes,14,4,move,DP,3,correct
Yes,Yes,14,4,move,DP,3,correct
Yes,Yes,17,4,move,CP,3,correct
Yes,Yes,17,4,move,CP,3,correct
Yes,Yes,17,4,move,CP,3,correct
Yes,Yes,17,4,move,CP,3,correct
Yes,Yes,17,4,move,CP,3,correct
Yes,Yes,19,4,nomove,CP,3,correct
Yes,Yes,19,4,nomove,CP,3,correct
Yes,Yes,19,4,nomove,CP,3,correct
Yes,Yes,19,4,nomove,CP,3,correct
Yes,Yes,19,4,nomove,CP,3,correct
Yes,Yes,22,4,move,CP,3,correct
Yes,Yes,22,4,move,CP,3,correct
Yes,Yes,22,4,move,CP,3,correct
Yes,Yes,22,4,move,CP,3,correct
Yes,Yes,22,4,move,CP,3,correct
No,No,25,4,nomove,CP,3,correct
No,No,25,4,nomove,CP,3,correct
No,No,25,4,nomove,CP,3,correct
No,No,25,4,nomove,CP,3,correct
No,No,25,4,nomove,CP,3,correct
No,Yes,30,4,nomove,unacc,3,incorrect
No,Yes,30,4,nomove,unacc,3,incorrect
No,Yes,30,4,nomove,unacc,3,incorrect
No,Yes,30,4,nomove,unacc,3,incorrect
No,Yes,30,4,nomove,unacc,3,incorrect
No,No,31,4,nomove,CP,3,correct
No,No,31,4,nomove,CP,3,correct
No,No,31,4,nomove,CP,3,correct
No,No,31,4,nomove,CP,3,correct
No,No,31,4,nomove,CP,3,correct
Yes,Yes,32,4,move,DP,3,correct
Yes,Yes,32,4,move,DP,3,correct
Yes,Yes,32,4,move,DP,3,correct
Yes,Yes,32,4,move,DP,3,correct
Yes,Yes,32,4,move,DP,3,correct
No,No,33,4,move,unacc,3,correct
No,No,33,4,move,unacc,3,correct
No,No,33,4,move,unacc,3,correct
No,No,33,4,move,unacc,3,correct
No,No,33,4,move,unacc,3,correct
Yes,Yes,35,4,nomove,DP,3,correct
Yes,Yes,35,4,nomove,DP,3,correct
Yes,Yes,35,4,nomove,DP,3,correct
Yes,Yes,35,4,nomove,DP,3,correct
Yes,Yes,35,4,nomove,DP,3,correct
No,No,37,4,filler,none,3,correct
No,No,37,4,filler,none,3,correct
No,No,37,4,filler,none,3,correct
No,No,37,4,filler,none,3,correct
No,No,37,4,filler,none,3,correct
No,No,37,4,filler,none,3,correct
No,No,37,4,filler,none,3,correct
No,No,37,4,filler,none,3,correct
No,No,37,4,filler,none,3,correct
No,No,37,4,filler,none,3,correct
No,No,37,4,filler,none,3,correct
No,No,38,4,filler,none,3,correct
No,No,38,4,filler,none,3,correct
No,No,38,4,filler,none,3,correct
No,No,38,4,filler,none,3,correct
No,No,38,4,filler,none,3,correct
No,No,38,4,filler,none,3,correct
No,No,38,4,filler,none,3,correct
No,No,38,4,filler,none,3,correct
No,No,38,4,filler,none,3,correct
No,No,38,4,filler,none,3,correct
No,No,38,4,filler,none,3,correct
No,No,39,4,filler,none,3,correct
No,No,39,4,filler,none,3,correct
No,No,39,4,filler,none,3,correct
No,No,39,4,filler,none,3,correct
No,No,39,4,filler,none,3,correct
No,No,39,4,filler,none,3,correct
No,No,39,4,filler,none,3,correct
No,No,39,4,filler,none,3,correct
No,No,39,4,filler,none,3,correct
No,No,39,4,filler,none,3,correct
No,No,39,4,filler,none,3,correct
Yes,Yes,43,4,filler,none,3,correct
Yes,Yes,43,4,filler,none,3,correct
Yes,Yes,43,4,filler,none,3,correct
Yes,Yes,43,4,filler,none,3,correct
Yes,Yes,43,4,filler,none,3,correct
Yes,Yes,43,4,filler,none,3,correct
Yes,Yes,43,4,filler,none,3,correct
Yes,Yes,43,4,filler,none,3,correct
Yes,Yes,43,4,filler,none,3,correct
Yes,Yes,43,4,filler,none,3,correct
Yes,Yes,43,4,filler,none,3,correct
No,No,44,4,filler,none,3,correct
No,No,44,4,filler,none,3,correct
No,No,44,4,filler,none,3,correct
No,No,44,4,filler,none,3,correct
No,No,44,4,filler,none,3,correct
No,No,44,4,filler,none,3,correct
No,No,44,4,filler,none,3,correct
No,No,44,4,filler,none,3,correct
No,No,44,4,filler,none,3,correct
No,No,44,4,filler,none,3,correct
No,No,44,4,filler,none,3,correct
No,No,46,4,filler,none,3,correct
No,No,46,4,filler,none,3,correct
No,No,46,4,filler,none,3,correct
No,No,46,4,filler,none,3,correct
No,No,46,4,filler,none,3,correct
No,No,46,4,filler,none,3,correct
No,No,46,4,filler,none,3,correct
No,No,46,4,filler,none,3,correct
No,No,46,4,filler,none,3,correct
No,No,46,4,filler,none,3,correct
No,No,46,4,filler,none,3,correct
Yes,Yes,48,4,filler,none,3,correct
Yes,Yes,48,4,filler,none,3,correct
Yes,Yes,48,4,filler,none,3,correct
Yes,Yes,48,4,filler,none,3,correct
Yes,Yes,48,4,filler,none,3,correct
Yes,Yes,48,4,filler,none,3,correct
Yes,Yes,48,4,filler,none,3,correct
Yes,Yes,48,4,filler,none,3,correct
Yes,Yes,48,4,filler,none,3,correct
Yes,Yes,48,4,filler,none,3,correct
Yes,Yes,48,4,filler,none,3,correct
No,No,50,4,filler,none,3,correct
No,No,50,4,filler,none,3,correct
No,No,50,4,filler,none,3,correct
No,No,50,4,filler,none,3,correct
No,No,50,4,filler,none,3,correct
No,No,50,4,filler,none,3,correct
No,No,50,4,filler,none,3,correct
No,No,50,4,filler,none,3,correct
No,No,50,4,filler,none,3,correct
No,No,50,4,filler,none,3,correct
No,No,50,4,filler,none,3,correct
Yes,Yes,52,4,filler,none,3,correct
Yes,Yes,52,4,filler,none,3,correct
Yes,Yes,52,4,filler,none,3,correct
Yes,Yes,52,4,filler,none,3,correct
Yes,Yes,52,4,filler,none,3,correct
Yes,Yes,52,4,filler,none,3,correct
Yes,Yes,52,4,filler,none,3,correct
Yes,Yes,52,4,filler,none,3,correct
Yes,Yes,52,4,filler,none,3,correct
Yes,Yes,52,4,filler,none,3,correct
Yes,Yes,52,4,filler,none,3,correct
No,No,53,4,filler,none,3,correct
No,No,53,4,filler,none,3,correct
No,No,53,4,filler,none,3,correct
No,No,53,4,filler,none,3,correct
No,No,53,4,filler,none,3,correct
No,No,53,4,filler,none,3,correct
No,No,53,4,filler,none,3,correct
No,No,53,4,filler,none,3,correct
No,No,53,4,filler,none,3,correct
No,No,53,4,filler,none,3,correct
No,No,53,4,filler,none,3,correct
Yes,Yes,58,4,filler,none,3,correct
Yes,Yes,58,4,filler,none,3,correct
Yes,Yes,58,4,filler,none,3,correct
Yes,Yes,58,4,filler,none,3,correct
Yes,Yes,58,4,filler,none,3,correct
Yes,Yes,58,4,filler,none,3,correct
Yes,Yes,58,4,filler,none,3,correct
Yes,Yes,58,4,filler,none,3,correct
Yes,Yes,58,4,filler,none,3,correct
Yes,Yes,58,4,filler,none,3,correct
Yes,Yes,58,4,filler,none,3,correct
Yes,Yes,58,4,filler,none,3,correct
No,No,59,4,filler,none,3,correct
No,No,59,4,filler,none,3,correct
No,No,59,4,filler,none,3,correct
No,No,59,4,filler,none,3,correct
No,No,59,4,filler,none,3,correct
No,No,59,4,filler,none,3,correct
No,No,59,4,filler,none,3,correct
No,No,59,4,filler,none,3,correct
No,No,59,4,filler,none,3,correct
No,No,59,4,filler,none,3,correct
No,No,59,4,filler,none,3,correct
No,No,59,4,filler,none,3,correct
No,No,59,4,filler,none,3,correct
No,No,62,4,filler,none,3,correct
No,No,62,4,filler,none,3,correct
No,No,62,4,filler,none,3,correct
No,No,62,4,filler,none,3,correct
No,No,62,4,filler,none,3,correct
No,No,62,4,filler,none,3,correct
No,No,62,4,filler,none,3,correct
No,No,62,4,filler,none,3,correct
No,No,62,4,filler,none,3,correct
No,No,62,4,filler,none,3,correct
No,No,62,4,filler,none,3,correct
No,No,62,4,filler,none,3,correct
No,Yes,64,4,filler,none,3,incorrect
No,Yes,64,4,filler,none,3,incorrect
No,Yes,64,4,filler,none,3,incorrect
No,Yes,64,4,filler,none,3,incorrect
No,Yes,64,4,filler,none,3,incorrect
No,Yes,64,4,filler,none,3,incorrect
No,Yes,64,4,filler,none,3,incorrect
No,Yes,64,4,filler,none,3,incorrect
No,Yes,64,4,filler,none,3,incorrect
No,Yes,64,4,filler,none,3,incorrect
No,Yes,64,4,filler,none,3,incorrect
No,Yes,64,4,filler,none,3,incorrect
No,No,66,4,filler,none,3,correct
No,No,66,4,filler,none,3,correct
No,No,66,4,filler,none,3,correct
No,No,66,4,filler,none,3,correct
No,No,66,4,filler,none,3,correct
No,No,66,4,filler,none,3,correct
No,No,66,4,filler,none,3,correct
No,No,66,4,filler,none,3,correct
No,No,66,4,filler,none,3,correct
No,No,66,4,filler,none,3,correct
No,No,66,4,filler,none,3,correct
No,No,66,4,filler,none,3,correct
No,No,68,4,filler,none,3,correct
No,No,68,4,filler,none,3,correct
No,No,68,4,filler,none,3,correct
No,No,68,4,filler,none,3,correct
No,No,68,4,filler,none,3,correct
No,No,68,4,filler,none,3,correct
No,No,68,4,filler,none,3,correct
No,No,68,4,filler,none,3,correct
No,No,68,4,filler,none,3,correct
No,No,68,4,filler,none,3,correct
No,No,68,4,filler,none,3,correct
No,No,68,4,filler,none,3,correct
No,No,69,4,filler,none,3,correct
No,No,69,4,filler,none,3,correct
No,No,69,4,filler,none,3,correct
No,No,69,4,filler,none,3,correct
No,No,69,4,filler,none,3,correct
No,No,69,4,filler,none,3,correct
No,No,69,4,filler,none,3,correct
No,No,69,4,filler,none,3,correct
No,No,69,4,filler,none,3,correct
No,No,69,4,filler,none,3,correct
No,No,69,4,filler,none,3,correct
No,No,69,4,filler,none,3,correct
Yes,Yes,72,4,filler,none,3,correct
Yes,Yes,72,4,filler,none,3,correct
Yes,Yes,72,4,filler,none,3,correct
Yes,Yes,72,4,filler,none,3,correct
Yes,Yes,72,4,filler,none,3,correct
Yes,Yes,72,4,filler,none,3,correct
Yes,Yes,72,4,filler,none,3,correct
Yes,Yes,72,4,filler,none,3,correct
Yes,Yes,72,4,filler,none,3,correct
Yes,Yes,72,4,filler,none,3,correct
Yes,Yes,72,4,filler,none,3,correct
Yes,Yes,72,4,filler,none,3,correct
Yes,No,73,4,filler,none,3,incorrect
Yes,No,73,4,filler,none,3,incorrect
Yes,No,73,4,filler,none,3,incorrect
Yes,No,73,4,filler,none,3,incorrect
Yes,No,73,4,filler,none,3,incorrect
Yes,No,73,4,filler,none,3,incorrect
Yes,No,73,4,filler,none,3,incorrect
Yes,No,73,4,filler,none,3,incorrect
Yes,No,73,4,filler,none,3,incorrect
Yes,No,73,4,filler,none,3,incorrect
Yes,No,73,4,filler,none,3,incorrect
Yes,No,73,4,filler,none,3,incorrect
Yes,No,73,4,filler,none,3,incorrect
Yes,Yes,74,4,filler,none,3,correct
Yes,Yes,74,4,filler,none,3,correct
Yes,Yes,74,4,filler,none,3,correct
Yes,Yes,74,4,filler,none,3,correct
Yes,Yes,74,4,filler,none,3,correct
Yes,Yes,74,4,filler,none,3,correct
Yes,Yes,74,4,filler,none,3,correct
Yes,Yes,74,4,filler,none,3,correct
Yes,Yes,74,4,filler,none,3,correct
Yes,Yes,74,4,filler,none,3,correct
Yes,Yes,74,4,filler,none,3,correct
Yes,Yes,74,4,filler,none,3,correct
Yes,Yes,74,4,filler,none,3,correct
Yes,Yes,75,4,filler,none,3,correct
Yes,Yes,75,4,filler,none,3,correct
Yes,Yes,75,4,filler,none,3,correct
Yes,Yes,75,4,filler,none,3,correct
Yes,Yes,75,4,filler,none,3,correct
Yes,Yes,75,4,filler,none,3,correct
Yes,Yes,75,4,filler,none,3,correct
Yes,Yes,75,4,filler,none,3,correct
Yes,Yes,75,4,filler,none,3,correct
Yes,Yes,75,4,filler,none,3,correct
Yes,Yes,75,4,filler,none,3,correct
Yes,Yes,75,4,filler,none,3,correct
Yes,Yes,75,4,filler,none,3,correct
Yes,Yes,77,4,filler,none,3,correct
Yes,Yes,77,4,filler,none,3,correct
Yes,Yes,77,4,filler,none,3,correct
Yes,Yes,77,4,filler,none,3,correct
Yes,Yes,77,4,filler,none,3,correct
Yes,Yes,77,4,filler,none,3,correct
Yes,Yes,77,4,filler,none,3,correct
Yes,Yes,77,4,filler,none,3,correct
Yes,Yes,77,4,filler,none,3,correct
Yes,Yes,77,4,filler,none,3,correct
Yes,Yes,77,4,filler,none,3,correct
Yes,Yes,77,4,filler,none,3,correct
Yes,Yes,77,4,filler,none,3,correct
No,No,78,4,filler,none,3,correct
No,No,78,4,filler,none,3,correct
No,No,78,4,filler,none,3,correct
No,No,78,4,filler,none,3,correct
No,No,78,4,filler,none,3,correct
No,No,78,4,filler,none,3,correct
No,No,78,4,filler,none,3,correct
No,No,78,4,filler,none,3,correct
No,No,78,4,filler,none,3,correct
No,No,78,4,filler,none,3,correct
No,No,78,4,filler,none,3,correct
No,No,78,4,filler,none,3,correct
No,No,78,4,filler,none,3,correct
No,No,80,4,filler,none,3,correct
No,No,80,4,filler,none,3,correct
No,No,80,4,filler,none,3,correct
No,No,80,4,filler,none,3,correct
No,No,80,4,filler,none,3,correct
No,No,80,4,filler,none,3,correct
No,No,80,4,filler,none,3,correct
No,No,80,4,filler,none,3,correct
No,No,80,4,filler,none,3,correct
No,No,80,4,filler,none,3,correct
No,No,80,4,filler,none,3,correct
No,No,80,4,filler,none,3,correct
No,No,80,4,filler,none,3,correct
No,No,82,4,filler,none,3,correct
No,No,82,4,filler,none,3,correct
No,No,82,4,filler,none,3,correct
No,No,82,4,filler,none,3,correct
No,No,82,4,filler,none,3,correct
No,No,82,4,filler,none,3,correct
No,No,82,4,filler,none,3,correct
No,No,82,4,filler,none,3,correct
No,No,82,4,filler,none,3,correct
No,No,82,4,filler,none,3,correct
No,No,82,4,filler,none,3,correct
No,No,82,4,filler,none,3,correct
No,No,82,4,filler,none,3,correct
No,No,84,4,filler,none,3,correct
No,No,84,4,filler,none,3,correct
No,No,84,4,filler,none,3,correct
No,No,84,4,filler,none,3,correct
No,No,84,4,filler,none,3,correct
No,No,84,4,filler,none,3,correct
No,No,84,4,filler,none,3,correct
No,No,84,4,filler,none,3,correct
No,No,84,4,filler,none,3,correct
No,No,84,4,filler,none,3,correct
No,No,84,4,filler,none,3,correct
No,No,84,4,filler,none,3,correct
No,No,84,4,filler,none,3,correct
No,No,87,4,filler,none,3,correct
No,No,87,4,filler,none,3,correct
No,No,87,4,filler,none,3,correct
No,No,87,4,filler,none,3,correct
No,No,87,4,filler,none,3,correct
No,No,87,4,filler,none,3,correct
No,No,87,4,filler,none,3,correct
No,No,87,4,filler,none,3,correct
No,No,87,4,filler,none,3,correct
No,No,87,4,filler,none,3,correct
No,No,87,4,filler,none,3,correct
No,No,87,4,filler,none,3,correct
No,No,87,4,filler,none,3,correct
No,No,89,4,filler,none,3,correct
No,No,89,4,filler,none,3,correct
No,No,89,4,filler,none,3,correct
No,No,89,4,filler,none,3,correct
No,No,89,4,filler,none,3,correct
No,No,89,4,filler,none,3,correct
No,No,89,4,filler,none,3,correct
No,No,89,4,filler,none,3,correct
No,No,89,4,filler,none,3,correct
No,No,89,4,filler,none,3,correct
No,No,89,4,filler,none,3,correct
No,No,89,4,filler,none,3,correct
No,No,89,4,filler,none,3,correct
Yes,Yes,1,5,nomove,unacc,4,correct
Yes,Yes,1,5,nomove,unacc,4,correct
Yes,Yes,1,5,nomove,unacc,4,correct
Yes,Yes,1,5,nomove,unacc,4,correct
Yes,Yes,1,5,nomove,unacc,4,correct
Yes,Yes,2,5,nomove,CP,4,correct
Yes,Yes,2,5,nomove,CP,4,correct
Yes,Yes,2,5,nomove,CP,4,correct
Yes,Yes,2,5,nomove,CP,4,correct
Yes,Yes,2,5,nomove,CP,4,correct
No,No,5,5,move,CP,4,correct
No,No,5,5,move,CP,4,correct
No,No,5,5,move,CP,4,correct
No,No,5,5,move,CP,4,correct
No,No,5,5,move,CP,4,correct
Yes,Yes,6,5,nomove,DP,4,correct
Yes,Yes,6,5,nomove,DP,4,correct
Yes,Yes,6,5,nomove,DP,4,correct
Yes,Yes,6,5,nomove,DP,4,correct
Yes,Yes,6,5,nomove,DP,4,correct
Yes,Yes,7,5,nomove,unacc,4,correct
Yes,Yes,7,5,nomove,unacc,4,correct
Yes,Yes,7,5,nomove,unacc,4,correct
Yes,Yes,7,5,nomove,unacc,4,correct
Yes,Yes,7,5,nomove,unacc,4,correct
Yes,Yes,11,5,move,CP,4,correct
Yes,Yes,11,5,move,CP,4,correct
Yes,Yes,11,5,move,CP,4,correct
Yes,Yes,11,5,move,CP,4,correct
Yes,Yes,11,5,move,CP,4,correct
Yes,Yes,13,5,nomove,unacc,4,correct
Yes,Yes,13,5,nomove,unacc,4,correct
Yes,Yes,13,5,nomove,unacc,4,correct
Yes,Yes,13,5,nomove,unacc,4,correct
Yes,Yes,13,5,nomove,unacc,4,correct
Yes,Yes,14,5,nomove,CP,4,correct
Yes,Yes,14,5,nomove,CP,4,correct
Yes,Yes,14,5,nomove,CP,4,correct
Yes,Yes,14,5,nomove,CP,4,correct
Yes,Yes,14,5,nomove,CP,4,correct
No,Yes,17,5,move,unacc,4,incorrect
No,Yes,17,5,move,unacc,4,incorrect
No,Yes,17,5,move,unacc,4,incorrect
No,Yes,17,5,move,unacc,4,incorrect
No,Yes,17,5,move,unacc,4,incorrect
Yes,Yes,19,5,nomove,unacc,4,correct
Yes,Yes,19,5,nomove,unacc,4,correct
Yes,Yes,19,5,nomove,unacc,4,correct
Yes,Yes,19,5,nomove,unacc,4,correct
Yes,Yes,19,5,nomove,unacc,4,correct
Yes,Yes,21,5,move,DP,4,correct
Yes,Yes,21,5,move,DP,4,correct
Yes,Yes,21,5,move,DP,4,correct
Yes,Yes,21,5,move,DP,4,correct
Yes,Yes,21,5,move,DP,4,correct
Yes,Yes,22,5,move,unacc,4,correct
Yes,Yes,22,5,move,unacc,4,correct
Yes,Yes,22,5,move,unacc,4,correct
Yes,Yes,22,5,move,unacc,4,correct
Yes,Yes,22,5,move,unacc,4,correct
No,No,25,5,nomove,unacc,4,correct
No,No,25,5,nomove,unacc,4,correct
No,No,25,5,nomove,unacc,4,correct
No,No,25,5,nomove,unacc,4,correct
No,No,25,5,nomove,unacc,4,correct
Yes,Yes,30,5,nomove,DP,4,correct
Yes,Yes,30,5,nomove,DP,4,correct
Yes,Yes,30,5,nomove,DP,4,correct
Yes,Yes,30,5,nomove,DP,4,correct
Yes,Yes,30,5,nomove,DP,4,correct
No,No,31,5,nomove,unacc,4,correct
No,No,31,5,nomove,unacc,4,correct
No,No,31,5,nomove,unacc,4,correct
No,No,31,5,nomove,unacc,4,correct
No,No,31,5,nomove,unacc,4,correct
Yes,Yes,32,5,nomove,CP,4,correct
Yes,Yes,32,5,nomove,CP,4,correct
Yes,Yes,32,5,nomove,CP,4,correct
Yes,Yes,32,5,nomove,CP,4,correct
Yes,Yes,32,5,nomove,CP,4,correct
No,No,33,5,move,DP,4,correct
No,No,33,5,move,DP,4,correct
No,No,33,5,move,DP,4,correct
No,No,33,5,move,DP,4,correct
No,No,33,5,move,DP,4,correct
Yes,Yes,35,5,move,CP,4,correct
Yes,Yes,35,5,move,CP,4,correct
Yes,Yes,35,5,move,CP,4,correct
Yes,Yes,35,5,move,CP,4,correct
Yes,Yes,35,5,move,CP,4,correct
No,No,37,5,filler,none,4,correct
No,No,37,5,filler,none,4,correct
No,No,37,5,filler,none,4,correct
No,No,37,5,filler,none,4,correct
No,No,37,5,filler,none,4,correct
No,No,37,5,filler,none,4,correct
No,No,37,5,filler,none,4,correct
No,No,37,5,filler,none,4,correct
No,No,37,5,filler,none,4,correct
No,No,37,5,filler,none,4,correct
No,No,37,5,filler,none,4,correct
No,No,38,5,filler,none,4,correct
No,No,38,5,filler,none,4,correct
No,No,38,5,filler,none,4,correct
No,No,38,5,filler,none,4,correct
No,No,38,5,filler,none,4,correct
No,No,38,5,filler,none,4,correct
No,No,38,5,filler,none,4,correct
No,No,38,5,filler,none,4,correct
No,No,38,5,filler,none,4,correct
No,No,38,5,filler,none,4,correct
No,No,38,5,filler,none,4,correct
No,No,39,5,filler,none,4,correct
No,No,39,5,filler,none,4,correct
No,No,39,5,filler,none,4,correct
No,No,39,5,filler,none,4,correct
No,No,39,5,filler,none,4,correct
No,No,39,5,filler,none,4,correct
No,No,39,5,filler,none,4,correct
No,No,39,5,filler,none,4,correct
No,No,39,5,filler,none,4,correct
No,No,39,5,filler,none,4,correct
No,No,39,5,filler,none,4,correct
Yes,Yes,43,5,filler,none,4,correct
Yes,Yes,43,5,filler,none,4,correct
Yes,Yes,43,5,filler,none,4,correct
Yes,Yes,43,5,filler,none,4,correct
Yes,Yes,43,5,filler,none,4,correct
Yes,Yes,43,5,filler,none,4,correct
Yes,Yes,43,5,filler,none,4,correct
Yes,Yes,43,5,filler,none,4,correct
Yes,Yes,43,5,filler,none,4,correct
Yes,Yes,43,5,filler,none,4,correct
Yes,Yes,43,5,filler,none,4,correct
No,No,44,5,filler,none,4,correct
No,No,44,5,filler,none,4,correct
No,No,44,5,filler,none,4,correct
No,No,44,5,filler,none,4,correct
No,No,44,5,filler,none,4,correct
No,No,44,5,filler,none,4,correct
No,No,44,5,filler,none,4,correct
No,No,44,5,filler,none,4,correct
No,No,44,5,filler,none,4,correct
No,No,44,5,filler,none,4,correct
No,No,44,5,filler,none,4,correct
No,No,46,5,filler,none,4,correct
No,No,46,5,filler,none,4,correct
No,No,46,5,filler,none,4,correct
No,No,46,5,filler,none,4,correct
No,No,46,5,filler,none,4,correct
No,No,46,5,filler,none,4,correct
No,No,46,5,filler,none,4,correct
No,No,46,5,filler,none,4,correct
No,No,46,5,filler,none,4,correct
No,No,46,5,filler,none,4,correct
No,No,46,5,filler,none,4,correct
Yes,Yes,48,5,filler,none,4,correct
Yes,Yes,48,5,filler,none,4,correct
Yes,Yes,48,5,filler,none,4,correct
Yes,Yes,48,5,filler,none,4,correct
Yes,Yes,48,5,filler,none,4,correct
Yes,Yes,48,5,filler,none,4,correct
Yes,Yes,48,5,filler,none,4,correct
Yes,Yes,48,5,filler,none,4,correct
Yes,Yes,48,5,filler,none,4,correct
Yes,Yes,48,5,filler,none,4,correct
Yes,Yes,48,5,filler,none,4,correct
No,No,50,5,filler,none,4,correct
No,No,50,5,filler,none,4,correct
No,No,50,5,filler,none,4,correct
No,No,50,5,filler,none,4,correct
No,No,50,5,filler,none,4,correct
No,No,50,5,filler,none,4,correct
No,No,50,5,filler,none,4,correct
No,No,50,5,filler,none,4,correct
No,No,50,5,filler,none,4,correct
No,No,50,5,filler,none,4,correct
No,No,50,5,filler,none,4,correct
Yes,Yes,52,5,filler,none,4,correct
Yes,Yes,52,5,filler,none,4,correct
Yes,Yes,52,5,filler,none,4,correct
Yes,Yes,52,5,filler,none,4,correct
Yes,Yes,52,5,filler,none,4,correct
Yes,Yes,52,5,filler,none,4,correct
Yes,Yes,52,5,filler,none,4,correct
Yes,Yes,52,5,filler,none,4,correct
Yes,Yes,52,5,filler,none,4,correct
Yes,Yes,52,5,filler,none,4,correct
Yes,Yes,52,5,filler,none,4,correct
No,No,53,5,filler,none,4,correct
No,No,53,5,filler,none,4,correct
No,No,53,5,filler,none,4,correct
No,No,53,5,filler,none,4,correct
No,No,53,5,filler,none,4,correct
No,No,53,5,filler,none,4,correct
No,No,53,5,filler,none,4,correct
No,No,53,5,filler,none,4,correct
No,No,53,5,filler,none,4,correct
No,No,53,5,filler,none,4,correct
No,No,53,5,filler,none,4,correct
Yes,Yes,58,5,filler,none,4,correct
Yes,Yes,58,5,filler,none,4,correct
Yes,Yes,58,5,filler,none,4,correct
Yes,Yes,58,5,filler,none,4,correct
Yes,Yes,58,5,filler,none,4,correct
Yes,Yes,58,5,filler,none,4,correct
Yes,Yes,58,5,filler,none,4,correct
Yes,Yes,58,5,filler,none,4,correct
Yes,Yes,58,5,filler,none,4,correct
Yes,Yes,58,5,filler,none,4,correct
Yes,Yes,58,5,filler,none,4,correct
Yes,Yes,58,5,filler,none,4,correct
No,No,59,5,filler,none,4,correct
No,No,59,5,filler,none,4,correct
No,No,59,5,filler,none,4,correct
No,No,59,5,filler,none,4,correct
No,No,59,5,filler,none,4,correct
No,No,59,5,filler,none,4,correct
No,No,59,5,filler,none,4,correct
No,No,59,5,filler,none,4,correct
No,No,59,5,filler,none,4,correct
No,No,59,5,filler,none,4,correct
No,No,59,5,filler,none,4,correct
No,No,59,5,filler,none,4,correct
No,No,59,5,filler,none,4,correct
No,No,62,5,filler,none,4,correct
No,No,62,5,filler,none,4,correct
No,No,62,5,filler,none,4,correct
No,No,62,5,filler,none,4,correct
No,No,62,5,filler,none,4,correct
No,No,62,5,filler,none,4,correct
No,No,62,5,filler,none,4,correct
No,No,62,5,filler,none,4,correct
No,No,62,5,filler,none,4,correct
No,No,62,5,filler,none,4,correct
No,No,62,5,filler,none,4,correct
No,No,62,5,filler,none,4,correct
Yes,Yes,64,5,filler,none,4,correct
Yes,Yes,64,5,filler,none,4,correct
Yes,Yes,64,5,filler,none,4,correct
Yes,Yes,64,5,filler,none,4,correct
Yes,Yes,64,5,filler,none,4,correct
Yes,Yes,64,5,filler,none,4,correct
Yes,Yes,64,5,filler,none,4,correct
Yes,Yes,64,5,filler,none,4,correct
Yes,Yes,64,5,filler,none,4,correct
Yes,Yes,64,5,filler,none,4,correct
Yes,Yes,64,5,filler,none,4,correct
Yes,Yes,64,5,filler,none,4,correct
No,No,66,5,filler,none,4,correct
No,No,66,5,filler,none,4,correct
No,No,66,5,filler,none,4,correct
No,No,66,5,filler,none,4,correct
No,No,66,5,filler,none,4,correct
No,No,66,5,filler,none,4,correct
No,No,66,5,filler,none,4,correct
No,No,66,5,filler,none,4,correct
No,No,66,5,filler,none,4,correct
No,No,66,5,filler,none,4,correct
No,No,66,5,filler,none,4,correct
No,No,66,5,filler,none,4,correct
No,No,68,5,filler,none,4,correct
No,No,68,5,filler,none,4,correct
No,No,68,5,filler,none,4,correct
No,No,68,5,filler,none,4,correct
No,No,68,5,filler,none,4,correct
No,No,68,5,filler,none,4,correct
No,No,68,5,filler,none,4,correct
No,No,68,5,filler,none,4,correct
No,No,68,5,filler,none,4,correct
No,No,68,5,filler,none,4,correct
No,No,68,5,filler,none,4,correct
No,No,68,5,filler,none,4,correct
No,No,69,5,filler,none,4,correct
No,No,69,5,filler,none,4,correct
No,No,69,5,filler,none,4,correct
No,No,69,5,filler,none,4,correct
No,No,69,5,filler,none,4,correct
No,No,69,5,filler,none,4,correct
No,No,69,5,filler,none,4,correct
No,No,69,5,filler,none,4,correct
No,No,69,5,filler,none,4,correct
No,No,69,5,filler,none,4,correct
No,No,69,5,filler,none,4,correct
No,No,69,5,filler,none,4,correct
Yes,Yes,72,5,filler,none,4,correct
Yes,Yes,72,5,filler,none,4,correct
Yes,Yes,72,5,filler,none,4,correct
Yes,Yes,72,5,filler,none,4,correct
Yes,Yes,72,5,filler,none,4,correct
Yes,Yes,72,5,filler,none,4,correct
Yes,Yes,72,5,filler,none,4,correct
Yes,Yes,72,5,filler,none,4,correct
Yes,Yes,72,5,filler,none,4,correct
Yes,Yes,72,5,filler,none,4,correct
Yes,Yes,72,5,filler,none,4,correct
Yes,Yes,72,5,filler,none,4,correct
Yes,No,73,5,filler,none,4,incorrect
Yes,No,73,5,filler,none,4,incorrect
Yes,No,73,5,filler,none,4,incorrect
Yes,No,73,5,filler,none,4,incorrect
Yes,No,73,5,filler,none,4,incorrect
Yes,No,73,5,filler,none,4,incorrect
Yes,No,73,5,filler,none,4,incorrect
Yes,No,73,5,filler,none,4,incorrect
Yes,No,73,5,filler,none,4,incorrect
Yes,No,73,5,filler,none,4,incorrect
Yes,No,73,5,filler,none,4,incorrect
Yes,No,73,5,filler,none,4,incorrect
Yes,No,73,5,filler,none,4,incorrect
Yes,Yes,74,5,filler,none,4,correct
Yes,Yes,74,5,filler,none,4,correct
Yes,Yes,74,5,filler,none,4,correct
Yes,Yes,74,5,filler,none,4,correct
Yes,Yes,74,5,filler,none,4,correct
Yes,Yes,74,5,filler,none,4,correct
Yes,Yes,74,5,filler,none,4,correct
Yes,Yes,74,5,filler,none,4,correct
Yes,Yes,74,5,filler,none,4,correct
Yes,Yes,74,5,filler,none,4,correct
Yes,Yes,74,5,filler,none,4,correct
Yes,Yes,74,5,filler,none,4,correct
Yes,Yes,74,5,filler,none,4,correct
Yes,Yes,75,5,filler,none,4,correct
Yes,Yes,75,5,filler,none,4,correct
Yes,Yes,75,5,filler,none,4,correct
Yes,Yes,75,5,filler,none,4,correct
Yes,Yes,75,5,filler,none,4,correct
Yes,Yes,75,5,filler,none,4,correct
Yes,Yes,75,5,filler,none,4,correct
Yes,Yes,75,5,filler,none,4,correct
Yes,Yes,75,5,filler,none,4,correct
Yes,Yes,75,5,filler,none,4,correct
Yes,Yes,75,5,filler,none,4,correct
Yes,Yes,75,5,filler,none,4,correct
Yes,Yes,75,5,filler,none,4,correct
Yes,Yes,77,5,filler,none,4,correct
Yes,Yes,77,5,filler,none,4,correct
Yes,Yes,77,5,filler,none,4,correct
Yes,Yes,77,5,filler,none,4,correct
Yes,Yes,77,5,filler,none,4,correct
Yes,Yes,77,5,filler,none,4,correct
Yes,Yes,77,5,filler,none,4,correct
Yes,Yes,77,5,filler,none,4,correct
Yes,Yes,77,5,filler,none,4,correct
Yes,Yes,77,5,filler,none,4,correct
Yes,Yes,77,5,filler,none,4,correct
Yes,Yes,77,5,filler,none,4,correct
Yes,Yes,77,5,filler,none,4,correct
No,No,78,5,filler,none,4,correct
No,No,78,5,filler,none,4,correct
No,No,78,5,filler,none,4,correct
No,No,78,5,filler,none,4,correct
No,No,78,5,filler,none,4,correct
No,No,78,5,filler,none,4,correct
No,No,78,5,filler,none,4,correct
No,No,78,5,filler,none,4,correct
No,No,78,5,filler,none,4,correct
No,No,78,5,filler,none,4,correct
No,No,78,5,filler,none,4,correct
No,No,78,5,filler,none,4,correct
No,No,78,5,filler,none,4,correct
No,No,80,5,filler,none,4,correct
No,No,80,5,filler,none,4,correct
No,No,80,5,filler,none,4,correct
No,No,80,5,filler,none,4,correct
No,No,80,5,filler,none,4,correct
No,No,80,5,filler,none,4,correct
No,No,80,5,filler,none,4,correct
No,No,80,5,filler,none,4,correct
No,No,80,5,filler,none,4,correct
No,No,80,5,filler,none,4,correct
No,No,80,5,filler,none,4,correct
No,No,80,5,filler,none,4,correct
No,No,80,5,filler,none,4,correct
No,No,82,5,filler,none,4,correct
No,No,82,5,filler,none,4,correct
No,No,82,5,filler,none,4,correct
No,No,82,5,filler,none,4,correct
No,No,82,5,filler,none,4,correct
No,No,82,5,filler,none,4,correct
No,No,82,5,filler,none,4,correct
No,No,82,5,filler,none,4,correct
No,No,82,5,filler,none,4,correct
No,No,82,5,filler,none,4,correct
No,No,82,5,filler,none,4,correct
No,No,82,5,filler,none,4,correct
No,No,82,5,filler,none,4,correct
No,No,84,5,filler,none,4,correct
No,No,84,5,filler,none,4,correct
No,No,84,5,filler,none,4,correct
No,No,84,5,filler,none,4,correct
No,No,84,5,filler,none,4,correct
No,No,84,5,filler,none,4,correct
No,No,84,5,filler,none,4,correct
No,No,84,5,filler,none,4,correct
No,No,84,5,filler,none,4,correct
No,No,84,5,filler,none,4,correct
No,No,84,5,filler,none,4,correct
No,No,84,5,filler,none,4,correct
No,No,84,5,filler,none,4,correct
No,No,87,5,filler,none,4,correct
No,No,87,5,filler,none,4,correct
No,No,87,5,filler,none,4,correct
No,No,87,5,filler,none,4,correct
No,No,87,5,filler,none,4,correct
No,No,87,5,filler,none,4,correct
No,No,87,5,filler,none,4,correct
No,No,87,5,filler,none,4,correct
No,No,87,5,filler,none,4,correct
No,No,87,5,filler,none,4,correct
No,No,87,5,filler,none,4,correct
No,No,87,5,filler,none,4,correct
No,No,87,5,filler,none,4,correct
No,No,89,5,filler,none,4,correct
No,No,89,5,filler,none,4,correct
No,No,89,5,filler,none,4,correct
No,No,89,5,filler,none,4,correct
No,No,89,5,filler,none,4,correct
No,No,89,5,filler,none,4,correct
No,No,89,5,filler,none,4,correct
No,No,89,5,filler,none,4,correct
No,No,89,5,filler,none,4,correct
No,No,89,5,filler,none,4,correct
No,No,89,5,filler,none,4,correct
No,No,89,5,filler,none,4,correct
No,No,89,5,filler,none,4,correct
Yes,Yes,1,6,nomove,DP,5,correct
Yes,Yes,1,6,nomove,DP,5,correct
Yes,Yes,1,6,nomove,DP,5,correct
Yes,Yes,1,6,nomove,DP,5,correct
Yes,Yes,1,6,nomove,DP,5,correct
Yes,Yes,2,6,nomove,unacc,5,correct
Yes,Yes,2,6,nomove,unacc,5,correct
Yes,Yes,2,6,nomove,unacc,5,correct
Yes,Yes,2,6,nomove,unacc,5,correct
Yes,Yes,2,6,nomove,unacc,5,correct
No,No,5,6,move,unacc,5,correct
No,No,5,6,move,unacc,5,correct
No,No,5,6,move,unacc,5,correct
No,No,5,6,move,unacc,5,correct
No,No,5,6,move,unacc,5,correct
No,Yes,6,6,move,CP,5,incorrect
No,Yes,6,6,move,CP,5,incorrect
No,Yes,6,6,move,CP,5,incorrect
No,Yes,6,6,move,CP,5,incorrect
No,Yes,6,6,move,CP,5,incorrect
Yes,Yes,7,6,nomove,DP,5,correct
Yes,Yes,7,6,nomove,DP,5,correct
Yes,Yes,7,6,nomove,DP,5,correct
Yes,Yes,7,6,nomove,DP,5,correct
Yes,Yes,7,6,nomove,DP,5,correct
Yes,Yes,11,6,move,unacc,5,correct
Yes,Yes,11,6,move,unacc,5,correct
Yes,Yes,11,6,move,unacc,5,correct
Yes,Yes,11,6,move,unacc,5,correct
Yes,Yes,11,6,move,unacc,5,correct
Yes,Yes,13,6,nomove,DP,5,correct
Yes,Yes,13,6,nomove,DP,5,correct
Yes,Yes,13,6,nomove,DP,5,correct
Yes,Yes,13,6,nomove,DP,5,correct
Yes,Yes,13,6,nomove,DP,5,correct
Yes,Yes,14,6,nomove,unacc,5,correct
Yes,Yes,14,6,nomove,unacc,5,correct
Yes,Yes,14,6,nomove,unacc,5,correct
Yes,Yes,14,6,nomove,unacc,5,correct
Yes,Yes,14,6,nomove,unacc,5,correct
Yes,Yes,17,6,move,DP,5,correct
Yes,Yes,17,6,move,DP,5,correct
Yes,Yes,17,6,move,DP,5,correct
Yes,Yes,17,6,move,DP,5,correct
Yes,Yes,17,6,move,DP,5,correct
Yes,Yes,19,6,nomove,DP,5,correct
Yes,Yes,19,6,nomove,DP,5,correct
Yes,Yes,19,6,nomove,DP,5,correct
Yes,Yes,19,6,nomove,DP,5,correct
Yes,Yes,19,6,nomove,DP,5,correct
Yes,Yes,21,6,nomove,CP,5,correct
Yes,Yes,21,6,nomove,CP,5,correct
Yes,Yes,21,6,nomove,CP,5,correct
Yes,Yes,21,6,nomove,CP,5,correct
Yes,Yes,21,6,nomove,CP,5,correct
Yes,Yes,22,6,move,DP,5,correct
Yes,Yes,22,6,move,DP,5,correct
Yes,Yes,22,6,move,DP,5,correct
Yes,Yes,22,6,move,DP,5,correct
Yes,Yes,22,6,move,DP,5,correct
No,No,25,6,nomove,DP,5,correct
No,No,25,6,nomove,DP,5,correct
No,No,25,6,nomove,DP,5,correct
No,No,25,6,nomove,DP,5,correct
No,No,25,6,nomove,DP,5,correct
Yes,Yes,30,6,move,CP,5,correct
Yes,Yes,30,6,move,CP,5,correct
Yes,Yes,30,6,move,CP,5,correct
Yes,Yes,30,6,move,CP,5,correct
Yes,Yes,30,6,move,CP,5,correct
No,No,31,6,nomove,DP,5,correct
No,No,31,6,nomove,DP,5,correct
No,No,31,6,nomove,DP,5,correct
No,No,31,6,nomove,DP,5,correct
No,No,31,6,nomove,DP,5,correct
Yes,Yes,32,6,nomove,unacc,5,correct
Yes,Yes,32,6,nomove,unacc,5,correct
Yes,Yes,32,6,nomove,unacc,5,correct
Yes,Yes,32,6,nomove,unacc,5,correct
Yes,Yes,32,6,nomove,unacc,5,correct
Yes,No,33,6,nomove,CP,5,incorrect
Yes,No,33,6,nomove,CP,5,incorrect
Yes,No,33,6,nomove,CP,5,incorrect
Yes,No,33,6,nomove,CP,5,incorrect
Yes,No,33,6,nomove,CP,5,incorrect
Yes,Yes,35,6,move,unacc,5,correct
Yes,Yes,35,6,move,unacc,5,correct
Yes,Yes,35,6,move,unacc,5,correct
Yes,Yes,35,6,move,unacc,5,correct
Yes,Yes,35,6,move,unacc,5,correct
No,No,37,6,filler,none,5,correct
No,No,37,6,filler,none,5,correct
No,No,37,6,filler,none,5,correct
No,No,37,6,filler,none,5,correct
No,No,37,6,filler,none,5,correct
No,No,37,6,filler,none,5,correct
No,No,37,6,filler,none,5,correct
No,No,37,6,filler,none,5,correct
No,No,37,6,filler,none,5,correct
No,No,37,6,filler,none,5,correct
No,No,37,6,filler,none,5,correct
No,No,38,6,filler,none,5,correct
No,No,38,6,filler,none,5,correct
No,No,38,6,filler,none,5,correct
No,No,38,6,filler,none,5,correct
No,No,38,6,filler,none,5,correct
No,No,38,6,filler,none,5,correct
No,No,38,6,filler,none,5,correct
No,No,38,6,filler,none,5,correct
No,No,38,6,filler,none,5,correct
No,No,38,6,filler,none,5,correct
No,No,38,6,filler,none,5,correct
No,No,39,6,filler,none,5,correct
No,No,39,6,filler,none,5,correct
No,No,39,6,filler,none,5,correct
No,No,39,6,filler,none,5,correct
No,No,39,6,filler,none,5,correct
No,No,39,6,filler,none,5,correct
No,No,39,6,filler,none,5,correct
No,No,39,6,filler,none,5,correct
No,No,39,6,filler,none,5,correct
No,No,39,6,filler,none,5,correct
No,No,39,6,filler,none,5,correct
Yes,Yes,43,6,filler,none,5,correct
Yes,Yes,43,6,filler,none,5,correct
Yes,Yes,43,6,filler,none,5,correct
Yes,Yes,43,6,filler,none,5,correct
Yes,Yes,43,6,filler,none,5,correct
Yes,Yes,43,6,filler,none,5,correct
Yes,Yes,43,6,filler,none,5,correct
Yes,Yes,43,6,filler,none,5,correct
Yes,Yes,43,6,filler,none,5,correct
Yes,Yes,43,6,filler,none,5,correct
Yes,Yes,43,6,filler,none,5,correct
No,No,44,6,filler,none,5,correct
No,No,44,6,filler,none,5,correct
No,No,44,6,filler,none,5,correct
No,No,44,6,filler,none,5,correct
No,No,44,6,filler,none,5,correct
No,No,44,6,filler,none,5,correct
No,No,44,6,filler,none,5,correct
No,No,44,6,filler,none,5,correct
No,No,44,6,filler,none,5,correct
No,No,44,6,filler,none,5,correct
No,No,44,6,filler,none,5,correct
No,No,46,6,filler,none,5,correct
No,No,46,6,filler,none,5,correct
No,No,46,6,filler,none,5,correct
No,No,46,6,filler,none,5,correct
No,No,46,6,filler,none,5,correct
No,No,46,6,filler,none,5,correct
No,No,46,6,filler,none,5,correct
No,No,46,6,filler,none,5,correct
No,No,46,6,filler,none,5,correct
No,No,46,6,filler,none,5,correct
No,No,46,6,filler,none,5,correct
Yes,Yes,48,6,filler,none,5,correct
Yes,Yes,48,6,filler,none,5,correct
Yes,Yes,48,6,filler,none,5,correct
Yes,Yes,48,6,filler,none,5,correct
Yes,Yes,48,6,filler,none,5,correct
Yes,Yes,48,6,filler,none,5,correct
Yes,Yes,48,6,filler,none,5,correct
Yes,Yes,48,6,filler,none,5,correct
Yes,Yes,48,6,filler,none,5,correct
Yes,Yes,48,6,filler,none,5,correct
Yes,Yes,48,6,filler,none,5,correct
Yes,No,50,6,filler,none,5,incorrect
Yes,No,50,6,filler,none,5,incorrect
Yes,No,50,6,filler,none,5,incorrect
Yes,No,50,6,filler,none,5,incorrect
Yes,No,50,6,filler,none,5,incorrect
Yes,No,50,6,filler,none,5,incorrect
Yes,No,50,6,filler,none,5,incorrect
Yes,No,50,6,filler,none,5,incorrect
Yes,No,50,6,filler,none,5,incorrect
Yes,No,50,6,filler,none,5,incorrect
Yes,No,50,6,filler,none,5,incorrect
Yes,Yes,52,6,filler,none,5,correct
Yes,Yes,52,6,filler,none,5,correct
Yes,Yes,52,6,filler,none,5,correct
Yes,Yes,52,6,filler,none,5,correct
Yes,Yes,52,6,filler,none,5,correct
Yes,Yes,52,6,filler,none,5,correct
Yes,Yes,52,6,filler,none,5,correct
Yes,Yes,52,6,filler,none,5,correct
Yes,Yes,52,6,filler,none,5,correct
Yes,Yes,52,6,filler,none,5,correct
Yes,Yes,52,6,filler,none,5,correct
No,No,53,6,filler,none,5,correct
No,No,53,6,filler,none,5,correct
No,No,53,6,filler,none,5,correct
No,No,53,6,filler,none,5,correct
No,No,53,6,filler,none,5,correct
No,No,53,6,filler,none,5,correct
No,No,53,6,filler,none,5,correct
No,No,53,6,filler,none,5,correct
No,No,53,6,filler,none,5,correct
No,No,53,6,filler,none,5,correct
No,No,53,6,filler,none,5,correct
Yes,Yes,58,6,filler,none,5,correct
Yes,Yes,58,6,filler,none,5,correct
Yes,Yes,58,6,filler,none,5,correct
Yes,Yes,58,6,filler,none,5,correct
Yes,Yes,58,6,filler,none,5,correct
Yes,Yes,58,6,filler,none,5,correct
Yes,Yes,58,6,filler,none,5,correct
Yes,Yes,58,6,filler,none,5,correct
Yes,Yes,58,6,filler,none,5,correct
Yes,Yes,58,6,filler,none,5,correct
Yes,Yes,58,6,filler,none,5,correct
Yes,Yes,58,6,filler,none,5,correct
No,No,59,6,filler,none,5,correct
No,No,59,6,filler,none,5,correct
No,No,59,6,filler,none,5,correct
No,No,59,6,filler,none,5,correct
No,No,59,6,filler,none,5,correct
No,No,59,6,filler,none,5,correct
No,No,59,6,filler,none,5,correct
No,No,59,6,filler,none,5,correct
No,No,59,6,filler,none,5,correct
No,No,59,6,filler,none,5,correct
No,No,59,6,filler,none,5,correct
No,No,59,6,filler,none,5,correct
No,No,59,6,filler,none,5,correct
No,No,62,6,filler,none,5,correct
No,No,62,6,filler,none,5,correct
No,No,62,6,filler,none,5,correct
No,No,62,6,filler,none,5,correct
No,No,62,6,filler,none,5,correct
No,No,62,6,filler,none,5,correct
No,No,62,6,filler,none,5,correct
No,No,62,6,filler,none,5,correct
No,No,62,6,filler,none,5,correct
No,No,62,6,filler,none,5,correct
No,No,62,6,filler,none,5,correct
No,No,62,6,filler,none,5,correct
Yes,Yes,64,6,filler,none,5,correct
Yes,Yes,64,6,filler,none,5,correct
Yes,Yes,64,6,filler,none,5,correct
Yes,Yes,64,6,filler,none,5,correct
Yes,Yes,64,6,filler,none,5,correct
Yes,Yes,64,6,filler,none,5,correct
Yes,Yes,64,6,filler,none,5,correct
Yes,Yes,64,6,filler,none,5,correct
Yes,Yes,64,6,filler,none,5,correct
Yes,Yes,64,6,filler,none,5,correct
Yes,Yes,64,6,filler,none,5,correct
Yes,Yes,64,6,filler,none,5,correct
No,No,66,6,filler,none,5,correct
No,No,66,6,filler,none,5,correct
No,No,66,6,filler,none,5,correct
No,No,66,6,filler,none,5,correct
No,No,66,6,filler,none,5,correct
No,No,66,6,filler,none,5,correct
No,No,66,6,filler,none,5,correct
No,No,66,6,filler,none,5,correct
No,No,66,6,filler,none,5,correct
No,No,66,6,filler,none,5,correct
No,No,66,6,filler,none,5,correct
No,No,66,6,filler,none,5,correct
No,No,68,6,filler,none,5,correct
No,No,68,6,filler,none,5,correct
No,No,68,6,filler,none,5,correct
No,No,68,6,filler,none,5,correct
No,No,68,6,filler,none,5,correct
No,No,68,6,filler,none,5,correct
No,No,68,6,filler,none,5,correct
No,No,68,6,filler,none,5,correct
No,No,68,6,filler,none,5,correct
No,No,68,6,filler,none,5,correct
No,No,68,6,filler,none,5,correct
No,No,68,6,filler,none,5,correct
No,No,69,6,filler,none,5,correct
No,No,69,6,filler,none,5,correct
No,No,69,6,filler,none,5,correct
No,No,69,6,filler,none,5,correct
No,No,69,6,filler,none,5,correct
No,No,69,6,filler,none,5,correct
No,No,69,6,filler,none,5,correct
No,No,69,6,filler,none,5,correct
No,No,69,6,filler,none,5,correct
No,No,69,6,filler,none,5,correct
No,No,69,6,filler,none,5,correct
No,No,69,6,filler,none,5,correct
Yes,Yes,72,6,filler,none,5,correct
Yes,Yes,72,6,filler,none,5,correct
Yes,Yes,72,6,filler,none,5,correct
Yes,Yes,72,6,filler,none,5,correct
Yes,Yes,72,6,filler,none,5,correct
Yes,Yes,72,6,filler,none,5,correct
Yes,Yes,72,6,filler,none,5,correct
Yes,Yes,72,6,filler,none,5,correct
Yes,Yes,72,6,filler,none,5,correct
Yes,Yes,72,6,filler,none,5,correct
Yes,Yes,72,6,filler,none,5,correct
Yes,Yes,72,6,filler,none,5,correct
No,No,73,6,filler,none,5,correct
No,No,73,6,filler,none,5,correct
No,No,73,6,filler,none,5,correct
No,No,73,6,filler,none,5,correct
No,No,73,6,filler,none,5,correct
No,No,73,6,filler,none,5,correct
No,No,73,6,filler,none,5,correct
No,No,73,6,filler,none,5,correct
No,No,73,6,filler,none,5,correct
No,No,73,6,filler,none,5,correct
No,No,73,6,filler,none,5,correct
No,No,73,6,filler,none,5,correct
No,No,73,6,filler,none,5,correct
Yes,Yes,74,6,filler,none,5,correct
Yes,Yes,74,6,filler,none,5,correct
Yes,Yes,74,6,filler,none,5,correct
Yes,Yes,74,6,filler,none,5,correct
Yes,Yes,74,6,filler,none,5,correct
Yes,Yes,74,6,filler,none,5,correct
Yes,Yes,74,6,filler,none,5,correct
Yes,Yes,74,6,filler,none,5,correct
Yes,Yes,74,6,filler,none,5,correct
Yes,Yes,74,6,filler,none,5,correct
Yes,Yes,74,6,filler,none,5,correct
Yes,Yes,74,6,filler,none,5,correct
Yes,Yes,74,6,filler,none,5,correct
Yes,Yes,75,6,filler,none,5,correct
Yes,Yes,75,6,filler,none,5,correct
Yes,Yes,75,6,filler,none,5,correct
Yes,Yes,75,6,filler,none,5,correct
Yes,Yes,75,6,filler,none,5,correct
Yes,Yes,75,6,filler,none,5,correct
Yes,Yes,75,6,filler,none,5,correct
Yes,Yes,75,6,filler,none,5,correct
Yes,Yes,75,6,filler,none,5,correct
Yes,Yes,75,6,filler,none,5,correct
Yes,Yes,75,6,filler,none,5,correct
Yes,Yes,75,6,filler,none,5,correct
Yes,Yes,75,6,filler,none,5,correct
Yes,Yes,77,6,filler,none,5,correct
Yes,Yes,77,6,filler,none,5,correct
Yes,Yes,77,6,filler,none,5,correct
Yes,Yes,77,6,filler,none,5,correct
Yes,Yes,77,6,filler,none,5,correct
Yes,Yes,77,6,filler,none,5,correct
Yes,Yes,77,6,filler,none,5,correct
Yes,Yes,77,6,filler,none,5,correct
Yes,Yes,77,6,filler,none,5,correct
Yes,Yes,77,6,filler,none,5,correct
Yes,Yes,77,6,filler,none,5,correct
Yes,Yes,77,6,filler,none,5,correct
Yes,Yes,77,6,filler,none,5,correct
No,No,78,6,filler,none,5,correct
No,No,78,6,filler,none,5,correct
No,No,78,6,filler,none,5,correct
No,No,78,6,filler,none,5,correct
No,No,78,6,filler,none,5,correct
No,No,78,6,filler,none,5,correct
No,No,78,6,filler,none,5,correct
No,No,78,6,filler,none,5,correct
No,No,78,6,filler,none,5,correct
No,No,78,6,filler,none,5,correct
No,No,78,6,filler,none,5,correct
No,No,78,6,filler,none,5,correct
No,No,78,6,filler,none,5,correct
No,No,80,6,filler,none,5,correct
No,No,80,6,filler,none,5,correct
No,No,80,6,filler,none,5,correct
No,No,80,6,filler,none,5,correct
No,No,80,6,filler,none,5,correct
No,No,80,6,filler,none,5,correct
No,No,80,6,filler,none,5,correct
No,No,80,6,filler,none,5,correct
No,No,80,6,filler,none,5,correct
No,No,80,6,filler,none,5,correct
No,No,80,6,filler,none,5,correct
No,No,80,6,filler,none,5,correct
No,No,80,6,filler,none,5,correct
No,No,82,6,filler,none,5,correct
No,No,82,6,filler,none,5,correct
No,No,82,6,filler,none,5,correct
No,No,82,6,filler,none,5,correct
No,No,82,6,filler,none,5,correct
No,No,82,6,filler,none,5,correct
No,No,82,6,filler,none,5,correct
No,No,82,6,filler,none,5,correct
No,No,82,6,filler,none,5,correct
No,No,82,6,filler,none,5,correct
No,No,82,6,filler,none,5,correct
No,No,82,6,filler,none,5,correct
No,No,82,6,filler,none,5,correct
No,No,84,6,filler,none,5,correct
No,No,84,6,filler,none,5,correct
No,No,84,6,filler,none,5,correct
No,No,84,6,filler,none,5,correct
No,No,84,6,filler,none,5,correct
No,No,84,6,filler,none,5,correct
No,No,84,6,filler,none,5,correct
No,No,84,6,filler,none,5,correct
No,No,84,6,filler,none,5,correct
No,No,84,6,filler,none,5,correct
No,No,84,6,filler,none,5,correct
No,No,84,6,filler,none,5,correct
No,No,84,6,filler,none,5,correct
No,No,87,6,filler,none,5,correct
No,No,87,6,filler,none,5,correct
No,No,87,6,filler,none,5,correct
No,No,87,6,filler,none,5,correct
No,No,87,6,filler,none,5,correct
No,No,87,6,filler,none,5,correct
No,No,87,6,filler,none,5,correct
No,No,87,6,filler,none,5,correct
No,No,87,6,filler,none,5,correct
No,No,87,6,filler,none,5,correct
No,No,87,6,filler,none,5,correct
No,No,87,6,filler,none,5,correct
No,No,87,6,filler,none,5,correct
No,No,89,6,filler,none,5,correct
No,No,89,6,filler,none,5,correct
No,No,89,6,filler,none,5,correct
No,No,89,6,filler,none,5,correct
No,No,89,6,filler,none,5,correct
No,No,89,6,filler,none,5,correct
No,No,89,6,filler,none,5,correct
No,No,89,6,filler,none,5,correct
No,No,89,6,filler,none,5,correct
No,No,89,6,filler,none,5,correct
No,No,89,6,filler,none,5,correct
No,No,89,6,filler,none,5,correct
No,No,89,6,filler,none,5,correct
Yes,Yes,1,1,move,CP,6,correct
Yes,Yes,1,1,move,CP,6,correct
Yes,Yes,1,1,move,CP,6,correct
Yes,Yes,1,1,move,CP,6,correct
Yes,Yes,1,1,move,CP,6,correct
Yes,Yes,2,1,nomove,DP,6,correct
Yes,Yes,2,1,nomove,DP,6,correct
Yes,Yes,2,1,nomove,DP,6,correct
Yes,Yes,2,1,nomove,DP,6,correct
Yes,Yes,2,1,nomove,DP,6,correct
No,No,5,1,move,DP,6,correct
No,No,5,1,move,DP,6,correct
No,No,5,1,move,DP,6,correct
No,No,5,1,move,DP,6,correct
No,No,5,1,move,DP,6,correct
No,Yes,6,1,move,unacc,6,incorrect
No,Yes,6,1,move,unacc,6,incorrect
No,Yes,6,1,move,unacc,6,incorrect
No,Yes,6,1,move,unacc,6,incorrect
No,Yes,6,1,move,unacc,6,incorrect
Yes,Yes,7,1,move,CP,6,correct
Yes,Yes,7,1,move,CP,6,correct
Yes,Yes,7,1,move,CP,6,correct
Yes,Yes,7,1,move,CP,6,correct
Yes,Yes,7,1,move,CP,6,correct
Yes,Yes,11,1,move,DP,6,correct
Yes,Yes,11,1,move,DP,6,correct
Yes,Yes,11,1,move,DP,6,correct
Yes,Yes,11,1,move,DP,6,correct
Yes,Yes,11,1,move,DP,6,correct
Yes,Yes,13,1,move,CP,6,correct
Yes,Yes,13,1,move,CP,6,correct
Yes,Yes,13,1,move,CP,6,correct
Yes,Yes,13,1,move,CP,6,correct
Yes,Yes,13,1,move,CP,6,correct
Yes,Yes,14,1,nomove,DP,6,correct
Yes,Yes,14,1,nomove,DP,6,correct
Yes,Yes,14,1,nomove,DP,6,correct
Yes,Yes,14,1,nomove,DP,6,correct
Yes,Yes,14,1,nomove,DP,6,correct
Yes,Yes,17,1,nomove,CP,6,correct
Yes,Yes,17,1,nomove,CP,6,correct
Yes,Yes,17,1,nomove,CP,6,correct
Yes,Yes,17,1,nomove,CP,6,correct
Yes,Yes,17,1,nomove,CP,6,correct
Yes,Yes,19,1,move,CP,6,correct
Yes,Yes,19,1,move,CP,6,correct
Yes,Yes,19,1,move,CP,6,correct
Yes,Yes,19,1,move,CP,6,correct
Yes,Yes,19,1,move,CP,6,correct
Yes,Yes,21,1,nomove,unacc,6,correct
Yes,Yes,21,1,nomove,unacc,6,correct
Yes,Yes,21,1,nomove,unacc,6,correct
Yes,Yes,21,1,nomove,unacc,6,correct
Yes,Yes,21,1,nomove,unacc,6,correct
No,Yes,22,1,nomove,CP,6,incorrect
No,Yes,22,1,nomove,CP,6,incorrect
No,Yes,22,1,nomove,CP,6,incorrect
No,Yes,22,1,nomove,CP,6,incorrect
No,Yes,22,1,nomove,CP,6,incorrect
No,No,25,1,move,CP,6,correct
No,No,25,1,move,CP,6,correct
No,No,25,1,move,CP,6,correct
No,No,25,1,move,CP,6,correct
No,No,25,1,move,CP,6,correct
Yes,Yes,30,1,move,unacc,6,correct
Yes,Yes,30,1,move,unacc,6,correct
Yes,Yes,30,1,move,unacc,6,correct
Yes,Yes,30,1,move,unacc,6,correct
Yes,Yes,30,1,move,unacc,6,correct
No,No,31,1,move,CP,6,correct
No,No,31,1,move,CP,6,correct
No,No,31,1,move,CP,6,correct
No,No,31,1,move,CP,6,correct
No,No,31,1,move,CP,6,correct
Yes,Yes,32,1,nomove,DP,6,correct
Yes,Yes,32,1,nomove,DP,6,correct
Yes,Yes,32,1,nomove,DP,6,correct
Yes,Yes,32,1,nomove,DP,6,correct
Yes,Yes,32,1,nomove,DP,6,correct
No,No,33,1,nomove,unacc,6,correct
No,No,33,1,nomove,unacc,6,correct
No,No,33,1,nomove,unacc,6,correct
No,No,33,1,nomove,unacc,6,correct
No,No,33,1,nomove,unacc,6,correct
Yes,Yes,35,1,move,DP,6,correct
Yes,Yes,35,1,move,DP,6,correct
Yes,Yes,35,1,move,DP,6,correct
Yes,Yes,35,1,move,DP,6,correct
Yes,Yes,35,1,move,DP,6,correct
No,No,37,1,filler,none,6,correct
No,No,37,1,filler,none,6,correct
No,No,37,1,filler,none,6,correct
No,No,37,1,filler,none,6,correct
No,No,37,1,filler,none,6,correct
No,No,37,1,filler,none,6,correct
No,No,37,1,filler,none,6,correct
No,No,37,1,filler,none,6,correct
No,No,37,1,filler,none,6,correct
No,No,37,1,filler,none,6,correct
No,No,37,1,filler,none,6,correct
No,No,38,1,filler,none,6,correct
No,No,38,1,filler,none,6,correct
No,No,38,1,filler,none,6,correct
No,No,38,1,filler,none,6,correct
No,No,38,1,filler,none,6,correct
No,No,38,1,filler,none,6,correct
No,No,38,1,filler,none,6,correct
No,No,38,1,filler,none,6,correct
No,No,38,1,filler,none,6,correct
No,No,38,1,filler,none,6,correct
No,No,38,1,filler,none,6,correct
No,No,39,1,filler,none,6,correct
No,No,39,1,filler,none,6,correct
No,No,39,1,filler,none,6,correct
No,No,39,1,filler,none,6,correct
No,No,39,1,filler,none,6,correct
No,No,39,1,filler,none,6,correct
No,No,39,1,filler,none,6,correct
No,No,39,1,filler,none,6,correct
No,No,39,1,filler,none,6,correct
No,No,39,1,filler,none,6,correct
No,No,39,1,filler,none,6,correct
Yes,Yes,43,1,filler,none,6,correct
Yes,Yes,43,1,filler,none,6,correct
Yes,Yes,43,1,filler,none,6,correct
Yes,Yes,43,1,filler,none,6,correct
Yes,Yes,43,1,filler,none,6,correct
Yes,Yes,43,1,filler,none,6,correct
Yes,Yes,43,1,filler,none,6,correct
Yes,Yes,43,1,filler,none,6,correct
Yes,Yes,43,1,filler,none,6,correct
Yes,Yes,43,1,filler,none,6,correct
Yes,Yes,43,1,filler,none,6,correct
No,No,44,1,filler,none,6,correct
No,No,44,1,filler,none,6,correct
No,No,44,1,filler,none,6,correct
No,No,44,1,filler,none,6,correct
No,No,44,1,filler,none,6,correct
No,No,44,1,filler,none,6,correct
No,No,44,1,filler,none,6,correct
No,No,44,1,filler,none,6,correct
No,No,44,1,filler,none,6,correct
No,No,44,1,filler,none,6,correct
No,No,44,1,filler,none,6,correct
Yes,No,46,1,filler,none,6,incorrect
Yes,No,46,1,filler,none,6,incorrect
Yes,No,46,1,filler,none,6,incorrect
Yes,No,46,1,filler,none,6,incorrect
Yes,No,46,1,filler,none,6,incorrect
Yes,No,46,1,filler,none,6,incorrect
Yes,No,46,1,filler,none,6,incorrect
Yes,No,46,1,filler,none,6,incorrect
Yes,No,46,1,filler,none,6,incorrect
Yes,No,46,1,filler,none,6,incorrect
Yes,No,46,1,filler,none,6,incorrect
Yes,Yes,48,1,filler,none,6,correct
Yes,Yes,48,1,filler,none,6,correct
Yes,Yes,48,1,filler,none,6,correct
Yes,Yes,48,1,filler,none,6,correct
Yes,Yes,48,1,filler,none,6,correct
Yes,Yes,48,1,filler,none,6,correct
Yes,Yes,48,1,filler,none,6,correct
Yes,Yes,48,1,filler,none,6,correct
Yes,Yes,48,1,filler,none,6,correct
Yes,Yes,48,1,filler,none,6,correct
Yes,Yes,48,1,filler,none,6,correct
No,No,50,1,filler,none,6,correct
No,No,50,1,filler,none,6,correct
No,No,50,1,filler,none,6,correct
No,No,50,1,filler,none,6,correct
No,No,50,1,filler,none,6,correct
No,No,50,1,filler,none,6,correct
No,No,50,1,filler,none,6,correct
No,No,50,1,filler,none,6,correct
No,No,50,1,filler,none,6,correct
No,No,50,1,filler,none,6,correct
No,No,50,1,filler,none,6,correct
Yes,Yes,52,1,filler,none,6,correct
Yes,Yes,52,1,filler,none,6,correct
Yes,Yes,52,1,filler,none,6,correct
Yes,Yes,52,1,filler,none,6,correct
Yes,Yes,52,1,filler,none,6,correct
Yes,Yes,52,1,filler,none,6,correct
Yes,Yes,52,1,filler,none,6,correct
Yes,Yes,52,1,filler,none,6,correct
Yes,Yes,52,1,filler,none,6,correct
Yes,Yes,52,1,filler,none,6,correct
Yes,Yes,52,1,filler,none,6,correct
No,No,53,1,filler,none,6,correct
No,No,53,1,filler,none,6,correct
No,No,53,1,filler,none,6,correct
No,No,53,1,filler,none,6,correct
No,No,53,1,filler,none,6,correct
No,No,53,1,filler,none,6,correct
No,No,53,1,filler,none,6,correct
No,No,53,1,filler,none,6,correct
No,No,53,1,filler,none,6,correct
No,No,53,1,filler,none,6,correct
No,No,53,1,filler,none,6,correct
Yes,Yes,58,1,filler,none,6,correct
Yes,Yes,58,1,filler,none,6,correct
Yes,Yes,58,1,filler,none,6,correct
Yes,Yes,58,1,filler,none,6,correct
Yes,Yes,58,1,filler,none,6,correct
Yes,Yes,58,1,filler,none,6,correct
Yes,Yes,58,1,filler,none,6,correct
Yes,Yes,58,1,filler,none,6,correct
Yes,Yes,58,1,filler,none,6,correct
Yes,Yes,58,1,filler,none,6,correct
Yes,Yes,58,1,filler,none,6,correct
Yes,Yes,58,1,filler,none,6,correct
No,No,59,1,filler,none,6,correct
No,No,59,1,filler,none,6,correct
No,No,59,1,filler,none,6,correct
No,No,59,1,filler,none,6,correct
No,No,59,1,filler,none,6,correct
No,No,59,1,filler,none,6,correct
No,No,59,1,filler,none,6,correct
No,No,59,1,filler,none,6,correct
No,No,59,1,filler,none,6,correct
No,No,59,1,filler,none,6,correct
No,No,59,1,filler,none,6,correct
No,No,59,1,filler,none,6,correct
No,No,59,1,filler,none,6,correct
No,No,62,1,filler,none,6,correct
No,No,62,1,filler,none,6,correct
No,No,62,1,filler,none,6,correct
No,No,62,1,filler,none,6,correct
No,No,62,1,filler,none,6,correct
No,No,62,1,filler,none,6,correct
No,No,62,1,filler,none,6,correct
No,No,62,1,filler,none,6,correct
No,No,62,1,filler,none,6,correct
No,No,62,1,filler,none,6,correct
No,No,62,1,filler,none,6,correct
No,No,62,1,filler,none,6,correct
Yes,Yes,64,1,filler,none,6,correct
Yes,Yes,64,1,filler,none,6,correct
Yes,Yes,64,1,filler,none,6,correct
Yes,Yes,64,1,filler,none,6,correct
Yes,Yes,64,1,filler,none,6,correct
Yes,Yes,64,1,filler,none,6,correct
Yes,Yes,64,1,filler,none,6,correct
Yes,Yes,64,1,filler,none,6,correct
Yes,Yes,64,1,filler,none,6,correct
Yes,Yes,64,1,filler,none,6,correct
Yes,Yes,64,1,filler,none,6,correct
Yes,Yes,64,1,filler,none,6,correct
No,No,66,1,filler,none,6,correct
No,No,66,1,filler,none,6,correct
No,No,66,1,filler,none,6,correct
No,No,66,1,filler,none,6,correct
No,No,66,1,filler,none,6,correct
No,No,66,1,filler,none,6,correct
No,No,66,1,filler,none,6,correct
No,No,66,1,filler,none,6,correct
No,No,66,1,filler,none,6,correct
No,No,66,1,filler,none,6,correct
No,No,66,1,filler,none,6,correct
No,No,66,1,filler,none,6,correct
No,No,68,1,filler,none,6,correct
No,No,68,1,filler,none,6,correct
No,No,68,1,filler,none,6,correct
No,No,68,1,filler,none,6,correct
No,No,68,1,filler,none,6,correct
No,No,68,1,filler,none,6,correct
No,No,68,1,filler,none,6,correct
No,No,68,1,filler,none,6,correct
No,No,68,1,filler,none,6,correct
No,No,68,1,filler,none,6,correct
No,No,68,1,filler,none,6,correct
No,No,68,1,filler,none,6,correct
Yes,No,69,1,filler,none,6,incorrect
Yes,No,69,1,filler,none,6,incorrect
Yes,No,69,1,filler,none,6,incorrect
Yes,No,69,1,filler,none,6,incorrect
Yes,No,69,1,filler,none,6,incorrect
Yes,No,69,1,filler,none,6,incorrect
Yes,No,69,1,filler,none,6,incorrect
Yes,No,69,1,filler,none,6,incorrect
Yes,No,69,1,filler,none,6,incorrect
Yes,No,69,1,filler,none,6,incorrect
Yes,No,69,1,filler,none,6,incorrect
Yes,No,69,1,filler,none,6,incorrect
Yes,Yes,72,1,filler,none,6,correct
Yes,Yes,72,1,filler,none,6,correct
Yes,Yes,72,1,filler,none,6,correct
Yes,Yes,72,1,filler,none,6,correct
Yes,Yes,72,1,filler,none,6,correct
Yes,Yes,72,1,filler,none,6,correct
Yes,Yes,72,1,filler,none,6,correct
Yes,Yes,72,1,filler,none,6,correct
Yes,Yes,72,1,filler,none,6,correct
Yes,Yes,72,1,filler,none,6,correct
Yes,Yes,72,1,filler,none,6,correct
Yes,Yes,72,1,filler,none,6,correct
No,No,73,1,filler,none,6,correct
No,No,73,1,filler,none,6,correct
No,No,73,1,filler,none,6,correct
No,No,73,1,filler,none,6,correct
No,No,73,1,filler,none,6,correct
No,No,73,1,filler,none,6,correct
No,No,73,1,filler,none,6,correct
No,No,73,1,filler,none,6,correct
No,No,73,1,filler,none,6,correct
No,No,73,1,filler,none,6,correct
No,No,73,1,filler,none,6,correct
No,No,73,1,filler,none,6,correct
No,No,73,1,filler,none,6,correct
Yes,Yes,74,1,filler,none,6,correct
Yes,Yes,74,1,filler,none,6,correct
Yes,Yes,74,1,filler,none,6,correct
Yes,Yes,74,1,filler,none,6,correct
Yes,Yes,74,1,filler,none,6,correct
Yes,Yes,74,1,filler,none,6,correct
Yes,Yes,74,1,filler,none,6,correct
Yes,Yes,74,1,filler,none,6,correct
Yes,Yes,74,1,filler,none,6,correct
Yes,Yes,74,1,filler,none,6,correct
Yes,Yes,74,1,filler,none,6,correct
Yes,Yes,74,1,filler,none,6,correct
Yes,Yes,74,1,filler,none,6,correct
Yes,Yes,75,1,filler,none,6,correct
Yes,Yes,75,1,filler,none,6,correct
Yes,Yes,75,1,filler,none,6,correct
Yes,Yes,75,1,filler,none,6,correct
Yes,Yes,75,1,filler,none,6,correct
Yes,Yes,75,1,filler,none,6,correct
Yes,Yes,75,1,filler,none,6,correct
Yes,Yes,75,1,filler,none,6,correct
Yes,Yes,75,1,filler,none,6,correct
Yes,Yes,75,1,filler,none,6,correct
Yes,Yes,75,1,filler,none,6,correct
Yes,Yes,75,1,filler,none,6,correct
Yes,Yes,75,1,filler,none,6,correct
Yes,Yes,77,1,filler,none,6,correct
Yes,Yes,77,1,filler,none,6,correct
Yes,Yes,77,1,filler,none,6,correct
Yes,Yes,77,1,filler,none,6,correct
Yes,Yes,77,1,filler,none,6,correct
Yes,Yes,77,1,filler,none,6,correct
Yes,Yes,77,1,filler,none,6,correct
Yes,Yes,77,1,filler,none,6,correct
Yes,Yes,77,1,filler,none,6,correct
Yes,Yes,77,1,filler,none,6,correct
Yes,Yes,77,1,filler,none,6,correct
Yes,Yes,77,1,filler,none,6,correct
Yes,Yes,77,1,filler,none,6,correct
No,No,78,1,filler,none,6,correct
No,No,78,1,filler,none,6,correct
No,No,78,1,filler,none,6,correct
No,No,78,1,filler,none,6,correct
No,No,78,1,filler,none,6,correct
No,No,78,1,filler,none,6,correct
No,No,78,1,filler,none,6,correct
No,No,78,1,filler,none,6,correct
No,No,78,1,filler,none,6,correct
No,No,78,1,filler,none,6,correct
No,No,78,1,filler,none,6,correct
No,No,78,1,filler,none,6,correct
No,No,78,1,filler,none,6,correct
No,No,80,1,filler,none,6,correct
No,No,80,1,filler,none,6,correct
No,No,80,1,filler,none,6,correct
No,No,80,1,filler,none,6,correct
No,No,80,1,filler,none,6,correct
No,No,80,1,filler,none,6,correct
No,No,80,1,filler,none,6,correct
No,No,80,1,filler,none,6,correct
No,No,80,1,filler,none,6,correct
No,No,80,1,filler,none,6,correct
No,No,80,1,filler,none,6,correct
No,No,80,1,filler,none,6,correct
No,No,80,1,filler,none,6,correct
No,No,82,1,filler,none,6,correct
No,No,82,1,filler,none,6,correct
No,No,82,1,filler,none,6,correct
No,No,82,1,filler,none,6,correct
No,No,82,1,filler,none,6,correct
No,No,82,1,filler,none,6,correct
No,No,82,1,filler,none,6,correct
No,No,82,1,filler,none,6,correct
No,No,82,1,filler,none,6,correct
No,No,82,1,filler,none,6,correct
No,No,82,1,filler,none,6,correct
No,No,82,1,filler,none,6,correct
No,No,82,1,filler,none,6,correct
No,No,84,1,filler,none,6,correct
No,No,84,1,filler,none,6,correct
No,No,84,1,filler,none,6,correct
No,No,84,1,filler,none,6,correct
No,No,84,1,filler,none,6,correct
No,No,84,1,filler,none,6,correct
No,No,84,1,filler,none,6,correct
No,No,84,1,filler,none,6,correct
No,No,84,1,filler,none,6,correct
No,No,84,1,filler,none,6,correct
No,No,84,1,filler,none,6,correct
No,No,84,1,filler,none,6,correct
No,No,84,1,filler,none,6,correct
No,No,87,1,filler,none,6,correct
No,No,87,1,filler,none,6,correct
No,No,87,1,filler,none,6,correct
No,No,87,1,filler,none,6,correct
No,No,87,1,filler,none,6,correct
No,No,87,1,filler,none,6,correct
No,No,87,1,filler,none,6,correct
No,No,87,1,filler,none,6,correct
No,No,87,1,filler,none,6,correct
No,No,87,1,filler,none,6,correct
No,No,87,1,filler,none,6,correct
No,No,87,1,filler,none,6,correct
No,No,87,1,filler,none,6,correct
No,No,89,1,filler,none,6,correct
No,No,89,1,filler,none,6,correct
No,No,89,1,filler,none,6,correct
No,No,89,1,filler,none,6,correct
No,No,89,1,filler,none,6,correct
No,No,89,1,filler,none,6,correct
No,No,89,1,filler,none,6,correct
No,No,89,1,filler,none,6,correct
No,No,89,1,filler,none,6,correct
No,No,89,1,filler,none,6,correct
No,No,89,1,filler,none,6,correct
No,No,89,1,filler,none,6,correct
No,No,89,1,filler,none,6,correct
No,Yes,1,2,move,unacc,7,incorrect
No,Yes,1,2,move,unacc,7,incorrect
No,Yes,1,2,move,unacc,7,incorrect
No,Yes,1,2,move,unacc,7,incorrect
No,Yes,1,2,move,unacc,7,incorrect
Yes,Yes,2,2,move,CP,7,correct
Yes,Yes,2,2,move,CP,7,correct
Yes,Yes,2,2,move,CP,7,correct
Yes,Yes,2,2,move,CP,7,correct
Yes,Yes,2,2,move,CP,7,correct
No,No,5,2,nomove,CP,7,correct
No,No,5,2,nomove,CP,7,correct
No,No,5,2,nomove,CP,7,correct
No,No,5,2,nomove,CP,7,correct
No,No,5,2,nomove,CP,7,correct
No,Yes,6,2,move,DP,7,incorrect
No,Yes,6,2,move,DP,7,incorrect
No,Yes,6,2,move,DP,7,incorrect
No,Yes,6,2,move,DP,7,incorrect
No,Yes,6,2,move,DP,7,incorrect
No,Yes,7,2,move,unacc,7,incorrect
No,Yes,7,2,move,unacc,7,incorrect
No,Yes,7,2,move,unacc,7,incorrect
No,Yes,7,2,move,unacc,7,incorrect
No,Yes,7,2,move,unacc,7,incorrect
Yes,Yes,11,2,nomove,CP,7,correct
Yes,Yes,11,2,nomove,CP,7,correct
Yes,Yes,11,2,nomove,CP,7,correct
Yes,Yes,11,2,nomove,CP,7,correct
Yes,Yes,11,2,nomove,CP,7,correct
No,Yes,13,2,move,unacc,7,incorrect
No,Yes,13,2,move,unacc,7,incorrect
No,Yes,13,2,move,unacc,7,incorrect
No,Yes,13,2,move,unacc,7,incorrect
No,Yes,13,2,move,unacc,7,incorrect
Yes,Yes,14,2,move,CP,7,correct
Yes,Yes,14,2,move,CP,7,correct
Yes,Yes,14,2,move,CP,7,correct
Yes,Yes,14,2,move,CP,7,correct
Yes,Yes,14,2,move,CP,7,correct
Yes,Yes,17,2,nomove,unacc,7,correct
Yes,Yes,17,2,nomove,unacc,7,correct
Yes,Yes,17,2,nomove,unacc,7,correct
Yes,Yes,17,2,nomove,unacc,7,correct
Yes,Yes,17,2,nomove,unacc,7,correct
Yes,Yes,19,2,move,unacc,7,correct
Yes,Yes,19,2,move,unacc,7,correct
Yes,Yes,19,2,move,unacc,7,correct
Yes,Yes,19,2,move,unacc,7,correct
Yes,Yes,19,2,move,unacc,7,correct
Yes,Yes,21,2,nomove,DP,7,correct
Yes,Yes,21,2,nomove,DP,7,correct
Yes,Yes,21,2,nomove,DP,7,correct
Yes,Yes,21,2,nomove,DP,7,correct
Yes,Yes,21,2,nomove,DP,7,correct
Yes,Yes,22,2,nomove,unacc,7,correct
Yes,Yes,22,2,nomove,unacc,7,correct
Yes,Yes,22,2,nomove,unacc,7,correct
Yes,Yes,22,2,nomove,unacc,7,correct
Yes,Yes,22,2,nomove,unacc,7,correct
No,No,25,2,move,unacc,7,correct
No,No,25,2,move,unacc,7,correct
No,No,25,2,move,unacc,7,correct
No,No,25,2,move,unacc,7,correct
No,No,25,2,move,unacc,7,correct
Yes,Yes,30,2,move,DP,7,correct
Yes,Yes,30,2,move,DP,7,correct
Yes,Yes,30,2,move,DP,7,correct
Yes,Yes,30,2,move,DP,7,correct
Yes,Yes,30,2,move,DP,7,correct
No,No,31,2,move,unacc,7,correct
No,No,31,2,move,unacc,7,correct
No,No,31,2,move,unacc,7,correct
No,No,31,2,move,unacc,7,correct
No,No,31,2,move,unacc,7,correct
Yes,Yes,32,2,move,CP,7,correct
Yes,Yes,32,2,move,CP,7,correct
Yes,Yes,32,2,move,CP,7,correct
Yes,Yes,32,2,move,CP,7,correct
Yes,Yes,32,2,move,CP,7,correct
No,No,33,2,nomove,DP,7,correct
No,No,33,2,nomove,DP,7,correct
No,No,33,2,nomove,DP,7,correct
No,No,33,2,nomove,DP,7,correct
No,No,33,2,nomove,DP,7,correct
Yes,Yes,35,2,nomove,CP,7,correct
Yes,Yes,35,2,nomove,CP,7,correct
Yes,Yes,35,2,nomove,CP,7,correct
Yes,Yes,35,2,nomove,CP,7,correct
Yes,Yes,35,2,nomove,CP,7,correct
No,No,37,2,filler,none,7,correct
No,No,37,2,filler,none,7,correct
No,No,37,2,filler,none,7,correct
No,No,37,2,filler,none,7,correct
No,No,37,2,filler,none,7,correct
No,No,37,2,filler,none,7,correct
No,No,37,2,filler,none,7,correct
No,No,37,2,filler,none,7,correct
No,No,37,2,filler,none,7,correct
No,No,37,2,filler,none,7,correct
No,No,37,2,filler,none,7,correct
No,No,38,2,filler,none,7,correct
No,No,38,2,filler,none,7,correct
No,No,38,2,filler,none,7,correct
No,No,38,2,filler,none,7,correct
No,No,38,2,filler,none,7,correct
No,No,38,2,filler,none,7,correct
No,No,38,2,filler,none,7,correct
No,No,38,2,filler,none,7,correct
No,No,38,2,filler,none,7,correct
No,No,38,2,filler,none,7,correct
No,No,38,2,filler,none,7,correct
No,No,39,2,filler,none,7,correct
No,No,39,2,filler,none,7,correct
No,No,39,2,filler,none,7,correct
No,No,39,2,filler,none,7,correct
No,No,39,2,filler,none,7,correct
No,No,39,2,filler,none,7,correct
No,No,39,2,filler,none,7,correct
No,No,39,2,filler,none,7,correct
No,No,39,2,filler,none,7,correct
No,No,39,2,filler,none,7,correct
No,No,39,2,filler,none,7,correct
Yes,Yes,43,2,filler,none,7,correct
Yes,Yes,43,2,filler,none,7,correct
Yes,Yes,43,2,filler,none,7,correct
Yes,Yes,43,2,filler,none,7,correct
Yes,Yes,43,2,filler,none,7,correct
Yes,Yes,43,2,filler,none,7,correct
Yes,Yes,43,2,filler,none,7,correct
Yes,Yes,43,2,filler,none,7,correct
Yes,Yes,43,2,filler,none,7,correct
Yes,Yes,43,2,filler,none,7,correct
Yes,Yes,43,2,filler,none,7,correct
No,No,44,2,filler,none,7,correct
No,No,44,2,filler,none,7,correct
No,No,44,2,filler,none,7,correct
No,No,44,2,filler,none,7,correct
No,No,44,2,filler,none,7,correct
No,No,44,2,filler,none,7,correct
No,No,44,2,filler,none,7,correct
No,No,44,2,filler,none,7,correct
No,No,44,2,filler,none,7,correct
No,No,44,2,filler,none,7,correct
No,No,44,2,filler,none,7,correct
No,No,46,2,filler,none,7,correct
No,No,46,2,filler,none,7,correct
No,No,46,2,filler,none,7,correct
No,No,46,2,filler,none,7,correct
No,No,46,2,filler,none,7,correct
No,No,46,2,filler,none,7,correct
No,No,46,2,filler,none,7,correct
No,No,46,2,filler,none,7,correct
No,No,46,2,filler,none,7,correct
No,No,46,2,filler,none,7,correct
No,No,46,2,filler,none,7,correct
Yes,Yes,48,2,filler,none,7,correct
Yes,Yes,48,2,filler,none,7,correct
Yes,Yes,48,2,filler,none,7,correct
Yes,Yes,48,2,filler,none,7,correct
Yes,Yes,48,2,filler,none,7,correct
Yes,Yes,48,2,filler,none,7,correct
Yes,Yes,48,2,filler,none,7,correct
Yes,Yes,48,2,filler,none,7,correct
Yes,Yes,48,2,filler,none,7,correct
Yes,Yes,48,2,filler,none,7,correct
Yes,Yes,48,2,filler,none,7,correct
No,No,50,2,filler,none,7,correct
No,No,50,2,filler,none,7,correct
No,No,50,2,filler,none,7,correct
No,No,50,2,filler,none,7,correct
No,No,50,2,filler,none,7,correct
No,No,50,2,filler,none,7,correct
No,No,50,2,filler,none,7,correct
No,No,50,2,filler,none,7,correct
No,No,50,2,filler,none,7,correct
No,No,50,2,filler,none,7,correct
No,No,50,2,filler,none,7,correct
Yes,Yes,52,2,filler,none,7,correct
Yes,Yes,52,2,filler,none,7,correct
Yes,Yes,52,2,filler,none,7,correct
Yes,Yes,52,2,filler,none,7,correct
Yes,Yes,52,2,filler,none,7,correct
Yes,Yes,52,2,filler,none,7,correct
Yes,Yes,52,2,filler,none,7,correct
Yes,Yes,52,2,filler,none,7,correct
Yes,Yes,52,2,filler,none,7,correct
Yes,Yes,52,2,filler,none,7,correct
Yes,Yes,52,2,filler,none,7,correct
No,No,53,2,filler,none,7,correct
No,No,53,2,filler,none,7,correct
No,No,53,2,filler,none,7,correct
No,No,53,2,filler,none,7,correct
No,No,53,2,filler,none,7,correct
No,No,53,2,filler,none,7,correct
No,No,53,2,filler,none,7,correct
No,No,53,2,filler,none,7,correct
No,No,53,2,filler,none,7,correct
No,No,53,2,filler,none,7,correct
No,No,53,2,filler,none,7,correct
Yes,Yes,58,2,filler,none,7,correct
Yes,Yes,58,2,filler,none,7,correct
Yes,Yes,58,2,filler,none,7,correct
Yes,Yes,58,2,filler,none,7,correct
Yes,Yes,58,2,filler,none,7,correct
Yes,Yes,58,2,filler,none,7,correct
Yes,Yes,58,2,filler,none,7,correct
Yes,Yes,58,2,filler,none,7,correct
Yes,Yes,58,2,filler,none,7,correct
Yes,Yes,58,2,filler,none,7,correct
Yes,Yes,58,2,filler,none,7,correct
Yes,Yes,58,2,filler,none,7,correct
No,No,59,2,filler,none,7,correct
No,No,59,2,filler,none,7,correct
No,No,59,2,filler,none,7,correct
No,No,59,2,filler,none,7,correct
No,No,59,2,filler,none,7,correct
No,No,59,2,filler,none,7,correct
No,No,59,2,filler,none,7,correct
No,No,59,2,filler,none,7,correct
No,No,59,2,filler,none,7,correct
No,No,59,2,filler,none,7,correct
No,No,59,2,filler,none,7,correct
No,No,59,2,filler,none,7,correct
No,No,59,2,filler,none,7,correct
No,No,62,2,filler,none,7,correct
No,No,62,2,filler,none,7,correct
No,No,62,2,filler,none,7,correct
No,No,62,2,filler,none,7,correct
No,No,62,2,filler,none,7,correct
No,No,62,2,filler,none,7,correct
No,No,62,2,filler,none,7,correct
No,No,62,2,filler,none,7,correct
No,No,62,2,filler,none,7,correct
No,No,62,2,filler,none,7,correct
No,No,62,2,filler,none,7,correct
No,No,62,2,filler,none,7,correct
Yes,Yes,64,2,filler,none,7,correct
Yes,Yes,64,2,filler,none,7,correct
Yes,Yes,64,2,filler,none,7,correct
Yes,Yes,64,2,filler,none,7,correct
Yes,Yes,64,2,filler,none,7,correct
Yes,Yes,64,2,filler,none,7,correct
Yes,Yes,64,2,filler,none,7,correct
Yes,Yes,64,2,filler,none,7,correct
Yes,Yes,64,2,filler,none,7,correct
Yes,Yes,64,2,filler,none,7,correct
Yes,Yes,64,2,filler,none,7,correct
Yes,Yes,64,2,filler,none,7,correct
No,No,66,2,filler,none,7,correct
No,No,66,2,filler,none,7,correct
No,No,66,2,filler,none,7,correct
No,No,66,2,filler,none,7,correct
No,No,66,2,filler,none,7,correct
No,No,66,2,filler,none,7,correct
No,No,66,2,filler,none,7,correct
No,No,66,2,filler,none,7,correct
No,No,66,2,filler,none,7,correct
No,No,66,2,filler,none,7,correct
No,No,66,2,filler,none,7,correct
No,No,66,2,filler,none,7,correct
No,No,68,2,filler,none,7,correct
No,No,68,2,filler,none,7,correct
No,No,68,2,filler,none,7,correct
No,No,68,2,filler,none,7,correct
No,No,68,2,filler,none,7,correct
No,No,68,2,filler,none,7,correct
No,No,68,2,filler,none,7,correct
No,No,68,2,filler,none,7,correct
No,No,68,2,filler,none,7,correct
No,No,68,2,filler,none,7,correct
No,No,68,2,filler,none,7,correct
No,No,68,2,filler,none,7,correct
No,No,69,2,filler,none,7,correct
No,No,69,2,filler,none,7,correct
No,No,69,2,filler,none,7,correct
No,No,69,2,filler,none,7,correct
No,No,69,2,filler,none,7,correct
No,No,69,2,filler,none,7,correct
No,No,69,2,filler,none,7,correct
No,No,69,2,filler,none,7,correct
No,No,69,2,filler,none,7,correct
No,No,69,2,filler,none,7,correct
No,No,69,2,filler,none,7,correct
No,No,69,2,filler,none,7,correct
Yes,Yes,72,2,filler,none,7,correct
Yes,Yes,72,2,filler,none,7,correct
Yes,Yes,72,2,filler,none,7,correct
Yes,Yes,72,2,filler,none,7,correct
Yes,Yes,72,2,filler,none,7,correct
Yes,Yes,72,2,filler,none,7,correct
Yes,Yes,72,2,filler,none,7,correct
Yes,Yes,72,2,filler,none,7,correct
Yes,Yes,72,2,filler,none,7,correct
Yes,Yes,72,2,filler,none,7,correct
Yes,Yes,72,2,filler,none,7,correct
Yes,Yes,72,2,filler,none,7,correct
No,No,73,2,filler,none,7,correct
No,No,73,2,filler,none,7,correct
No,No,73,2,filler,none,7,correct
No,No,73,2,filler,none,7,correct
No,No,73,2,filler,none,7,correct
No,No,73,2,filler,none,7,correct
No,No,73,2,filler,none,7,correct
No,No,73,2,filler,none,7,correct
No,No,73,2,filler,none,7,correct
No,No,73,2,filler,none,7,correct
No,No,73,2,filler,none,7,correct
No,No,73,2,filler,none,7,correct
No,No,73,2,filler,none,7,correct
Yes,Yes,74,2,filler,none,7,correct
Yes,Yes,74,2,filler,none,7,correct
Yes,Yes,74,2,filler,none,7,correct
Yes,Yes,74,2,filler,none,7,correct
Yes,Yes,74,2,filler,none,7,correct
Yes,Yes,74,2,filler,none,7,correct
Yes,Yes,74,2,filler,none,7,correct
Yes,Yes,74,2,filler,none,7,correct
Yes,Yes,74,2,filler,none,7,correct
Yes,Yes,74,2,filler,none,7,correct
Yes,Yes,74,2,filler,none,7,correct
Yes,Yes,74,2,filler,none,7,correct
Yes,Yes,74,2,filler,none,7,correct
Yes,Yes,75,2,filler,none,7,correct
Yes,Yes,75,2,filler,none,7,correct
Yes,Yes,75,2,filler,none,7,correct
Yes,Yes,75,2,filler,none,7,correct
Yes,Yes,75,2,filler,none,7,correct
Yes,Yes,75,2,filler,none,7,correct
Yes,Yes,75,2,filler,none,7,correct
Yes,Yes,75,2,filler,none,7,correct
Yes,Yes,75,2,filler,none,7,correct
Yes,Yes,75,2,filler,none,7,correct
Yes,Yes,75,2,filler,none,7,correct
Yes,Yes,75,2,filler,none,7,correct
Yes,Yes,75,2,filler,none,7,correct
Yes,Yes,77,2,filler,none,7,correct
Yes,Yes,77,2,filler,none,7,correct
Yes,Yes,77,2,filler,none,7,correct
Yes,Yes,77,2,filler,none,7,correct
Yes,Yes,77,2,filler,none,7,correct
Yes,Yes,77,2,filler,none,7,correct
Yes,Yes,77,2,filler,none,7,correct
Yes,Yes,77,2,filler,none,7,correct
Yes,Yes,77,2,filler,none,7,correct
Yes,Yes,77,2,filler,none,7,correct
Yes,Yes,77,2,filler,none,7,correct
Yes,Yes,77,2,filler,none,7,correct
Yes,Yes,77,2,filler,none,7,correct
No,No,78,2,filler,none,7,correct
No,No,78,2,filler,none,7,correct
No,No,78,2,filler,none,7,correct
No,No,78,2,filler,none,7,correct
No,No,78,2,filler,none,7,correct
No,No,78,2,filler,none,7,correct
No,No,78,2,filler,none,7,correct
No,No,78,2,filler,none,7,correct
No,No,78,2,filler,none,7,correct
No,No,78,2,filler,none,7,correct
No,No,78,2,filler,none,7,correct
No,No,78,2,filler,none,7,correct
No,No,78,2,filler,none,7,correct
No,No,80,2,filler,none,7,correct
No,No,80,2,filler,none,7,correct
No,No,80,2,filler,none,7,correct
No,No,80,2,filler,none,7,correct
No,No,80,2,filler,none,7,correct
No,No,80,2,filler,none,7,correct
No,No,80,2,filler,none,7,correct
No,No,80,2,filler,none,7,correct
No,No,80,2,filler,none,7,correct
No,No,80,2,filler,none,7,correct
No,No,80,2,filler,none,7,correct
No,No,80,2,filler,none,7,correct
No,No,80,2,filler,none,7,correct
No,No,82,2,filler,none,7,correct
No,No,82,2,filler,none,7,correct
No,No,82,2,filler,none,7,correct
No,No,82,2,filler,none,7,correct
No,No,82,2,filler,none,7,correct
No,No,82,2,filler,none,7,correct
No,No,82,2,filler,none,7,correct
No,No,82,2,filler,none,7,correct
No,No,82,2,filler,none,7,correct
No,No,82,2,filler,none,7,correct
No,No,82,2,filler,none,7,correct
No,No,82,2,filler,none,7,correct
No,No,82,2,filler,none,7,correct
No,No,84,2,filler,none,7,correct
No,No,84,2,filler,none,7,correct
No,No,84,2,filler,none,7,correct
No,No,84,2,filler,none,7,correct
No,No,84,2,filler,none,7,correct
No,No,84,2,filler,none,7,correct
No,No,84,2,filler,none,7,correct
No,No,84,2,filler,none,7,correct
No,No,84,2,filler,none,7,correct
No,No,84,2,filler,none,7,correct
No,No,84,2,filler,none,7,correct
No,No,84,2,filler,none,7,correct
No,No,84,2,filler,none,7,correct
No,No,87,2,filler,none,7,correct
No,No,87,2,filler,none,7,correct
No,No,87,2,filler,none,7,correct
No,No,87,2,filler,none,7,correct
No,No,87,2,filler,none,7,correct
No,No,87,2,filler,none,7,correct
No,No,87,2,filler,none,7,correct
No,No,87,2,filler,none,7,correct
No,No,87,2,filler,none,7,correct
No,No,87,2,filler,none,7,correct
No,No,87,2,filler,none,7,correct
No,No,87,2,filler,none,7,correct
No,No,87,2,filler,none,7,correct
No,No,89,2,filler,none,7,correct
No,No,89,2,filler,none,7,correct
No,No,89,2,filler,none,7,correct
No,No,89,2,filler,none,7,correct
No,No,89,2,filler,none,7,correct
No,No,89,2,filler,none,7,correct
No,No,89,2,filler,none,7,correct
No,No,89,2,filler,none,7,correct
No,No,89,2,filler,none,7,correct
No,No,89,2,filler,none,7,correct
No,No,89,2,filler,none,7,correct
No,No,89,2,filler,none,7,correct
No,No,89,2,filler,none,7,correct
No,Yes,1,3,move,DP,8,incorrect
No,Yes,1,3,move,DP,8,incorrect
No,Yes,1,3,move,DP,8,incorrect
No,Yes,1,3,move,DP,8,incorrect
No,Yes,1,3,move,DP,8,incorrect
Yes,Yes,2,3,move,unacc,8,correct
Yes,Yes,2,3,move,unacc,8,correct
Yes,Yes,2,3,move,unacc,8,correct
Yes,Yes,2,3,move,unacc,8,correct
Yes,Yes,2,3,move,unacc,8,correct
Yes,No,5,3,nomove,unacc,8,incorrect
Yes,No,5,3,nomove,unacc,8,incorrect
Yes,No,5,3,nomove,unacc,8,incorrect
Yes,No,5,3,nomove,unacc,8,incorrect
Yes,No,5,3,nomove,unacc,8,incorrect
Yes,Yes,6,3,nomove,CP,8,correct
Yes,Yes,6,3,nomove,CP,8,correct
Yes,Yes,6,3,nomove,CP,8,correct
Yes,Yes,6,3,nomove,CP,8,correct
Yes,Yes,6,3,nomove,CP,8,correct
Yes,Yes,7,3,move,DP,8,correct
Yes,Yes,7,3,move,DP,8,correct
Yes,Yes,7,3,move,DP,8,correct
Yes,Yes,7,3,move,DP,8,correct
Yes,Yes,7,3,move,DP,8,correct
Yes,Yes,11,3,nomove,unacc,8,correct
Yes,Yes,11,3,nomove,unacc,8,correct
Yes,Yes,11,3,nomove,unacc,8,correct
Yes,Yes,11,3,nomove,unacc,8,correct
Yes,Yes,11,3,nomove,unacc,8,correct
No,Yes,13,3,move,DP,8,incorrect
No,Yes,13,3,move,DP,8,incorrect
No,Yes,13,3,move,DP,8,incorrect
No,Yes,13,3,move,DP,8,incorrect
No,Yes,13,3,move,DP,8,incorrect
Yes,Yes,14,3,move,unacc,8,correct
Yes,Yes,14,3,move,unacc,8,correct
Yes,Yes,14,3,move,unacc,8,correct
Yes,Yes,14,3,move,unacc,8,correct
Yes,Yes,14,3,move,unacc,8,correct
Yes,Yes,17,3,nomove,DP,8,correct
Yes,Yes,17,3,nomove,DP,8,correct
Yes,Yes,17,3,nomove,DP,8,correct
Yes,Yes,17,3,nomove,DP,8,correct
Yes,Yes,17,3,nomove,DP,8,correct
Yes,Yes,19,3,move,DP,8,correct
Yes,Yes,19,3,move,DP,8,correct
Yes,Yes,19,3,move,DP,8,correct
Yes,Yes,19,3,move,DP,8,correct
Yes,Yes,19,3,move,DP,8,correct
Yes,Yes,21,3,move,CP,8,correct
Yes,Yes,21,3,move,CP,8,correct
Yes,Yes,21,3,move,CP,8,correct
Yes,Yes,21,3,move,CP,8,correct
Yes,Yes,21,3,move,CP,8,correct
Yes,Yes,22,3,nomove,DP,8,correct
Yes,Yes,22,3,nomove,DP,8,correct
Yes,Yes,22,3,nomove,DP,8,correct
Yes,Yes,22,3,nomove,DP,8,correct
Yes,Yes,22,3,nomove,DP,8,correct
No,No,25,3,move,DP,8,correct
No,No,25,3,move,DP,8,correct
No,No,25,3,move,DP,8,correct
No,No,25,3,move,DP,8,correct
No,No,25,3,move,DP,8,correct
Yes,Yes,30,3,nomove,CP,8,correct
Yes,Yes,30,3,nomove,CP,8,correct
Yes,Yes,30,3,nomove,CP,8,correct
Yes,Yes,30,3,nomove,CP,8,correct
Yes,Yes,30,3,nomove,CP,8,correct
No,No,31,3,move,DP,8,correct
No,No,31,3,move,DP,8,correct
No,No,31,3,move,DP,8,correct
No,No,31,3,move,DP,8,correct
No,No,31,3,move,DP,8,correct
Yes,Yes,32,3,move,unacc,8,correct
Yes,Yes,32,3,move,unacc,8,correct
Yes,Yes,32,3,move,unacc,8,correct
Yes,Yes,32,3,move,unacc,8,correct
Yes,Yes,32,3,move,unacc,8,correct
No,No,33,3,move,CP,8,correct
No,No,33,3,move,CP,8,correct
No,No,33,3,move,CP,8,correct
No,No,33,3,move,CP,8,correct
No,No,33,3,move,CP,8,correct
Yes,Yes,35,3,nomove,unacc,8,correct
Yes,Yes,35,3,nomove,unacc,8,correct
Yes,Yes,35,3,nomove,unacc,8,correct
Yes,Yes,35,3,nomove,unacc,8,correct
Yes,Yes,35,3,nomove,unacc,8,correct
No,No,37,3,filler,none,8,correct
No,No,37,3,filler,none,8,correct
No,No,37,3,filler,none,8,correct
No,No,37,3,filler,none,8,correct
No,No,37,3,filler,none,8,correct
No,No,37,3,filler,none,8,correct
No,No,37,3,filler,none,8,correct
No,No,37,3,filler,none,8,correct
No,No,37,3,filler,none,8,correct
No,No,37,3,filler,none,8,correct
No,No,37,3,filler,none,8,correct
No,No,38,3,filler,none,8,correct
No,No,38,3,filler,none,8,correct
No,No,38,3,filler,none,8,correct
No,No,38,3,filler,none,8,correct
No,No,38,3,filler,none,8,correct
No,No,38,3,filler,none,8,correct
No,No,38,3,filler,none,8,correct
No,No,38,3,filler,none,8,correct
No,No,38,3,filler,none,8,correct
No,No,38,3,filler,none,8,correct
No,No,38,3,filler,none,8,correct
No,No,39,3,filler,none,8,correct
No,No,39,3,filler,none,8,correct
No,No,39,3,filler,none,8,correct
No,No,39,3,filler,none,8,correct
No,No,39,3,filler,none,8,correct
No,No,39,3,filler,none,8,correct
No,No,39,3,filler,none,8,correct
No,No,39,3,filler,none,8,correct
No,No,39,3,filler,none,8,correct
No,No,39,3,filler,none,8,correct
No,No,39,3,filler,none,8,correct
Yes,Yes,43,3,filler,none,8,correct
Yes,Yes,43,3,filler,none,8,correct
Yes,Yes,43,3,filler,none,8,correct
Yes,Yes,43,3,filler,none,8,correct
Yes,Yes,43,3,filler,none,8,correct
Yes,Yes,43,3,filler,none,8,correct
Yes,Yes,43,3,filler,none,8,correct
Yes,Yes,43,3,filler,none,8,correct
Yes,Yes,43,3,filler,none,8,correct
Yes,Yes,43,3,filler,none,8,correct
Yes,Yes,43,3,filler,none,8,correct
No,No,44,3,filler,none,8,correct
No,No,44,3,filler,none,8,correct
No,No,44,3,filler,none,8,correct
No,No,44,3,filler,none,8,correct
No,No,44,3,filler,none,8,correct
No,No,44,3,filler,none,8,correct
No,No,44,3,filler,none,8,correct
No,No,44,3,filler,none,8,correct
No,No,44,3,filler,none,8,correct
No,No,44,3,filler,none,8,correct
No,No,44,3,filler,none,8,correct
No,No,46,3,filler,none,8,correct
No,No,46,3,filler,none,8,correct
No,No,46,3,filler,none,8,correct
No,No,46,3,filler,none,8,correct
No,No,46,3,filler,none,8,correct
No,No,46,3,filler,none,8,correct
No,No,46,3,filler,none,8,correct
No,No,46,3,filler,none,8,correct
No,No,46,3,filler,none,8,correct
No,No,46,3,filler,none,8,correct
No,No,46,3,filler,none,8,correct
Yes,Yes,48,3,filler,none,8,correct
Yes,Yes,48,3,filler,none,8,correct
Yes,Yes,48,3,filler,none,8,correct
Yes,Yes,48,3,filler,none,8,correct
Yes,Yes,48,3,filler,none,8,correct
Yes,Yes,48,3,filler,none,8,correct
Yes,Yes,48,3,filler,none,8,correct
Yes,Yes,48,3,filler,none,8,correct
Yes,Yes,48,3,filler,none,8,correct
Yes,Yes,48,3,filler,none,8,correct
Yes,Yes,48,3,filler,none,8,correct
No,No,50,3,filler,none,8,correct
No,No,50,3,filler,none,8,correct
No,No,50,3,filler,none,8,correct
No,No,50,3,filler,none,8,correct
No,No,50,3,filler,none,8,correct
No,No,50,3,filler,none,8,correct
No,No,50,3,filler,none,8,correct
No,No,50,3,filler,none,8,correct
No,No,50,3,filler,none,8,correct
No,No,50,3,filler,none,8,correct
No,No,50,3,filler,none,8,correct
Yes,Yes,52,3,filler,none,8,correct
Yes,Yes,52,3,filler,none,8,correct
Yes,Yes,52,3,filler,none,8,correct
Yes,Yes,52,3,filler,none,8,correct
Yes,Yes,52,3,filler,none,8,correct
Yes,Yes,52,3,filler,none,8,correct
Yes,Yes,52,3,filler,none,8,correct
Yes,Yes,52,3,filler,none,8,correct
Yes,Yes,52,3,filler,none,8,correct
Yes,Yes,52,3,filler,none,8,correct
Yes,Yes,52,3,filler,none,8,correct
No,No,53,3,filler,none,8,correct
No,No,53,3,filler,none,8,correct
No,No,53,3,filler,none,8,correct
No,No,53,3,filler,none,8,correct
No,No,53,3,filler,none,8,correct
No,No,53,3,filler,none,8,correct
No,No,53,3,filler,none,8,correct
No,No,53,3,filler,none,8,correct
No,No,53,3,filler,none,8,correct
No,No,53,3,filler,none,8,correct
No,No,53,3,filler,none,8,correct
Yes,Yes,58,3,filler,none,8,correct
Yes,Yes,58,3,filler,none,8,correct
Yes,Yes,58,3,filler,none,8,correct
Yes,Yes,58,3,filler,none,8,correct
Yes,Yes,58,3,filler,none,8,correct
Yes,Yes,58,3,filler,none,8,correct
Yes,Yes,58,3,filler,none,8,correct
Yes,Yes,58,3,filler,none,8,correct
Yes,Yes,58,3,filler,none,8,correct
Yes,Yes,58,3,filler,none,8,correct
Yes,Yes,58,3,filler,none,8,correct
Yes,Yes,58,3,filler,none,8,correct
No,No,59,3,filler,none,8,correct
No,No,59,3,filler,none,8,correct
No,No,59,3,filler,none,8,correct
No,No,59,3,filler,none,8,correct
No,No,59,3,filler,none,8,correct
No,No,59,3,filler,none,8,correct
No,No,59,3,filler,none,8,correct
No,No,59,3,filler,none,8,correct
No,No,59,3,filler,none,8,correct
No,No,59,3,filler,none,8,correct
No,No,59,3,filler,none,8,correct
No,No,59,3,filler,none,8,correct
No,No,59,3,filler,none,8,correct
No,No,62,3,filler,none,8,correct
No,No,62,3,filler,none,8,correct
No,No,62,3,filler,none,8,correct
No,No,62,3,filler,none,8,correct
No,No,62,3,filler,none,8,correct
No,No,62,3,filler,none,8,correct
No,No,62,3,filler,none,8,correct
No,No,62,3,filler,none,8,correct
No,No,62,3,filler,none,8,correct
No,No,62,3,filler,none,8,correct
No,No,62,3,filler,none,8,correct
No,No,62,3,filler,none,8,correct
Yes,Yes,64,3,filler,none,8,correct
Yes,Yes,64,3,filler,none,8,correct
Yes,Yes,64,3,filler,none,8,correct
Yes,Yes,64,3,filler,none,8,correct
Yes,Yes,64,3,filler,none,8,correct
Yes,Yes,64,3,filler,none,8,correct
Yes,Yes,64,3,filler,none,8,correct
Yes,Yes,64,3,filler,none,8,correct
Yes,Yes,64,3,filler,none,8,correct
Yes,Yes,64,3,filler,none,8,correct
Yes,Yes,64,3,filler,none,8,correct
Yes,Yes,64,3,filler,none,8,correct
No,No,66,3,filler,none,8,correct
No,No,66,3,filler,none,8,correct
No,No,66,3,filler,none,8,correct
No,No,66,3,filler,none,8,correct
No,No,66,3,filler,none,8,correct
No,No,66,3,filler,none,8,correct
No,No,66,3,filler,none,8,correct
No,No,66,3,filler,none,8,correct
No,No,66,3,filler,none,8,correct
No,No,66,3,filler,none,8,correct
No,No,66,3,filler,none,8,correct
No,No,66,3,filler,none,8,correct
No,No,68,3,filler,none,8,correct
No,No,68,3,filler,none,8,correct
No,No,68,3,filler,none,8,correct
No,No,68,3,filler,none,8,correct
No,No,68,3,filler,none,8,correct
No,No,68,3,filler,none,8,correct
No,No,68,3,filler,none,8,correct
No,No,68,3,filler,none,8,correct
No,No,68,3,filler,none,8,correct
No,No,68,3,filler,none,8,correct
No,No,68,3,filler,none,8,correct
No,No,68,3,filler,none,8,correct
No,No,69,3,filler,none,8,correct
No,No,69,3,filler,none,8,correct
No,No,69,3,filler,none,8,correct
No,No,69,3,filler,none,8,correct
No,No,69,3,filler,none,8,correct
No,No,69,3,filler,none,8,correct
No,No,69,3,filler,none,8,correct
No,No,69,3,filler,none,8,correct
No,No,69,3,filler,none,8,correct
No,No,69,3,filler,none,8,correct
No,No,69,3,filler,none,8,correct
No,No,69,3,filler,none,8,correct
Yes,Yes,72,3,filler,none,8,correct
Yes,Yes,72,3,filler,none,8,correct
Yes,Yes,72,3,filler,none,8,correct
Yes,Yes,72,3,filler,none,8,correct
Yes,Yes,72,3,filler,none,8,correct
Yes,Yes,72,3,filler,none,8,correct
Yes,Yes,72,3,filler,none,8,correct
Yes,Yes,72,3,filler,none,8,correct
Yes,Yes,72,3,filler,none,8,correct
Yes,Yes,72,3,filler,none,8,correct
Yes,Yes,72,3,filler,none,8,correct
Yes,Yes,72,3,filler,none,8,correct
Yes,No,73,3,filler,none,8,incorrect
Yes,No,73,3,filler,none,8,incorrect
Yes,No,73,3,filler,none,8,incorrect
Yes,No,73,3,filler,none,8,incorrect
Yes,No,73,3,filler,none,8,incorrect
Yes,No,73,3,filler,none,8,incorrect
Yes,No,73,3,filler,none,8,incorrect
Yes,No,73,3,filler,none,8,incorrect
Yes,No,73,3,filler,none,8,incorrect
Yes,No,73,3,filler,none,8,incorrect
Yes,No,73,3,filler,none,8,incorrect
Yes,No,73,3,filler,none,8,incorrect
Yes,No,73,3,filler,none,8,incorrect
Yes,Yes,74,3,filler,none,8,correct
Yes,Yes,74,3,filler,none,8,correct
Yes,Yes,74,3,filler,none,8,correct
Yes,Yes,74,3,filler,none,8,correct
Yes,Yes,74,3,filler,none,8,correct
Yes,Yes,74,3,filler,none,8,correct
Yes,Yes,74,3,filler,none,8,correct
Yes,Yes,74,3,filler,none,8,correct
Yes,Yes,74,3,filler,none,8,correct
Yes,Yes,74,3,filler,none,8,correct
Yes,Yes,74,3,filler,none,8,correct
Yes,Yes,74,3,filler,none,8,correct
Yes,Yes,74,3,filler,none,8,correct
Yes,Yes,75,3,filler,none,8,correct
Yes,Yes,75,3,filler,none,8,correct
Yes,Yes,75,3,filler,none,8,correct
Yes,Yes,75,3,filler,none,8,correct
Yes,Yes,75,3,filler,none,8,correct
Yes,Yes,75,3,filler,none,8,correct
Yes,Yes,75,3,filler,none,8,correct
Yes,Yes,75,3,filler,none,8,correct
Yes,Yes,75,3,filler,none,8,correct
Yes,Yes,75,3,filler,none,8,correct
Yes,Yes,75,3,filler,none,8,correct
Yes,Yes,75,3,filler,none,8,correct
Yes,Yes,75,3,filler,none,8,correct
Yes,Yes,77,3,filler,none,8,correct
Yes,Yes,77,3,filler,none,8,correct
Yes,Yes,77,3,filler,none,8,correct
Yes,Yes,77,3,filler,none,8,correct
Yes,Yes,77,3,filler,none,8,correct
Yes,Yes,77,3,filler,none,8,correct
Yes,Yes,77,3,filler,none,8,correct
Yes,Yes,77,3,filler,none,8,correct
Yes,Yes,77,3,filler,none,8,correct
Yes,Yes,77,3,filler,none,8,correct
Yes,Yes,77,3,filler,none,8,correct
Yes,Yes,77,3,filler,none,8,correct
Yes,Yes,77,3,filler,none,8,correct
No,No,78,3,filler,none,8,correct
No,No,78,3,filler,none,8,correct
No,No,78,3,filler,none,8,correct
No,No,78,3,filler,none,8,correct
No,No,78,3,filler,none,8,correct
No,No,78,3,filler,none,8,correct
No,No,78,3,filler,none,8,correct
No,No,78,3,filler,none,8,correct
No,No,78,3,filler,none,8,correct
No,No,78,3,filler,none,8,correct
No,No,78,3,filler,none,8,correct
No,No,78,3,filler,none,8,correct
No,No,78,3,filler,none,8,correct
No,No,80,3,filler,none,8,correct
No,No,80,3,filler,none,8,correct
No,No,80,3,filler,none,8,correct
No,No,80,3,filler,none,8,correct
No,No,80,3,filler,none,8,correct
No,No,80,3,filler,none,8,correct
No,No,80,3,filler,none,8,correct
No,No,80,3,filler,none,8,correct
No,No,80,3,filler,none,8,correct
No,No,80,3,filler,none,8,correct
No,No,80,3,filler,none,8,correct
No,No,80,3,filler,none,8,correct
No,No,80,3,filler,none,8,correct
No,No,82,3,filler,none,8,correct
No,No,82,3,filler,none,8,correct
No,No,82,3,filler,none,8,correct
No,No,82,3,filler,none,8,correct
No,No,82,3,filler,none,8,correct
No,No,82,3,filler,none,8,correct
No,No,82,3,filler,none,8,correct
No,No,82,3,filler,none,8,correct
No,No,82,3,filler,none,8,correct
No,No,82,3,filler,none,8,correct
No,No,82,3,filler,none,8,correct
No,No,82,3,filler,none,8,correct
No,No,82,3,filler,none,8,correct
No,No,84,3,filler,none,8,correct
No,No,84,3,filler,none,8,correct
No,No,84,3,filler,none,8,correct
No,No,84,3,filler,none,8,correct
No,No,84,3,filler,none,8,correct
No,No,84,3,filler,none,8,correct
No,No,84,3,filler,none,8,correct
No,No,84,3,filler,none,8,correct
No,No,84,3,filler,none,8,correct
No,No,84,3,filler,none,8,correct
No,No,84,3,filler,none,8,correct
No,No,84,3,filler,none,8,correct
No,No,84,3,filler,none,8,correct
No,No,87,3,filler,none,8,correct
No,No,87,3,filler,none,8,correct
No,No,87,3,filler,none,8,correct
No,No,87,3,filler,none,8,correct
No,No,87,3,filler,none,8,correct
No,No,87,3,filler,none,8,correct
No,No,87,3,filler,none,8,correct
No,No,87,3,filler,none,8,correct
No,No,87,3,filler,none,8,correct
No,No,87,3,filler,none,8,correct
No,No,87,3,filler,none,8,correct
No,No,87,3,filler,none,8,correct
No,No,87,3,filler,none,8,correct
No,No,89,3,filler,none,8,correct
No,No,89,3,filler,none,8,correct
No,No,89,3,filler,none,8,correct
No,No,89,3,filler,none,8,correct
No,No,89,3,filler,none,8,correct
No,No,89,3,filler,none,8,correct
No,No,89,3,filler,none,8,correct
No,No,89,3,filler,none,8,correct
No,No,89,3,filler,none,8,correct
No,No,89,3,filler,none,8,correct
No,No,89,3,filler,none,8,correct
No,No,89,3,filler,none,8,correct
No,No,89,3,filler,none,8,correct
Yes,Yes,1,4,nomove,CP,9,correct
Yes,Yes,1,4,nomove,CP,9,correct
Yes,Yes,1,4,nomove,CP,9,correct
Yes,Yes,1,4,nomove,CP,9,correct
Yes,Yes,1,4,nomove,CP,9,correct
Yes,Yes,2,4,move,DP,9,correct
Yes,Yes,2,4,move,DP,9,correct
Yes,Yes,2,4,move,DP,9,correct
Yes,Yes,2,4,move,DP,9,correct
Yes,Yes,2,4,move,DP,9,correct
No,No,5,4,nomove,DP,9,correct
No,No,5,4,nomove,DP,9,correct
No,No,5,4,nomove,DP,9,correct
No,No,5,4,nomove,DP,9,correct
No,No,5,4,nomove,DP,9,correct
Yes,Yes,6,4,nomove,unacc,9,correct
Yes,Yes,6,4,nomove,unacc,9,correct
Yes,Yes,6,4,nomove,unacc,9,correct
Yes,Yes,6,4,nomove,unacc,9,correct
Yes,Yes,6,4,nomove,unacc,9,correct
Yes,Yes,7,4,nomove,CP,9,correct
Yes,Yes,7,4,nomove,CP,9,correct
Yes,Yes,7,4,nomove,CP,9,correct
Yes,Yes,7,4,nomove,CP,9,correct
Yes,Yes,7,4,nomove,CP,9,correct
Yes,Yes,11,4,nomove,DP,9,correct
Yes,Yes,11,4,nomove,DP,9,correct
Yes,Yes,11,4,nomove,DP,9,correct
Yes,Yes,11,4,nomove,DP,9,correct
Yes,Yes,11,4,nomove,DP,9,correct
Yes,Yes,13,4,nomove,CP,9,correct
Yes,Yes,13,4,nomove,CP,9,correct
Yes,Yes,13,4,nomove,CP,9,correct
Yes,Yes,13,4,nomove,CP,9,correct
Yes,Yes,13,4,nomove,CP,9,correct
Yes,Yes,14,4,move,DP,9,correct
Yes,Yes,14,4,move,DP,9,correct
Yes,Yes,14,4,move,DP,9,correct
Yes,Yes,14,4,move,DP,9,correct
Yes,Yes,14,4,move,DP,9,correct
Yes,Yes,17,4,move,CP,9,correct
Yes,Yes,17,4,move,CP,9,correct
Yes,Yes,17,4,move,CP,9,correct
Yes,Yes,17,4,move,CP,9,correct
Yes,Yes,17,4,move,CP,9,correct
Yes,Yes,19,4,nomove,CP,9,correct
Yes,Yes,19,4,nomove,CP,9,correct
Yes,Yes,19,4,nomove,CP,9,correct
Yes,Yes,19,4,nomove,CP,9,correct
Yes,Yes,19,4,nomove,CP,9,correct
Yes,Yes,21,4,move,unacc,9,correct
Yes,Yes,21,4,move,unacc,9,correct
Yes,Yes,21,4,move,unacc,9,correct
Yes,Yes,21,4,move,unacc,9,correct
Yes,Yes,21,4,move,unacc,9,correct
No,Yes,22,4,move,CP,9,incorrect
No,Yes,22,4,move,CP,9,incorrect
No,Yes,22,4,move,CP,9,incorrect
No,Yes,22,4,move,CP,9,incorrect
No,Yes,22,4,move,CP,9,incorrect
No,No,25,4,nomove,CP,9,correct
No,No,25,4,nomove,CP,9,correct
No,No,25,4,nomove,CP,9,correct
No,No,25,4,nomove,CP,9,correct
No,No,25,4,nomove,CP,9,correct
Yes,Yes,30,4,nomove,unacc,9,correct
Yes,Yes,30,4,nomove,unacc,9,correct
Yes,Yes,30,4,nomove,unacc,9,correct
Yes,Yes,30,4,nomove,unacc,9,correct
Yes,Yes,30,4,nomove,unacc,9,correct
No,No,31,4,nomove,CP,9,correct
No,No,31,4,nomove,CP,9,correct
No,No,31,4,nomove,CP,9,correct
No,No,31,4,nomove,CP,9,correct
No,No,31,4,nomove,CP,9,correct
Yes,Yes,32,4,move,DP,9,correct
Yes,Yes,32,4,move,DP,9,correct
Yes,Yes,32,4,move,DP,9,correct
Yes,Yes,32,4,move,DP,9,correct
Yes,Yes,32,4,move,DP,9,correct
No,No,33,4,move,unacc,9,correct
No,No,33,4,move,unacc,9,correct
No,No,33,4,move,unacc,9,correct
No,No,33,4,move,unacc,9,correct
No,No,33,4,move,unacc,9,correct
No,Yes,35,4,nomove,DP,9,incorrect
No,Yes,35,4,nomove,DP,9,incorrect
No,Yes,35,4,nomove,DP,9,incorrect
No,Yes,35,4,nomove,DP,9,incorrect
No,Yes,35,4,nomove,DP,9,incorrect
No,No,37,4,filler,none,9,correct
No,No,37,4,filler,none,9,correct
No,No,37,4,filler,none,9,correct
No,No,37,4,filler,none,9,correct
No,No,37,4,filler,none,9,correct
No,No,37,4,filler,none,9,correct
No,No,37,4,filler,none,9,correct
No,No,37,4,filler,none,9,correct
No,No,37,4,filler,none,9,correct
No,No,37,4,filler,none,9,correct
No,No,37,4,filler,none,9,correct
No,No,38,4,filler,none,9,correct
No,No,38,4,filler,none,9,correct
No,No,38,4,filler,none,9,correct
No,No,38,4,filler,none,9,correct
No,No,38,4,filler,none,9,correct
No,No,38,4,filler,none,9,correct
No,No,38,4,filler,none,9,correct
No,No,38,4,filler,none,9,correct
No,No,38,4,filler,none,9,correct
No,No,38,4,filler,none,9,correct
No,No,38,4,filler,none,9,correct
No,No,39,4,filler,none,9,correct
No,No,39,4,filler,none,9,correct
No,No,39,4,filler,none,9,correct
No,No,39,4,filler,none,9,correct
No,No,39,4,filler,none,9,correct
No,No,39,4,filler,none,9,correct
No,No,39,4,filler,none,9,correct
No,No,39,4,filler,none,9,correct
No,No,39,4,filler,none,9,correct
No,No,39,4,filler,none,9,correct
No,No,39,4,filler,none,9,correct
Yes,Yes,43,4,filler,none,9,correct
Yes,Yes,43,4,filler,none,9,correct
Yes,Yes,43,4,filler,none,9,correct
Yes,Yes,43,4,filler,none,9,correct
Yes,Yes,43,4,filler,none,9,correct
Yes,Yes,43,4,filler,none,9,correct
Yes,Yes,43,4,filler,none,9,correct
Yes,Yes,43,4,filler,none,9,correct
Yes,Yes,43,4,filler,none,9,correct
Yes,Yes,43,4,filler,none,9,correct
Yes,Yes,43,4,filler,none,9,correct
No,No,44,4,filler,none,9,correct
No,No,44,4,filler,none,9,correct
No,No,44,4,filler,none,9,correct
No,No,44,4,filler,none,9,correct
No,No,44,4,filler,none,9,correct
No,No,44,4,filler,none,9,correct
No,No,44,4,filler,none,9,correct
No,No,44,4,filler,none,9,correct
No,No,44,4,filler,none,9,correct
No,No,44,4,filler,none,9,correct
No,No,44,4,filler,none,9,correct
No,No,46,4,filler,none,9,correct
No,No,46,4,filler,none,9,correct
No,No,46,4,filler,none,9,correct
No,No,46,4,filler,none,9,correct
No,No,46,4,filler,none,9,correct
No,No,46,4,filler,none,9,correct
No,No,46,4,filler,none,9,correct
No,No,46,4,filler,none,9,correct
No,No,46,4,filler,none,9,correct
No,No,46,4,filler,none,9,correct
No,No,46,4,filler,none,9,correct
Yes,Yes,48,4,filler,none,9,correct
Yes,Yes,48,4,filler,none,9,correct
Yes,Yes,48,4,filler,none,9,correct
Yes,Yes,48,4,filler,none,9,correct
Yes,Yes,48,4,filler,none,9,correct
Yes,Yes,48,4,filler,none,9,correct
Yes,Yes,48,4,filler,none,9,correct
Yes,Yes,48,4,filler,none,9,correct
Yes,Yes,48,4,filler,none,9,correct
Yes,Yes,48,4,filler,none,9,correct
Yes,Yes,48,4,filler,none,9,correct
No,No,50,4,filler,none,9,correct
No,No,50,4,filler,none,9,correct
No,No,50,4,filler,none,9,correct
No,No,50,4,filler,none,9,correct
No,No,50,4,filler,none,9,correct
No,No,50,4,filler,none,9,correct
No,No,50,4,filler,none,9,correct
No,No,50,4,filler,none,9,correct
No,No,50,4,filler,none,9,correct
No,No,50,4,filler,none,9,correct
No,No,50,4,filler,none,9,correct
Yes,Yes,52,4,filler,none,9,correct
Yes,Yes,52,4,filler,none,9,correct
Yes,Yes,52,4,filler,none,9,correct
Yes,Yes,52,4,filler,none,9,correct
Yes,Yes,52,4,filler,none,9,correct
Yes,Yes,52,4,filler,none,9,correct
Yes,Yes,52,4,filler,none,9,correct
Yes,Yes,52,4,filler,none,9,correct
Yes,Yes,52,4,filler,none,9,correct
Yes,Yes,52,4,filler,none,9,correct
Yes,Yes,52,4,filler,none,9,correct
No,No,53,4,filler,none,9,correct
No,No,53,4,filler,none,9,correct
No,No,53,4,filler,none,9,correct
No,No,53,4,filler,none,9,correct
No,No,53,4,filler,none,9,correct
No,No,53,4,filler,none,9,correct
No,No,53,4,filler,none,9,correct
No,No,53,4,filler,none,9,correct
No,No,53,4,filler,none,9,correct
No,No,53,4,filler,none,9,correct
No,No,53,4,filler,none,9,correct
Yes,Yes,58,4,filler,none,9,correct
Yes,Yes,58,4,filler,none,9,correct
Yes,Yes,58,4,filler,none,9,correct
Yes,Yes,58,4,filler,none,9,correct
Yes,Yes,58,4,filler,none,9,correct
Yes,Yes,58,4,filler,none,9,correct
Yes,Yes,58,4,filler,none,9,correct
Yes,Yes,58,4,filler,none,9,correct
Yes,Yes,58,4,filler,none,9,correct
Yes,Yes,58,4,filler,none,9,correct
Yes,Yes,58,4,filler,none,9,correct
Yes,Yes,58,4,filler,none,9,correct
No,No,59,4,filler,none,9,correct
No,No,59,4,filler,none,9,correct
No,No,59,4,filler,none,9,correct
No,No,59,4,filler,none,9,correct
No,No,59,4,filler,none,9,correct
No,No,59,4,filler,none,9,correct
No,No,59,4,filler,none,9,correct
No,No,59,4,filler,none,9,correct
No,No,59,4,filler,none,9,correct
No,No,59,4,filler,none,9,correct
No,No,59,4,filler,none,9,correct
No,No,59,4,filler,none,9,correct
No,No,59,4,filler,none,9,correct
No,No,62,4,filler,none,9,correct
No,No,62,4,filler,none,9,correct
No,No,62,4,filler,none,9,correct
No,No,62,4,filler,none,9,correct
No,No,62,4,filler,none,9,correct
No,No,62,4,filler,none,9,correct
No,No,62,4,filler,none,9,correct
No,No,62,4,filler,none,9,correct
No,No,62,4,filler,none,9,correct
No,No,62,4,filler,none,9,correct
No,No,62,4,filler,none,9,correct
No,No,62,4,filler,none,9,correct
No,Yes,64,4,filler,none,9,incorrect
No,Yes,64,4,filler,none,9,incorrect
No,Yes,64,4,filler,none,9,incorrect
No,Yes,64,4,filler,none,9,incorrect
No,Yes,64,4,filler,none,9,incorrect
No,Yes,64,4,filler,none,9,incorrect
No,Yes,64,4,filler,none,9,incorrect
No,Yes,64,4,filler,none,9,incorrect
No,Yes,64,4,filler,none,9,incorrect
No,Yes,64,4,filler,none,9,incorrect
No,Yes,64,4,filler,none,9,incorrect
No,Yes,64,4,filler,none,9,incorrect
No,No,66,4,filler,none,9,correct
No,No,66,4,filler,none,9,correct
No,No,66,4,filler,none,9,correct
No,No,66,4,filler,none,9,correct
No,No,66,4,filler,none,9,correct
No,No,66,4,filler,none,9,correct
No,No,66,4,filler,none,9,correct
No,No,66,4,filler,none,9,correct
No,No,66,4,filler,none,9,correct
No,No,66,4,filler,none,9,correct
No,No,66,4,filler,none,9,correct
No,No,66,4,filler,none,9,correct
No,No,68,4,filler,none,9,correct
No,No,68,4,filler,none,9,correct
No,No,68,4,filler,none,9,correct
No,No,68,4,filler,none,9,correct
No,No,68,4,filler,none,9,correct
No,No,68,4,filler,none,9,correct
No,No,68,4,filler,none,9,correct
No,No,68,4,filler,none,9,correct
No,No,68,4,filler,none,9,correct
No,No,68,4,filler,none,9,correct
No,No,68,4,filler,none,9,correct
No,No,68,4,filler,none,9,correct
Yes,No,69,4,filler,none,9,incorrect
Yes,No,69,4,filler,none,9,incorrect
Yes,No,69,4,filler,none,9,incorrect
Yes,No,69,4,filler,none,9,incorrect
Yes,No,69,4,filler,none,9,incorrect
Yes,No,69,4,filler,none,9,incorrect
Yes,No,69,4,filler,none,9,incorrect
Yes,No,69,4,filler,none,9,incorrect
Yes,No,69,4,filler,none,9,incorrect
Yes,No,69,4,filler,none,9,incorrect
Yes,No,69,4,filler,none,9,incorrect
Yes,No,69,4,filler,none,9,incorrect
Yes,Yes,72,4,filler,none,9,correct
Yes,Yes,72,4,filler,none,9,correct
Yes,Yes,72,4,filler,none,9,correct
Yes,Yes,72,4,filler,none,9,correct
Yes,Yes,72,4,filler,none,9,correct
Yes,Yes,72,4,filler,none,9,correct
Yes,Yes,72,4,filler,none,9,correct
Yes,Yes,72,4,filler,none,9,correct
Yes,Yes,72,4,filler,none,9,correct
Yes,Yes,72,4,filler,none,9,correct
Yes,Yes,72,4,filler,none,9,correct
Yes,Yes,72,4,filler,none,9,correct
Yes,No,73,4,filler,none,9,incorrect
Yes,No,73,4,filler,none,9,incorrect
Yes,No,73,4,filler,none,9,incorrect
Yes,No,73,4,filler,none,9,incorrect
Yes,No,73,4,filler,none,9,incorrect
Yes,No,73,4,filler,none,9,incorrect
Yes,No,73,4,filler,none,9,incorrect
Yes,No,73,4,filler,none,9,incorrect
Yes,No,73,4,filler,none,9,incorrect
Yes,No,73,4,filler,none,9,incorrect
Yes,No,73,4,filler,none,9,incorrect
Yes,No,73,4,filler,none,9,incorrect
Yes,No,73,4,filler,none,9,incorrect
Yes,Yes,74,4,filler,none,9,correct
Yes,Yes,74,4,filler,none,9,correct
Yes,Yes,74,4,filler,none,9,correct
Yes,Yes,74,4,filler,none,9,correct
Yes,Yes,74,4,filler,none,9,correct
Yes,Yes,74,4,filler,none,9,correct
Yes,Yes,74,4,filler,none,9,correct
Yes,Yes,74,4,filler,none,9,correct
Yes,Yes,74,4,filler,none,9,correct
Yes,Yes,74,4,filler,none,9,correct
Yes,Yes,74,4,filler,none,9,correct
Yes,Yes,74,4,filler,none,9,correct
Yes,Yes,74,4,filler,none,9,correct
Yes,Yes,75,4,filler,none,9,correct
Yes,Yes,75,4,filler,none,9,correct
Yes,Yes,75,4,filler,none,9,correct
Yes,Yes,75,4,filler,none,9,correct
Yes,Yes,75,4,filler,none,9,correct
Yes,Yes,75,4,filler,none,9,correct
Yes,Yes,75,4,filler,none,9,correct
Yes,Yes,75,4,filler,none,9,correct
Yes,Yes,75,4,filler,none,9,correct
Yes,Yes,75,4,filler,none,9,correct
Yes,Yes,75,4,filler,none,9,correct
Yes,Yes,75,4,filler,none,9,correct
Yes,Yes,75,4,filler,none,9,correct
Yes,Yes,77,4,filler,none,9,correct
Yes,Yes,77,4,filler,none,9,correct
Yes,Yes,77,4,filler,none,9,correct
Yes,Yes,77,4,filler,none,9,correct
Yes,Yes,77,4,filler,none,9,correct
Yes,Yes,77,4,filler,none,9,correct
Yes,Yes,77,4,filler,none,9,correct
Yes,Yes,77,4,filler,none,9,correct
Yes,Yes,77,4,filler,none,9,correct
Yes,Yes,77,4,filler,none,9,correct
Yes,Yes,77,4,filler,none,9,correct
Yes,Yes,77,4,filler,none,9,correct
Yes,Yes,77,4,filler,none,9,correct
No,No,78,4,filler,none,9,correct
No,No,78,4,filler,none,9,correct
No,No,78,4,filler,none,9,correct
No,No,78,4,filler,none,9,correct
No,No,78,4,filler,none,9,correct
No,No,78,4,filler,none,9,correct
No,No,78,4,filler,none,9,correct
No,No,78,4,filler,none,9,correct
No,No,78,4,filler,none,9,correct
No,No,78,4,filler,none,9,correct
No,No,78,4,filler,none,9,correct
No,No,78,4,filler,none,9,correct
No,No,78,4,filler,none,9,correct
No,No,80,4,filler,none,9,correct
No,No,80,4,filler,none,9,correct
No,No,80,4,filler,none,9,correct
No,No,80,4,filler,none,9,correct
No,No,80,4,filler,none,9,correct
No,No,80,4,filler,none,9,correct
No,No,80,4,filler,none,9,correct
No,No,80,4,filler,none,9,correct
No,No,80,4,filler,none,9,correct
No,No,80,4,filler,none,9,correct
No,No,80,4,filler,none,9,correct
No,No,80,4,filler,none,9,correct
No,No,80,4,filler,none,9,correct
No,No,82,4,filler,none,9,correct
No,No,82,4,filler,none,9,correct
No,No,82,4,filler,none,9,correct
No,No,82,4,filler,none,9,correct
No,No,82,4,filler,none,9,correct
No,No,82,4,filler,none,9,correct
No,No,82,4,filler,none,9,correct
No,No,82,4,filler,none,9,correct
No,No,82,4,filler,none,9,correct
No,No,82,4,filler,none,9,correct
No,No,82,4,filler,none,9,correct
No,No,82,4,filler,none,9,correct
No,No,82,4,filler,none,9,correct
No,No,84,4,filler,none,9,correct
No,No,84,4,filler,none,9,correct
No,No,84,4,filler,none,9,correct
No,No,84,4,filler,none,9,correct
No,No,84,4,filler,none,9,correct
No,No,84,4,filler,none,9,correct
No,No,84,4,filler,none,9,correct
No,No,84,4,filler,none,9,correct
No,No,84,4,filler,none,9,correct
No,No,84,4,filler,none,9,correct
No,No,84,4,filler,none,9,correct
No,No,84,4,filler,none,9,correct
No,No,84,4,filler,none,9,correct
No,No,87,4,filler,none,9,correct
No,No,87,4,filler,none,9,correct
No,No,87,4,filler,none,9,correct
No,No,87,4,filler,none,9,correct
No,No,87,4,filler,none,9,correct
No,No,87,4,filler,none,9,correct
No,No,87,4,filler,none,9,correct
No,No,87,4,filler,none,9,correct
No,No,87,4,filler,none,9,correct
No,No,87,4,filler,none,9,correct
No,No,87,4,filler,none,9,correct
No,No,87,4,filler,none,9,correct
No,No,87,4,filler,none,9,correct
No,No,89,4,filler,none,9,correct
No,No,89,4,filler,none,9,correct
No,No,89,4,filler,none,9,correct
No,No,89,4,filler,none,9,correct
No,No,89,4,filler,none,9,correct
No,No,89,4,filler,none,9,correct
No,No,89,4,filler,none,9,correct
No,No,89,4,filler,none,9,correct
No,No,89,4,filler,none,9,correct
No,No,89,4,filler,none,9,correct
No,No,89,4,filler,none,9,correct
No,No,89,4,filler,none,9,correct
No,No,89,4,filler,none,9,correct
Yes,Yes,1,5,nomove,unacc,10,correct
Yes,Yes,1,5,nomove,unacc,10,correct
Yes,Yes,1,5,nomove,unacc,10,correct
Yes,Yes,1,5,nomove,unacc,10,correct
Yes,Yes,1,5,nomove,unacc,10,correct
Yes,Yes,2,5,nomove,CP,10,correct
Yes,Yes,2,5,nomove,CP,10,correct
Yes,Yes,2,5,nomove,CP,10,correct
Yes,Yes,2,5,nomove,CP,10,correct
Yes,Yes,2,5,nomove,CP,10,correct
No,No,5,5,move,CP,10,correct
No,No,5,5,move,CP,10,correct
No,No,5,5,move,CP,10,correct
No,No,5,5,move,CP,10,correct
No,No,5,5,move,CP,10,correct
No,Yes,6,5,nomove,DP,10,incorrect
No,Yes,6,5,nomove,DP,10,incorrect
No,Yes,6,5,nomove,DP,10,incorrect
No,Yes,6,5,nomove,DP,10,incorrect
No,Yes,6,5,nomove,DP,10,incorrect
Yes,Yes,7,5,nomove,unacc,10,correct
Yes,Yes,7,5,nomove,unacc,10,correct
Yes,Yes,7,5,nomove,unacc,10,correct
Yes,Yes,7,5,nomove,unacc,10,correct
Yes,Yes,7,5,nomove,unacc,10,correct
Yes,Yes,11,5,move,CP,10,correct
Yes,Yes,11,5,move,CP,10,correct
Yes,Yes,11,5,move,CP,10,correct
Yes,Yes,11,5,move,CP,10,correct
Yes,Yes,11,5,move,CP,10,correct
Yes,Yes,13,5,nomove,unacc,10,correct
Yes,Yes,13,5,nomove,unacc,10,correct
Yes,Yes,13,5,nomove,unacc,10,correct
Yes,Yes,13,5,nomove,unacc,10,correct
Yes,Yes,13,5,nomove,unacc,10,correct
Yes,Yes,14,5,nomove,CP,10,correct
Yes,Yes,14,5,nomove,CP,10,correct
Yes,Yes,14,5,nomove,CP,10,correct
Yes,Yes,14,5,nomove,CP,10,correct
Yes,Yes,14,5,nomove,CP,10,correct
Yes,Yes,19,5,nomove,unacc,10,correct
Yes,Yes,19,5,nomove,unacc,10,correct
Yes,Yes,19,5,nomove,unacc,10,correct
Yes,Yes,19,5,nomove,unacc,10,correct
Yes,Yes,19,5,nomove,unacc,10,correct
Yes,Yes,21,5,move,DP,10,correct
Yes,Yes,21,5,move,DP,10,correct
Yes,Yes,21,5,move,DP,10,correct
Yes,Yes,21,5,move,DP,10,correct
Yes,Yes,21,5,move,DP,10,correct
No,Yes,22,5,move,unacc,10,incorrect
No,Yes,22,5,move,unacc,10,incorrect
No,Yes,22,5,move,unacc,10,incorrect
No,Yes,22,5,move,unacc,10,incorrect
No,Yes,22,5,move,unacc,10,incorrect
No,No,25,5,nomove,unacc,10,correct
No,No,25,5,nomove,unacc,10,correct
No,No,25,5,nomove,unacc,10,correct
No,No,25,5,nomove,unacc,10,correct
No,No,25,5,nomove,unacc,10,correct
No,Yes,30,5,nomove,DP,10,incorrect
No,Yes,30,5,nomove,DP,10,incorrect
No,Yes,30,5,nomove,DP,10,incorrect
No,Yes,30,5,nomove,DP,10,incorrect
No,Yes,30,5,nomove,DP,10,incorrect
No,No,31,5,nomove,unacc,10,correct
No,No,31,5,nomove,unacc,10,correct
No,No,31,5,nomove,unacc,10,correct
No,No,31,5,nomove,unacc,10,correct
No,No,31,5,nomove,unacc,10,correct
Yes,Yes,32,5,nomove,CP,10,correct
Yes,Yes,32,5,nomove,CP,10,correct
Yes,Yes,32,5,nomove,CP,10,correct
Yes,Yes,32,5,nomove,CP,10,correct
Yes,Yes,32,5,nomove,CP,10,correct
No,No,33,5,move,DP,10,correct
No,No,33,5,move,DP,10,correct
No,No,33,5,move,DP,10,correct
No,No,33,5,move,DP,10,correct
No,No,33,5,move,DP,10,correct
No,Yes,35,5,move,CP,10,incorrect
No,Yes,35,5,move,CP,10,incorrect
No,Yes,35,5,move,CP,10,incorrect
No,Yes,35,5,move,CP,10,incorrect
No,Yes,35,5,move,CP,10,incorrect
No,No,37,5,filler,none,10,correct
No,No,37,5,filler,none,10,correct
No,No,37,5,filler,none,10,correct
No,No,37,5,filler,none,10,correct
No,No,37,5,filler,none,10,correct
No,No,37,5,filler,none,10,correct
No,No,37,5,filler,none,10,correct
No,No,37,5,filler,none,10,correct
No,No,37,5,filler,none,10,correct
No,No,37,5,filler,none,10,correct
No,No,37,5,filler,none,10,correct
No,No,39,5,filler,none,10,correct
No,No,39,5,filler,none,10,correct
No,No,39,5,filler,none,10,correct
No,No,39,5,filler,none,10,correct
No,No,39,5,filler,none,10,correct
No,No,39,5,filler,none,10,correct
No,No,39,5,filler,none,10,correct
No,No,39,5,filler,none,10,correct
No,No,39,5,filler,none,10,correct
No,No,39,5,filler,none,10,correct
No,No,39,5,filler,none,10,correct
Yes,Yes,43,5,filler,none,10,correct
Yes,Yes,43,5,filler,none,10,correct
Yes,Yes,43,5,filler,none,10,correct
Yes,Yes,43,5,filler,none,10,correct
Yes,Yes,43,5,filler,none,10,correct
Yes,Yes,43,5,filler,none,10,correct
Yes,Yes,43,5,filler,none,10,correct
Yes,Yes,43,5,filler,none,10,correct
Yes,Yes,43,5,filler,none,10,correct
Yes,Yes,43,5,filler,none,10,correct
Yes,Yes,43,5,filler,none,10,correct
No,No,44,5,filler,none,10,correct
No,No,44,5,filler,none,10,correct
No,No,44,5,filler,none,10,correct
No,No,44,5,filler,none,10,correct
No,No,44,5,filler,none,10,correct
No,No,44,5,filler,none,10,correct
No,No,44,5,filler,none,10,correct
No,No,44,5,filler,none,10,correct
No,No,44,5,filler,none,10,correct
No,No,44,5,filler,none,10,correct
No,No,44,5,filler,none,10,correct
No,No,46,5,filler,none,10,correct
No,No,46,5,filler,none,10,correct
No,No,46,5,filler,none,10,correct
No,No,46,5,filler,none,10,correct
No,No,46,5,filler,none,10,correct
No,No,46,5,filler,none,10,correct
No,No,46,5,filler,none,10,correct
No,No,46,5,filler,none,10,correct
No,No,46,5,filler,none,10,correct
No,No,46,5,filler,none,10,correct
No,No,46,5,filler,none,10,correct
Yes,Yes,48,5,filler,none,10,correct
Yes,Yes,48,5,filler,none,10,correct
Yes,Yes,48,5,filler,none,10,correct
Yes,Yes,48,5,filler,none,10,correct
Yes,Yes,48,5,filler,none,10,correct
Yes,Yes,48,5,filler,none,10,correct
Yes,Yes,48,5,filler,none,10,correct
Yes,Yes,48,5,filler,none,10,correct
Yes,Yes,48,5,filler,none,10,correct
Yes,Yes,48,5,filler,none,10,correct
Yes,Yes,48,5,filler,none,10,correct
Yes,No,50,5,filler,none,10,incorrect
Yes,No,50,5,filler,none,10,incorrect
Yes,No,50,5,filler,none,10,incorrect
Yes,No,50,5,filler,none,10,incorrect
Yes,No,50,5,filler,none,10,incorrect
Yes,No,50,5,filler,none,10,incorrect
Yes,No,50,5,filler,none,10,incorrect
Yes,No,50,5,filler,none,10,incorrect
Yes,No,50,5,filler,none,10,incorrect
Yes,No,50,5,filler,none,10,incorrect
Yes,No,50,5,filler,none,10,incorrect
Yes,Yes,52,5,filler,none,10,correct
Yes,Yes,52,5,filler,none,10,correct
Yes,Yes,52,5,filler,none,10,correct
Yes,Yes,52,5,filler,none,10,correct
Yes,Yes,52,5,filler,none,10,correct
Yes,Yes,52,5,filler,none,10,correct
Yes,Yes,52,5,filler,none,10,correct
Yes,Yes,52,5,filler,none,10,correct
Yes,Yes,52,5,filler,none,10,correct
Yes,Yes,52,5,filler,none,10,correct
Yes,Yes,52,5,filler,none,10,correct
No,No,53,5,filler,none,10,correct
No,No,53,5,filler,none,10,correct
No,No,53,5,filler,none,10,correct
No,No,53,5,filler,none,10,correct
No,No,53,5,filler,none,10,correct
No,No,53,5,filler,none,10,correct
No,No,53,5,filler,none,10,correct
No,No,53,5,filler,none,10,correct
No,No,53,5,filler,none,10,correct
No,No,53,5,filler,none,10,correct
No,No,53,5,filler,none,10,correct
Yes,Yes,58,5,filler,none,10,correct
Yes,Yes,58,5,filler,none,10,correct
Yes,Yes,58,5,filler,none,10,correct
Yes,Yes,58,5,filler,none,10,correct
Yes,Yes,58,5,filler,none,10,correct
Yes,Yes,58,5,filler,none,10,correct
Yes,Yes,58,5,filler,none,10,correct
Yes,Yes,58,5,filler,none,10,correct
Yes,Yes,58,5,filler,none,10,correct
Yes,Yes,58,5,filler,none,10,correct
Yes,Yes,58,5,filler,none,10,correct
Yes,Yes,58,5,filler,none,10,correct
No,No,59,5,filler,none,10,correct
No,No,59,5,filler,none,10,correct
No,No,59,5,filler,none,10,correct
No,No,59,5,filler,none,10,correct
No,No,59,5,filler,none,10,correct
No,No,59,5,filler,none,10,correct
No,No,59,5,filler,none,10,correct
No,No,59,5,filler,none,10,correct
No,No,59,5,filler,none,10,correct
No,No,59,5,filler,none,10,correct
No,No,59,5,filler,none,10,correct
No,No,59,5,filler,none,10,correct
No,No,59,5,filler,none,10,correct
No,No,62,5,filler,none,10,correct
No,No,62,5,filler,none,10,correct
No,No,62,5,filler,none,10,correct
No,No,62,5,filler,none,10,correct
No,No,62,5,filler,none,10,correct
No,No,62,5,filler,none,10,correct
No,No,62,5,filler,none,10,correct
No,No,62,5,filler,none,10,correct
No,No,62,5,filler,none,10,correct
No,No,62,5,filler,none,10,correct
No,No,62,5,filler,none,10,correct
No,No,62,5,filler,none,10,correct
Yes,Yes,64,5,filler,none,10,correct
Yes,Yes,64,5,filler,none,10,correct
Yes,Yes,64,5,filler,none,10,correct
Yes,Yes,64,5,filler,none,10,correct
Yes,Yes,64,5,filler,none,10,correct
Yes,Yes,64,5,filler,none,10,correct
Yes,Yes,64,5,filler,none,10,correct
Yes,Yes,64,5,filler,none,10,correct
Yes,Yes,64,5,filler,none,10,correct
Yes,Yes,64,5,filler,none,10,correct
Yes,Yes,64,5,filler,none,10,correct
Yes,Yes,64,5,filler,none,10,correct
No,No,68,5,filler,none,10,correct
No,No,68,5,filler,none,10,correct
No,No,68,5,filler,none,10,correct
No,No,68,5,filler,none,10,correct
No,No,68,5,filler,none,10,correct
No,No,68,5,filler,none,10,correct
No,No,68,5,filler,none,10,correct
No,No,68,5,filler,none,10,correct
No,No,68,5,filler,none,10,correct
No,No,68,5,filler,none,10,correct
No,No,68,5,filler,none,10,correct
No,No,68,5,filler,none,10,correct
No,No,69,5,filler,none,10,correct
No,No,69,5,filler,none,10,correct
No,No,69,5,filler,none,10,correct
No,No,69,5,filler,none,10,correct
No,No,69,5,filler,none,10,correct
No,No,69,5,filler,none,10,correct
No,No,69,5,filler,none,10,correct
No,No,69,5,filler,none,10,correct
No,No,69,5,filler,none,10,correct
No,No,69,5,filler,none,10,correct
No,No,69,5,filler,none,10,correct
No,No,69,5,filler,none,10,correct
Yes,Yes,72,5,filler,none,10,correct
Yes,Yes,72,5,filler,none,10,correct
Yes,Yes,72,5,filler,none,10,correct
Yes,Yes,72,5,filler,none,10,correct
Yes,Yes,72,5,filler,none,10,correct
Yes,Yes,72,5,filler,none,10,correct
Yes,Yes,72,5,filler,none,10,correct
Yes,Yes,72,5,filler,none,10,correct
Yes,Yes,72,5,filler,none,10,correct
Yes,Yes,72,5,filler,none,10,correct
Yes,Yes,72,5,filler,none,10,correct
Yes,Yes,72,5,filler,none,10,correct
No,No,73,5,filler,none,10,correct
No,No,73,5,filler,none,10,correct
No,No,73,5,filler,none,10,correct
No,No,73,5,filler,none,10,correct
No,No,73,5,filler,none,10,correct
No,No,73,5,filler,none,10,correct
No,No,73,5,filler,none,10,correct
No,No,73,5,filler,none,10,correct
No,No,73,5,filler,none,10,correct
No,No,73,5,filler,none,10,correct
No,No,73,5,filler,none,10,correct
No,No,73,5,filler,none,10,correct
No,No,73,5,filler,none,10,correct
Yes,Yes,74,5,filler,none,10,correct
Yes,Yes,74,5,filler,none,10,correct
Yes,Yes,74,5,filler,none,10,correct
Yes,Yes,74,5,filler,none,10,correct
Yes,Yes,74,5,filler,none,10,correct
Yes,Yes,74,5,filler,none,10,correct
Yes,Yes,74,5,filler,none,10,correct
Yes,Yes,74,5,filler,none,10,correct
Yes,Yes,74,5,filler,none,10,correct
Yes,Yes,74,5,filler,none,10,correct
Yes,Yes,74,5,filler,none,10,correct
Yes,Yes,74,5,filler,none,10,correct
Yes,Yes,74,5,filler,none,10,correct
Yes,Yes,75,5,filler,none,10,correct
Yes,Yes,75,5,filler,none,10,correct
Yes,Yes,75,5,filler,none,10,correct
Yes,Yes,75,5,filler,none,10,correct
Yes,Yes,75,5,filler,none,10,correct
Yes,Yes,75,5,filler,none,10,correct
Yes,Yes,75,5,filler,none,10,correct
Yes,Yes,75,5,filler,none,10,correct
Yes,Yes,75,5,filler,none,10,correct
Yes,Yes,75,5,filler,none,10,correct
Yes,Yes,75,5,filler,none,10,correct
Yes,Yes,75,5,filler,none,10,correct
Yes,Yes,75,5,filler,none,10,correct
Yes,Yes,77,5,filler,none,10,correct
Yes,Yes,77,5,filler,none,10,correct
Yes,Yes,77,5,filler,none,10,correct
Yes,Yes,77,5,filler,none,10,correct
Yes,Yes,77,5,filler,none,10,correct
Yes,Yes,77,5,filler,none,10,correct
Yes,Yes,77,5,filler,none,10,correct
Yes,Yes,77,5,filler,none,10,correct
Yes,Yes,77,5,filler,none,10,correct
Yes,Yes,77,5,filler,none,10,correct
Yes,Yes,77,5,filler,none,10,correct
Yes,Yes,77,5,filler,none,10,correct
Yes,Yes,77,5,filler,none,10,correct
No,No,80,5,filler,none,10,correct
No,No,80,5,filler,none,10,correct
No,No,80,5,filler,none,10,correct
No,No,80,5,filler,none,10,correct
No,No,80,5,filler,none,10,correct
No,No,80,5,filler,none,10,correct
No,No,80,5,filler,none,10,correct
No,No,80,5,filler,none,10,correct
No,No,80,5,filler,none,10,correct
No,No,80,5,filler,none,10,correct
No,No,80,5,filler,none,10,correct
No,No,80,5,filler,none,10,correct
No,No,80,5,filler,none,10,correct
No,No,82,5,filler,none,10,correct
No,No,82,5,filler,none,10,correct
No,No,82,5,filler,none,10,correct
No,No,82,5,filler,none,10,correct
No,No,82,5,filler,none,10,correct
No,No,82,5,filler,none,10,correct
No,No,82,5,filler,none,10,correct
No,No,82,5,filler,none,10,correct
No,No,82,5,filler,none,10,correct
No,No,82,5,filler,none,10,correct
No,No,82,5,filler,none,10,correct
No,No,82,5,filler,none,10,correct
No,No,82,5,filler,none,10,correct
No,No,84,5,filler,none,10,correct
No,No,84,5,filler,none,10,correct
No,No,84,5,filler,none,10,correct
No,No,84,5,filler,none,10,correct
No,No,84,5,filler,none,10,correct
No,No,84,5,filler,none,10,correct
No,No,84,5,filler,none,10,correct
No,No,84,5,filler,none,10,correct
No,No,84,5,filler,none,10,correct
No,No,84,5,filler,none,10,correct
No,No,84,5,filler,none,10,correct
No,No,84,5,filler,none,10,correct
No,No,84,5,filler,none,10,correct
No,No,87,5,filler,none,10,correct
No,No,87,5,filler,none,10,correct
No,No,87,5,filler,none,10,correct
No,No,87,5,filler,none,10,correct
No,No,87,5,filler,none,10,correct
No,No,87,5,filler,none,10,correct
No,No,87,5,filler,none,10,correct
No,No,87,5,filler,none,10,correct
No,No,87,5,filler,none,10,correct
No,No,87,5,filler,none,10,correct
No,No,87,5,filler,none,10,correct
No,No,87,5,filler,none,10,correct
No,No,87,5,filler,none,10,correct
No,No,89,5,filler,none,10,correct
No,No,89,5,filler,none,10,correct
No,No,89,5,filler,none,10,correct
No,No,89,5,filler,none,10,correct
No,No,89,5,filler,none,10,correct
No,No,89,5,filler,none,10,correct
No,No,89,5,filler,none,10,correct
No,No,89,5,filler,none,10,correct
No,No,89,5,filler,none,10,correct
No,No,89,5,filler,none,10,correct
No,No,89,5,filler,none,10,correct
No,No,89,5,filler,none,10,correct
No,No,89,5,filler,none,10,correct
Yes,Yes,1,6,nomove,DP,11,correct
Yes,Yes,1,6,nomove,DP,11,correct
Yes,Yes,1,6,nomove,DP,11,correct
Yes,Yes,1,6,nomove,DP,11,correct
Yes,Yes,1,6,nomove,DP,11,correct
Yes,Yes,2,6,nomove,unacc,11,correct
Yes,Yes,2,6,nomove,unacc,11,correct
Yes,Yes,2,6,nomove,unacc,11,correct
Yes,Yes,2,6,nomove,unacc,11,correct
Yes,Yes,2,6,nomove,unacc,11,correct
No,No,5,6,move,unacc,11,correct
No,No,5,6,move,unacc,11,correct
No,No,5,6,move,unacc,11,correct
No,No,5,6,move,unacc,11,correct
No,No,5,6,move,unacc,11,correct
No,Yes,6,6,move,CP,11,incorrect
No,Yes,6,6,move,CP,11,incorrect
No,Yes,6,6,move,CP,11,incorrect
No,Yes,6,6,move,CP,11,incorrect
No,Yes,6,6,move,CP,11,incorrect
Yes,Yes,7,6,nomove,DP,11,correct
Yes,Yes,7,6,nomove,DP,11,correct
Yes,Yes,7,6,nomove,DP,11,correct
Yes,Yes,7,6,nomove,DP,11,correct
Yes,Yes,7,6,nomove,DP,11,correct
No,Yes,11,6,move,unacc,11,incorrect
No,Yes,11,6,move,unacc,11,incorrect
No,Yes,11,6,move,unacc,11,incorrect
No,Yes,11,6,move,unacc,11,incorrect
No,Yes,11,6,move,unacc,11,incorrect
Yes,Yes,13,6,nomove,DP,11,correct
Yes,Yes,13,6,nomove,DP,11,correct
Yes,Yes,13,6,nomove,DP,11,correct
Yes,Yes,13,6,nomove,DP,11,correct
Yes,Yes,13,6,nomove,DP,11,correct
Yes,Yes,14,6,nomove,unacc,11,correct
Yes,Yes,14,6,nomove,unacc,11,correct
Yes,Yes,14,6,nomove,unacc,11,correct
Yes,Yes,14,6,nomove,unacc,11,correct
Yes,Yes,14,6,nomove,unacc,11,correct
Yes,Yes,17,6,move,DP,11,correct
Yes,Yes,17,6,move,DP,11,correct
Yes,Yes,17,6,move,DP,11,correct
Yes,Yes,17,6,move,DP,11,correct
Yes,Yes,17,6,move,DP,11,correct
Yes,Yes,19,6,nomove,DP,11,correct
Yes,Yes,19,6,nomove,DP,11,correct
Yes,Yes,19,6,nomove,DP,11,correct
Yes,Yes,19,6,nomove,DP,11,correct
Yes,Yes,19,6,nomove,DP,11,correct
Yes,Yes,21,6,nomove,CP,11,correct
Yes,Yes,21,6,nomove,CP,11,correct
Yes,Yes,21,6,nomove,CP,11,correct
Yes,Yes,21,6,nomove,CP,11,correct
Yes,Yes,21,6,nomove,CP,11,correct
Yes,Yes,22,6,move,DP,11,correct
Yes,Yes,22,6,move,DP,11,correct
Yes,Yes,22,6,move,DP,11,correct
Yes,Yes,22,6,move,DP,11,correct
Yes,Yes,22,6,move,DP,11,correct
No,No,25,6,nomove,DP,11,correct
No,No,25,6,nomove,DP,11,correct
No,No,25,6,nomove,DP,11,correct
No,No,25,6,nomove,DP,11,correct
No,No,25,6,nomove,DP,11,correct
Yes,Yes,30,6,move,CP,11,correct
Yes,Yes,30,6,move,CP,11,correct
Yes,Yes,30,6,move,CP,11,correct
Yes,Yes,30,6,move,CP,11,correct
Yes,Yes,30,6,move,CP,11,correct
No,No,31,6,nomove,DP,11,correct
No,No,31,6,nomove,DP,11,correct
No,No,31,6,nomove,DP,11,correct
No,No,31,6,nomove,DP,11,correct
No,No,31,6,nomove,DP,11,correct
Yes,Yes,32,6,nomove,unacc,11,correct
Yes,Yes,32,6,nomove,unacc,11,correct
Yes,Yes,32,6,nomove,unacc,11,correct
Yes,Yes,32,6,nomove,unacc,11,correct
Yes,Yes,32,6,nomove,unacc,11,correct
No,No,33,6,nomove,CP,11,correct
No,No,33,6,nomove,CP,11,correct
No,No,33,6,nomove,CP,11,correct
No,No,33,6,nomove,CP,11,correct
No,No,33,6,nomove,CP,11,correct
Yes,Yes,35,6,move,unacc,11,correct
Yes,Yes,35,6,move,unacc,11,correct
Yes,Yes,35,6,move,unacc,11,correct
Yes,Yes,35,6,move,unacc,11,correct
Yes,Yes,35,6,move,unacc,11,correct
No,No,37,6,filler,none,11,correct
No,No,37,6,filler,none,11,correct
No,No,37,6,filler,none,11,correct
No,No,37,6,filler,none,11,correct
No,No,37,6,filler,none,11,correct
No,No,37,6,filler,none,11,correct
No,No,37,6,filler,none,11,correct
No,No,37,6,filler,none,11,correct
No,No,37,6,filler,none,11,correct
No,No,37,6,filler,none,11,correct
No,No,37,6,filler,none,11,correct
No,No,38,6,filler,none,11,correct
No,No,38,6,filler,none,11,correct
No,No,38,6,filler,none,11,correct
No,No,38,6,filler,none,11,correct
No,No,38,6,filler,none,11,correct
No,No,38,6,filler,none,11,correct
No,No,38,6,filler,none,11,correct
No,No,38,6,filler,none,11,correct
No,No,38,6,filler,none,11,correct
No,No,38,6,filler,none,11,correct
No,No,38,6,filler,none,11,correct
No,No,39,6,filler,none,11,correct
No,No,39,6,filler,none,11,correct
No,No,39,6,filler,none,11,correct
No,No,39,6,filler,none,11,correct
No,No,39,6,filler,none,11,correct
No,No,39,6,filler,none,11,correct
No,No,39,6,filler,none,11,correct
No,No,39,6,filler,none,11,correct
No,No,39,6,filler,none,11,correct
No,No,39,6,filler,none,11,correct
No,No,39,6,filler,none,11,correct
Yes,Yes,43,6,filler,none,11,correct
Yes,Yes,43,6,filler,none,11,correct
Yes,Yes,43,6,filler,none,11,correct
Yes,Yes,43,6,filler,none,11,correct
Yes,Yes,43,6,filler,none,11,correct
Yes,Yes,43,6,filler,none,11,correct
Yes,Yes,43,6,filler,none,11,correct
Yes,Yes,43,6,filler,none,11,correct
Yes,Yes,43,6,filler,none,11,correct
Yes,Yes,43,6,filler,none,11,correct
Yes,Yes,43,6,filler,none,11,correct
No,No,44,6,filler,none,11,correct
No,No,44,6,filler,none,11,correct
No,No,44,6,filler,none,11,correct
No,No,44,6,filler,none,11,correct
No,No,44,6,filler,none,11,correct
No,No,44,6,filler,none,11,correct
No,No,44,6,filler,none,11,correct
No,No,44,6,filler,none,11,correct
No,No,44,6,filler,none,11,correct
No,No,44,6,filler,none,11,correct
No,No,44,6,filler,none,11,correct
No,No,46,6,filler,none,11,correct
No,No,46,6,filler,none,11,correct
No,No,46,6,filler,none,11,correct
No,No,46,6,filler,none,11,correct
No,No,46,6,filler,none,11,correct
No,No,46,6,filler,none,11,correct
No,No,46,6,filler,none,11,correct
No,No,46,6,filler,none,11,correct
No,No,46,6,filler,none,11,correct
No,No,46,6,filler,none,11,correct
No,No,46,6,filler,none,11,correct
Yes,Yes,48,6,filler,none,11,correct
Yes,Yes,48,6,filler,none,11,correct
Yes,Yes,48,6,filler,none,11,correct
Yes,Yes,48,6,filler,none,11,correct
Yes,Yes,48,6,filler,none,11,correct
Yes,Yes,48,6,filler,none,11,correct
Yes,Yes,48,6,filler,none,11,correct
Yes,Yes,48,6,filler,none,11,correct
Yes,Yes,48,6,filler,none,11,correct
Yes,Yes,48,6,filler,none,11,correct
Yes,Yes,48,6,filler,none,11,correct
No,No,50,6,filler,none,11,correct
No,No,50,6,filler,none,11,correct
No,No,50,6,filler,none,11,correct
No,No,50,6,filler,none,11,correct
No,No,50,6,filler,none,11,correct
No,No,50,6,filler,none,11,correct
No,No,50,6,filler,none,11,correct
No,No,50,6,filler,none,11,correct
No,No,50,6,filler,none,11,correct
No,No,50,6,filler,none,11,correct
No,No,50,6,filler,none,11,correct
Yes,Yes,52,6,filler,none,11,correct
Yes,Yes,52,6,filler,none,11,correct
Yes,Yes,52,6,filler,none,11,correct
Yes,Yes,52,6,filler,none,11,correct
Yes,Yes,52,6,filler,none,11,correct
Yes,Yes,52,6,filler,none,11,correct
Yes,Yes,52,6,filler,none,11,correct
Yes,Yes,52,6,filler,none,11,correct
Yes,Yes,52,6,filler,none,11,correct
Yes,Yes,52,6,filler,none,11,correct
Yes,Yes,52,6,filler,none,11,correct
No,No,53,6,filler,none,11,correct
No,No,53,6,filler,none,11,correct
No,No,53,6,filler,none,11,correct
No,No,53,6,filler,none,11,correct
No,No,53,6,filler,none,11,correct
No,No,53,6,filler,none,11,correct
No,No,53,6,filler,none,11,correct
No,No,53,6,filler,none,11,correct
No,No,53,6,filler,none,11,correct
No,No,53,6,filler,none,11,correct
No,No,53,6,filler,none,11,correct
Yes,Yes,58,6,filler,none,11,correct
Yes,Yes,58,6,filler,none,11,correct
Yes,Yes,58,6,filler,none,11,correct
Yes,Yes,58,6,filler,none,11,correct
Yes,Yes,58,6,filler,none,11,correct
Yes,Yes,58,6,filler,none,11,correct
Yes,Yes,58,6,filler,none,11,correct
Yes,Yes,58,6,filler,none,11,correct
Yes,Yes,58,6,filler,none,11,correct
Yes,Yes,58,6,filler,none,11,correct
Yes,Yes,58,6,filler,none,11,correct
Yes,Yes,58,6,filler,none,11,correct
No,No,59,6,filler,none,11,correct
No,No,59,6,filler,none,11,correct
No,No,59,6,filler,none,11,correct
No,No,59,6,filler,none,11,correct
No,No,59,6,filler,none,11,correct
No,No,59,6,filler,none,11,correct
No,No,59,6,filler,none,11,correct
No,No,59,6,filler,none,11,correct
No,No,59,6,filler,none,11,correct
No,No,59,6,filler,none,11,correct
No,No,59,6,filler,none,11,correct
No,No,59,6,filler,none,11,correct
No,No,59,6,filler,none,11,correct
No,No,62,6,filler,none,11,correct
No,No,62,6,filler,none,11,correct
No,No,62,6,filler,none,11,correct
No,No,62,6,filler,none,11,correct
No,No,62,6,filler,none,11,correct
No,No,62,6,filler,none,11,correct
No,No,62,6,filler,none,11,correct
No,No,62,6,filler,none,11,correct
No,No,62,6,filler,none,11,correct
No,No,62,6,filler,none,11,correct
No,No,62,6,filler,none,11,correct
No,No,62,6,filler,none,11,correct
Yes,Yes,64,6,filler,none,11,correct
Yes,Yes,64,6,filler,none,11,correct
Yes,Yes,64,6,filler,none,11,correct
Yes,Yes,64,6,filler,none,11,correct
Yes,Yes,64,6,filler,none,11,correct
Yes,Yes,64,6,filler,none,11,correct
Yes,Yes,64,6,filler,none,11,correct
Yes,Yes,64,6,filler,none,11,correct
Yes,Yes,64,6,filler,none,11,correct
Yes,Yes,64,6,filler,none,11,correct
Yes,Yes,64,6,filler,none,11,correct
Yes,Yes,64,6,filler,none,11,correct
No,No,66,6,filler,none,11,correct
No,No,66,6,filler,none,11,correct
No,No,66,6,filler,none,11,correct
No,No,66,6,filler,none,11,correct
No,No,66,6,filler,none,11,correct
No,No,66,6,filler,none,11,correct
No,No,66,6,filler,none,11,correct
No,No,66,6,filler,none,11,correct
No,No,66,6,filler,none,11,correct
No,No,66,6,filler,none,11,correct
No,No,66,6,filler,none,11,correct
No,No,66,6,filler,none,11,correct
No,No,68,6,filler,none,11,correct
No,No,68,6,filler,none,11,correct
No,No,68,6,filler,none,11,correct
No,No,68,6,filler,none,11,correct
No,No,68,6,filler,none,11,correct
No,No,68,6,filler,none,11,correct
No,No,68,6,filler,none,11,correct
No,No,68,6,filler,none,11,correct
No,No,68,6,filler,none,11,correct
No,No,68,6,filler,none,11,correct
No,No,68,6,filler,none,11,correct
No,No,68,6,filler,none,11,correct
No,No,69,6,filler,none,11,correct
No,No,69,6,filler,none,11,correct
No,No,69,6,filler,none,11,correct
No,No,69,6,filler,none,11,correct
No,No,69,6,filler,none,11,correct
No,No,69,6,filler,none,11,correct
No,No,69,6,filler,none,11,correct
No,No,69,6,filler,none,11,correct
No,No,69,6,filler,none,11,correct
No,No,69,6,filler,none,11,correct
No,No,69,6,filler,none,11,correct
No,No,69,6,filler,none,11,correct
Yes,Yes,72,6,filler,none,11,correct
Yes,Yes,72,6,filler,none,11,correct
Yes,Yes,72,6,filler,none,11,correct
Yes,Yes,72,6,filler,none,11,correct
Yes,Yes,72,6,filler,none,11,correct
Yes,Yes,72,6,filler,none,11,correct
Yes,Yes,72,6,filler,none,11,correct
Yes,Yes,72,6,filler,none,11,correct
Yes,Yes,72,6,filler,none,11,correct
Yes,Yes,72,6,filler,none,11,correct
Yes,Yes,72,6,filler,none,11,correct
Yes,Yes,72,6,filler,none,11,correct
No,No,73,6,filler,none,11,correct
No,No,73,6,filler,none,11,correct
No,No,73,6,filler,none,11,correct
No,No,73,6,filler,none,11,correct
No,No,73,6,filler,none,11,correct
No,No,73,6,filler,none,11,correct
No,No,73,6,filler,none,11,correct
No,No,73,6,filler,none,11,correct
No,No,73,6,filler,none,11,correct
No,No,73,6,filler,none,11,correct
No,No,73,6,filler,none,11,correct
No,No,73,6,filler,none,11,correct
No,No,73,6,filler,none,11,correct
Yes,Yes,74,6,filler,none,11,correct
Yes,Yes,74,6,filler,none,11,correct
Yes,Yes,74,6,filler,none,11,correct
Yes,Yes,74,6,filler,none,11,correct
Yes,Yes,74,6,filler,none,11,correct
Yes,Yes,74,6,filler,none,11,correct
Yes,Yes,74,6,filler,none,11,correct
Yes,Yes,74,6,filler,none,11,correct
Yes,Yes,74,6,filler,none,11,correct
Yes,Yes,74,6,filler,none,11,correct
Yes,Yes,74,6,filler,none,11,correct
Yes,Yes,74,6,filler,none,11,correct
Yes,Yes,74,6,filler,none,11,correct
Yes,Yes,75,6,filler,none,11,correct
Yes,Yes,75,6,filler,none,11,correct
Yes,Yes,75,6,filler,none,11,correct
Yes,Yes,75,6,filler,none,11,correct
Yes,Yes,75,6,filler,none,11,correct
Yes,Yes,75,6,filler,none,11,correct
Yes,Yes,75,6,filler,none,11,correct
Yes,Yes,75,6,filler,none,11,correct
Yes,Yes,75,6,filler,none,11,correct
Yes,Yes,75,6,filler,none,11,correct
Yes,Yes,75,6,filler,none,11,correct
Yes,Yes,75,6,filler,none,11,correct
Yes,Yes,75,6,filler,none,11,correct
Yes,Yes,77,6,filler,none,11,correct
Yes,Yes,77,6,filler,none,11,correct
Yes,Yes,77,6,filler,none,11,correct
Yes,Yes,77,6,filler,none,11,correct
Yes,Yes,77,6,filler,none,11,correct
Yes,Yes,77,6,filler,none,11,correct
Yes,Yes,77,6,filler,none,11,correct
Yes,Yes,77,6,filler,none,11,correct
Yes,Yes,77,6,filler,none,11,correct
Yes,Yes,77,6,filler,none,11,correct
Yes,Yes,77,6,filler,none,11,correct
Yes,Yes,77,6,filler,none,11,correct
Yes,Yes,77,6,filler,none,11,correct
No,No,78,6,filler,none,11,correct
No,No,78,6,filler,none,11,correct
No,No,78,6,filler,none,11,correct
No,No,78,6,filler,none,11,correct
No,No,78,6,filler,none,11,correct
No,No,78,6,filler,none,11,correct
No,No,78,6,filler,none,11,correct
No,No,78,6,filler,none,11,correct
No,No,78,6,filler,none,11,correct
No,No,78,6,filler,none,11,correct
No,No,78,6,filler,none,11,correct
No,No,78,6,filler,none,11,correct
No,No,78,6,filler,none,11,correct
No,No,80,6,filler,none,11,correct
No,No,80,6,filler,none,11,correct
No,No,80,6,filler,none,11,correct
No,No,80,6,filler,none,11,correct
No,No,80,6,filler,none,11,correct
No,No,80,6,filler,none,11,correct
No,No,80,6,filler,none,11,correct
No,No,80,6,filler,none,11,correct
No,No,80,6,filler,none,11,correct
No,No,80,6,filler,none,11,correct
No,No,80,6,filler,none,11,correct
No,No,80,6,filler,none,11,correct
No,No,80,6,filler,none,11,correct
No,No,82,6,filler,none,11,correct
No,No,82,6,filler,none,11,correct
No,No,82,6,filler,none,11,correct
No,No,82,6,filler,none,11,correct
No,No,82,6,filler,none,11,correct
No,No,82,6,filler,none,11,correct
No,No,82,6,filler,none,11,correct
No,No,82,6,filler,none,11,correct
No,No,82,6,filler,none,11,correct
No,No,82,6,filler,none,11,correct
No,No,82,6,filler,none,11,correct
No,No,82,6,filler,none,11,correct
No,No,82,6,filler,none,11,correct
No,No,84,6,filler,none,11,correct
No,No,84,6,filler,none,11,correct
No,No,84,6,filler,none,11,correct
No,No,84,6,filler,none,11,correct
No,No,84,6,filler,none,11,correct
No,No,84,6,filler,none,11,correct
No,No,84,6,filler,none,11,correct
No,No,84,6,filler,none,11,correct
No,No,84,6,filler,none,11,correct
No,No,84,6,filler,none,11,correct
No,No,84,6,filler,none,11,correct
No,No,84,6,filler,none,11,correct
No,No,84,6,filler,none,11,correct
No,No,87,6,filler,none,11,correct
No,No,87,6,filler,none,11,correct
No,No,87,6,filler,none,11,correct
No,No,87,6,filler,none,11,correct
No,No,87,6,filler,none,11,correct
No,No,87,6,filler,none,11,correct
No,No,87,6,filler,none,11,correct
No,No,87,6,filler,none,11,correct
No,No,87,6,filler,none,11,correct
No,No,87,6,filler,none,11,correct
No,No,87,6,filler,none,11,correct
No,No,87,6,filler,none,11,correct
No,No,87,6,filler,none,11,correct
No,No,89,6,filler,none,11,correct
No,No,89,6,filler,none,11,correct
No,No,89,6,filler,none,11,correct
No,No,89,6,filler,none,11,correct
No,No,89,6,filler,none,11,correct
No,No,89,6,filler,none,11,correct
No,No,89,6,filler,none,11,correct
No,No,89,6,filler,none,11,correct
No,No,89,6,filler,none,11,correct
No,No,89,6,filler,none,11,correct
No,No,89,6,filler,none,11,correct
No,No,89,6,filler,none,11,correct
No,No,89,6,filler,none,11,correct
No,Yes,1,1,move,CP,12,incorrect
No,Yes,1,1,move,CP,12,incorrect
No,Yes,1,1,move,CP,12,incorrect
No,Yes,1,1,move,CP,12,incorrect
No,Yes,1,1,move,CP,12,incorrect
Yes,Yes,2,1,nomove,DP,12,correct
Yes,Yes,2,1,nomove,DP,12,correct
Yes,Yes,2,1,nomove,DP,12,correct
Yes,Yes,2,1,nomove,DP,12,correct
Yes,Yes,2,1,nomove,DP,12,correct
No,No,5,1,move,DP,12,correct
No,No,5,1,move,DP,12,correct
No,No,5,1,move,DP,12,correct
No,No,5,1,move,DP,12,correct
No,No,5,1,move,DP,12,correct
No,Yes,6,1,move,unacc,12,incorrect
No,Yes,6,1,move,unacc,12,incorrect
No,Yes,6,1,move,unacc,12,incorrect
No,Yes,6,1,move,unacc,12,incorrect
No,Yes,6,1,move,unacc,12,incorrect
Yes,Yes,7,1,move,CP,12,correct
Yes,Yes,7,1,move,CP,12,correct
Yes,Yes,7,1,move,CP,12,correct
Yes,Yes,7,1,move,CP,12,correct
Yes,Yes,7,1,move,CP,12,correct
No,Yes,11,1,move,DP,12,incorrect
No,Yes,11,1,move,DP,12,incorrect
No,Yes,11,1,move,DP,12,incorrect
No,Yes,11,1,move,DP,12,incorrect
No,Yes,11,1,move,DP,12,incorrect
Yes,Yes,13,1,move,CP,12,correct
Yes,Yes,13,1,move,CP,12,correct
Yes,Yes,13,1,move,CP,12,correct
Yes,Yes,13,1,move,CP,12,correct
Yes,Yes,13,1,move,CP,12,correct
Yes,Yes,14,1,nomove,DP,12,correct
Yes,Yes,14,1,nomove,DP,12,correct
Yes,Yes,14,1,nomove,DP,12,correct
Yes,Yes,14,1,nomove,DP,12,correct
Yes,Yes,14,1,nomove,DP,12,correct
Yes,Yes,17,1,nomove,CP,12,correct
Yes,Yes,17,1,nomove,CP,12,correct
Yes,Yes,17,1,nomove,CP,12,correct
Yes,Yes,17,1,nomove,CP,12,correct
Yes,Yes,17,1,nomove,CP,12,correct
Yes,Yes,19,1,move,CP,12,correct
Yes,Yes,19,1,move,CP,12,correct
Yes,Yes,19,1,move,CP,12,correct
Yes,Yes,19,1,move,CP,12,correct
Yes,Yes,19,1,move,CP,12,correct
Yes,Yes,21,1,nomove,unacc,12,correct
Yes,Yes,21,1,nomove,unacc,12,correct
Yes,Yes,21,1,nomove,unacc,12,correct
Yes,Yes,21,1,nomove,unacc,12,correct
Yes,Yes,21,1,nomove,unacc,12,correct
Yes,Yes,22,1,nomove,CP,12,correct
Yes,Yes,22,1,nomove,CP,12,correct
Yes,Yes,22,1,nomove,CP,12,correct
Yes,Yes,22,1,nomove,CP,12,correct
Yes,Yes,22,1,nomove,CP,12,correct
No,No,25,1,move,CP,12,correct
No,No,25,1,move,CP,12,correct
No,No,25,1,move,CP,12,correct
No,No,25,1,move,CP,12,correct
No,No,25,1,move,CP,12,correct
Yes,Yes,30,1,move,unacc,12,correct
Yes,Yes,30,1,move,unacc,12,correct
Yes,Yes,30,1,move,unacc,12,correct
Yes,Yes,30,1,move,unacc,12,correct
Yes,Yes,30,1,move,unacc,12,correct
No,No,31,1,move,CP,12,correct
No,No,31,1,move,CP,12,correct
No,No,31,1,move,CP,12,correct
No,No,31,1,move,CP,12,correct
No,No,31,1,move,CP,12,correct
Yes,Yes,32,1,nomove,DP,12,correct
Yes,Yes,32,1,nomove,DP,12,correct
Yes,Yes,32,1,nomove,DP,12,correct
Yes,Yes,32,1,nomove,DP,12,correct
Yes,Yes,32,1,nomove,DP,12,correct
No,No,33,1,nomove,unacc,12,correct
No,No,33,1,nomove,unacc,12,correct
No,No,33,1,nomove,unacc,12,correct
No,No,33,1,nomove,unacc,12,correct
No,No,33,1,nomove,unacc,12,correct
Yes,Yes,35,1,move,DP,12,correct
Yes,Yes,35,1,move,DP,12,correct
Yes,Yes,35,1,move,DP,12,correct
Yes,Yes,35,1,move,DP,12,correct
Yes,Yes,35,1,move,DP,12,correct
No,No,37,1,filler,none,12,correct
No,No,37,1,filler,none,12,correct
No,No,37,1,filler,none,12,correct
No,No,37,1,filler,none,12,correct
No,No,37,1,filler,none,12,correct
No,No,37,1,filler,none,12,correct
No,No,37,1,filler,none,12,correct
No,No,37,1,filler,none,12,correct
No,No,37,1,filler,none,12,correct
No,No,37,1,filler,none,12,correct
No,No,37,1,filler,none,12,correct
No,No,38,1,filler,none,12,correct
No,No,38,1,filler,none,12,correct
No,No,38,1,filler,none,12,correct
No,No,38,1,filler,none,12,correct
No,No,38,1,filler,none,12,correct
No,No,38,1,filler,none,12,correct
No,No,38,1,filler,none,12,correct
No,No,38,1,filler,none,12,correct
No,No,38,1,filler,none,12,correct
No,No,38,1,filler,none,12,correct
No,No,38,1,filler,none,12,correct
No,No,39,1,filler,none,12,correct
No,No,39,1,filler,none,12,correct
No,No,39,1,filler,none,12,correct
No,No,39,1,filler,none,12,correct
No,No,39,1,filler,none,12,correct
No,No,39,1,filler,none,12,correct
No,No,39,1,filler,none,12,correct
No,No,39,1,filler,none,12,correct
No,No,39,1,filler,none,12,correct
No,No,39,1,filler,none,12,correct
No,No,39,1,filler,none,12,correct
Yes,Yes,43,1,filler,none,12,correct
Yes,Yes,43,1,filler,none,12,correct
Yes,Yes,43,1,filler,none,12,correct
Yes,Yes,43,1,filler,none,12,correct
Yes,Yes,43,1,filler,none,12,correct
Yes,Yes,43,1,filler,none,12,correct
Yes,Yes,43,1,filler,none,12,correct
Yes,Yes,43,1,filler,none,12,correct
Yes,Yes,43,1,filler,none,12,correct
Yes,Yes,43,1,filler,none,12,correct
Yes,Yes,43,1,filler,none,12,correct
No,No,44,1,filler,none,12,correct
No,No,44,1,filler,none,12,correct
No,No,44,1,filler,none,12,correct
No,No,44,1,filler,none,12,correct
No,No,44,1,filler,none,12,correct
No,No,44,1,filler,none,12,correct
No,No,44,1,filler,none,12,correct
No,No,44,1,filler,none,12,correct
No,No,44,1,filler,none,12,correct
No,No,44,1,filler,none,12,correct
No,No,44,1,filler,none,12,correct
No,No,46,1,filler,none,12,correct
No,No,46,1,filler,none,12,correct
No,No,46,1,filler,none,12,correct
No,No,46,1,filler,none,12,correct
No,No,46,1,filler,none,12,correct
No,No,46,1,filler,none,12,correct
No,No,46,1,filler,none,12,correct
No,No,46,1,filler,none,12,correct
No,No,46,1,filler,none,12,correct
No,No,46,1,filler,none,12,correct
No,No,46,1,filler,none,12,correct
Yes,Yes,48,1,filler,none,12,correct
Yes,Yes,48,1,filler,none,12,correct
Yes,Yes,48,1,filler,none,12,correct
Yes,Yes,48,1,filler,none,12,correct
Yes,Yes,48,1,filler,none,12,correct
Yes,Yes,48,1,filler,none,12,correct
Yes,Yes,48,1,filler,none,12,correct
Yes,Yes,48,1,filler,none,12,correct
Yes,Yes,48,1,filler,none,12,correct
Yes,Yes,48,1,filler,none,12,correct
Yes,Yes,48,1,filler,none,12,correct
No,No,50,1,filler,none,12,correct
No,No,50,1,filler,none,12,correct
No,No,50,1,filler,none,12,correct
No,No,50,1,filler,none,12,correct
No,No,50,1,filler,none,12,correct
No,No,50,1,filler,none,12,correct
No,No,50,1,filler,none,12,correct
No,No,50,1,filler,none,12,correct
No,No,50,1,filler,none,12,correct
No,No,50,1,filler,none,12,correct
No,No,50,1,filler,none,12,correct
Yes,Yes,52,1,filler,none,12,correct
Yes,Yes,52,1,filler,none,12,correct
Yes,Yes,52,1,filler,none,12,correct
Yes,Yes,52,1,filler,none,12,correct
Yes,Yes,52,1,filler,none,12,correct
Yes,Yes,52,1,filler,none,12,correct
Yes,Yes,52,1,filler,none,12,correct
Yes,Yes,52,1,filler,none,12,correct
Yes,Yes,52,1,filler,none,12,correct
Yes,Yes,52,1,filler,none,12,correct
Yes,Yes,52,1,filler,none,12,correct
No,No,53,1,filler,none,12,correct
No,No,53,1,filler,none,12,correct
No,No,53,1,filler,none,12,correct
No,No,53,1,filler,none,12,correct
No,No,53,1,filler,none,12,correct
No,No,53,1,filler,none,12,correct
No,No,53,1,filler,none,12,correct
No,No,53,1,filler,none,12,correct
No,No,53,1,filler,none,12,correct
No,No,53,1,filler,none,12,correct
No,No,53,1,filler,none,12,correct
Yes,Yes,58,1,filler,none,12,correct
Yes,Yes,58,1,filler,none,12,correct
Yes,Yes,58,1,filler,none,12,correct
Yes,Yes,58,1,filler,none,12,correct
Yes,Yes,58,1,filler,none,12,correct
Yes,Yes,58,1,filler,none,12,correct
Yes,Yes,58,1,filler,none,12,correct
Yes,Yes,58,1,filler,none,12,correct
Yes,Yes,58,1,filler,none,12,correct
Yes,Yes,58,1,filler,none,12,correct
Yes,Yes,58,1,filler,none,12,correct
Yes,Yes,58,1,filler,none,12,correct
No,No,59,1,filler,none,12,correct
No,No,59,1,filler,none,12,correct
No,No,59,1,filler,none,12,correct
No,No,59,1,filler,none,12,correct
No,No,59,1,filler,none,12,correct
No,No,59,1,filler,none,12,correct
No,No,59,1,filler,none,12,correct
No,No,59,1,filler,none,12,correct
No,No,59,1,filler,none,12,correct
No,No,59,1,filler,none,12,correct
No,No,59,1,filler,none,12,correct
No,No,59,1,filler,none,12,correct
No,No,59,1,filler,none,12,correct
No,No,62,1,filler,none,12,correct
No,No,62,1,filler,none,12,correct
No,No,62,1,filler,none,12,correct
No,No,62,1,filler,none,12,correct
No,No,62,1,filler,none,12,correct
No,No,62,1,filler,none,12,correct
No,No,62,1,filler,none,12,correct
No,No,62,1,filler,none,12,correct
No,No,62,1,filler,none,12,correct
No,No,62,1,filler,none,12,correct
No,No,62,1,filler,none,12,correct
No,No,62,1,filler,none,12,correct
Yes,Yes,64,1,filler,none,12,correct
Yes,Yes,64,1,filler,none,12,correct
Yes,Yes,64,1,filler,none,12,correct
Yes,Yes,64,1,filler,none,12,correct
Yes,Yes,64,1,filler,none,12,correct
Yes,Yes,64,1,filler,none,12,correct
Yes,Yes,64,1,filler,none,12,correct
Yes,Yes,64,1,filler,none,12,correct
Yes,Yes,64,1,filler,none,12,correct
Yes,Yes,64,1,filler,none,12,correct
Yes,Yes,64,1,filler,none,12,correct
Yes,Yes,64,1,filler,none,12,correct
No,No,66,1,filler,none,12,correct
No,No,66,1,filler,none,12,correct
No,No,66,1,filler,none,12,correct
No,No,66,1,filler,none,12,correct
No,No,66,1,filler,none,12,correct
No,No,66,1,filler,none,12,correct
No,No,66,1,filler,none,12,correct
No,No,66,1,filler,none,12,correct
No,No,66,1,filler,none,12,correct
No,No,66,1,filler,none,12,correct
No,No,66,1,filler,none,12,correct
No,No,66,1,filler,none,12,correct
No,No,68,1,filler,none,12,correct
No,No,68,1,filler,none,12,correct
No,No,68,1,filler,none,12,correct
No,No,68,1,filler,none,12,correct
No,No,68,1,filler,none,12,correct
No,No,68,1,filler,none,12,correct
No,No,68,1,filler,none,12,correct
No,No,68,1,filler,none,12,correct
No,No,68,1,filler,none,12,correct
No,No,68,1,filler,none,12,correct
No,No,68,1,filler,none,12,correct
No,No,68,1,filler,none,12,correct
No,No,69,1,filler,none,12,correct
No,No,69,1,filler,none,12,correct
No,No,69,1,filler,none,12,correct
No,No,69,1,filler,none,12,correct
No,No,69,1,filler,none,12,correct
No,No,69,1,filler,none,12,correct
No,No,69,1,filler,none,12,correct
No,No,69,1,filler,none,12,correct
No,No,69,1,filler,none,12,correct
No,No,69,1,filler,none,12,correct
No,No,69,1,filler,none,12,correct
No,No,69,1,filler,none,12,correct
Yes,Yes,72,1,filler,none,12,correct
Yes,Yes,72,1,filler,none,12,correct
Yes,Yes,72,1,filler,none,12,correct
Yes,Yes,72,1,filler,none,12,correct
Yes,Yes,72,1,filler,none,12,correct
Yes,Yes,72,1,filler,none,12,correct
Yes,Yes,72,1,filler,none,12,correct
Yes,Yes,72,1,filler,none,12,correct
Yes,Yes,72,1,filler,none,12,correct
Yes,Yes,72,1,filler,none,12,correct
Yes,Yes,72,1,filler,none,12,correct
Yes,Yes,72,1,filler,none,12,correct
Yes,No,73,1,filler,none,12,incorrect
Yes,No,73,1,filler,none,12,incorrect
Yes,No,73,1,filler,none,12,incorrect
Yes,No,73,1,filler,none,12,incorrect
Yes,No,73,1,filler,none,12,incorrect
Yes,No,73,1,filler,none,12,incorrect
Yes,No,73,1,filler,none,12,incorrect
Yes,No,73,1,filler,none,12,incorrect
Yes,No,73,1,filler,none,12,incorrect
Yes,No,73,1,filler,none,12,incorrect
Yes,No,73,1,filler,none,12,incorrect
Yes,No,73,1,filler,none,12,incorrect
Yes,No,73,1,filler,none,12,incorrect
Yes,Yes,74,1,filler,none,12,correct
Yes,Yes,74,1,filler,none,12,correct
Yes,Yes,74,1,filler,none,12,correct
Yes,Yes,74,1,filler,none,12,correct
Yes,Yes,74,1,filler,none,12,correct
Yes,Yes,74,1,filler,none,12,correct
Yes,Yes,74,1,filler,none,12,correct
Yes,Yes,74,1,filler,none,12,correct
Yes,Yes,74,1,filler,none,12,correct
Yes,Yes,74,1,filler,none,12,correct
Yes,Yes,74,1,filler,none,12,correct
Yes,Yes,74,1,filler,none,12,correct
Yes,Yes,74,1,filler,none,12,correct
Yes,Yes,75,1,filler,none,12,correct
Yes,Yes,75,1,filler,none,12,correct
Yes,Yes,75,1,filler,none,12,correct
Yes,Yes,75,1,filler,none,12,correct
Yes,Yes,75,1,filler,none,12,correct
Yes,Yes,75,1,filler,none,12,correct
Yes,Yes,75,1,filler,none,12,correct
Yes,Yes,75,1,filler,none,12,correct
Yes,Yes,75,1,filler,none,12,correct
Yes,Yes,75,1,filler,none,12,correct
Yes,Yes,75,1,filler,none,12,correct
Yes,Yes,75,1,filler,none,12,correct
Yes,Yes,75,1,filler,none,12,correct
Yes,Yes,77,1,filler,none,12,correct
Yes,Yes,77,1,filler,none,12,correct
Yes,Yes,77,1,filler,none,12,correct
Yes,Yes,77,1,filler,none,12,correct
Yes,Yes,77,1,filler,none,12,correct
Yes,Yes,77,1,filler,none,12,correct
Yes,Yes,77,1,filler,none,12,correct
Yes,Yes,77,1,filler,none,12,correct
Yes,Yes,77,1,filler,none,12,correct
Yes,Yes,77,1,filler,none,12,correct
Yes,Yes,77,1,filler,none,12,correct
Yes,Yes,77,1,filler,none,12,correct
Yes,Yes,77,1,filler,none,12,correct
No,No,78,1,filler,none,12,correct
No,No,78,1,filler,none,12,correct
No,No,78,1,filler,none,12,correct
No,No,78,1,filler,none,12,correct
No,No,78,1,filler,none,12,correct
No,No,78,1,filler,none,12,correct
No,No,78,1,filler,none,12,correct
No,No,78,1,filler,none,12,correct
No,No,78,1,filler,none,12,correct
No,No,78,1,filler,none,12,correct
No,No,78,1,filler,none,12,correct
No,No,78,1,filler,none,12,correct
No,No,78,1,filler,none,12,correct
No,No,80,1,filler,none,12,correct
No,No,80,1,filler,none,12,correct
No,No,80,1,filler,none,12,correct
No,No,80,1,filler,none,12,correct
No,No,80,1,filler,none,12,correct
No,No,80,1,filler,none,12,correct
No,No,80,1,filler,none,12,correct
No,No,80,1,filler,none,12,correct
No,No,80,1,filler,none,12,correct
No,No,80,1,filler,none,12,correct
No,No,80,1,filler,none,12,correct
No,No,80,1,filler,none,12,correct
No,No,80,1,filler,none,12,correct
No,No,82,1,filler,none,12,correct
No,No,82,1,filler,none,12,correct
No,No,82,1,filler,none,12,correct
No,No,82,1,filler,none,12,correct
No,No,82,1,filler,none,12,correct
No,No,82,1,filler,none,12,correct
No,No,82,1,filler,none,12,correct
No,No,82,1,filler,none,12,correct
No,No,82,1,filler,none,12,correct
No,No,82,1,filler,none,12,correct
No,No,82,1,filler,none,12,correct
No,No,82,1,filler,none,12,correct
No,No,82,1,filler,none,12,correct
No,No,84,1,filler,none,12,correct
No,No,84,1,filler,none,12,correct
No,No,84,1,filler,none,12,correct
No,No,84,1,filler,none,12,correct
No,No,84,1,filler,none,12,correct
No,No,84,1,filler,none,12,correct
No,No,84,1,filler,none,12,correct
No,No,84,1,filler,none,12,correct
No,No,84,1,filler,none,12,correct
No,No,84,1,filler,none,12,correct
No,No,84,1,filler,none,12,correct
No,No,84,1,filler,none,12,correct
No,No,84,1,filler,none,12,correct
No,No,87,1,filler,none,12,correct
No,No,87,1,filler,none,12,correct
No,No,87,1,filler,none,12,correct
No,No,87,1,filler,none,12,correct
No,No,87,1,filler,none,12,correct
No,No,87,1,filler,none,12,correct
No,No,87,1,filler,none,12,correct
No,No,87,1,filler,none,12,correct
No,No,87,1,filler,none,12,correct
No,No,87,1,filler,none,12,correct
No,No,87,1,filler,none,12,correct
No,No,87,1,filler,none,12,correct
No,No,87,1,filler,none,12,correct
No,No,89,1,filler,none,12,correct
No,No,89,1,filler,none,12,correct
No,No,89,1,filler,none,12,correct
No,No,89,1,filler,none,12,correct
No,No,89,1,filler,none,12,correct
No,No,89,1,filler,none,12,correct
No,No,89,1,filler,none,12,correct
No,No,89,1,filler,none,12,correct
No,No,89,1,filler,none,12,correct
No,No,89,1,filler,none,12,correct
No,No,89,1,filler,none,12,correct
No,No,89,1,filler,none,12,correct
No,No,89,1,filler,none,12,correct
Yes,Yes,1,2,move,unacc,13,correct
Yes,Yes,1,2,move,unacc,13,correct
Yes,Yes,1,2,move,unacc,13,correct
Yes,Yes,1,2,move,unacc,13,correct
Yes,Yes,1,2,move,unacc,13,correct
Yes,Yes,2,2,move,CP,13,correct
Yes,Yes,2,2,move,CP,13,correct
Yes,Yes,2,2,move,CP,13,correct
Yes,Yes,2,2,move,CP,13,correct
Yes,Yes,2,2,move,CP,13,correct
Yes,No,5,2,nomove,CP,13,incorrect
Yes,No,5,2,nomove,CP,13,incorrect
Yes,No,5,2,nomove,CP,13,incorrect
Yes,No,5,2,nomove,CP,13,incorrect
Yes,No,5,2,nomove,CP,13,incorrect
No,Yes,6,2,move,DP,13,incorrect
No,Yes,6,2,move,DP,13,incorrect
No,Yes,6,2,move,DP,13,incorrect
No,Yes,6,2,move,DP,13,incorrect
No,Yes,6,2,move,DP,13,incorrect
No,Yes,7,2,move,unacc,13,incorrect
No,Yes,7,2,move,unacc,13,incorrect
No,Yes,7,2,move,unacc,13,incorrect
No,Yes,7,2,move,unacc,13,incorrect
No,Yes,7,2,move,unacc,13,incorrect
Yes,Yes,11,2,nomove,CP,13,correct
Yes,Yes,11,2,nomove,CP,13,correct
Yes,Yes,11,2,nomove,CP,13,correct
Yes,Yes,11,2,nomove,CP,13,correct
Yes,Yes,11,2,nomove,CP,13,correct
Yes,Yes,13,2,move,unacc,13,correct
Yes,Yes,13,2,move,unacc,13,correct
Yes,Yes,13,2,move,unacc,13,correct
Yes,Yes,13,2,move,unacc,13,correct
Yes,Yes,13,2,move,unacc,13,correct
Yes,Yes,14,2,move,CP,13,correct
Yes,Yes,14,2,move,CP,13,correct
Yes,Yes,14,2,move,CP,13,correct
Yes,Yes,14,2,move,CP,13,correct
Yes,Yes,14,2,move,CP,13,correct
Yes,Yes,17,2,nomove,unacc,13,correct
Yes,Yes,17,2,nomove,unacc,13,correct
Yes,Yes,17,2,nomove,unacc,13,correct
Yes,Yes,17,2,nomove,unacc,13,correct
Yes,Yes,17,2,nomove,unacc,13,correct
Yes,Yes,19,2,move,unacc,13,correct
Yes,Yes,19,2,move,unacc,13,correct
Yes,Yes,19,2,move,unacc,13,correct
Yes,Yes,19,2,move,unacc,13,correct
Yes,Yes,19,2,move,unacc,13,correct
Yes,Yes,21,2,nomove,DP,13,correct
Yes,Yes,21,2,nomove,DP,13,correct
Yes,Yes,21,2,nomove,DP,13,correct
Yes,Yes,21,2,nomove,DP,13,correct
Yes,Yes,21,2,nomove,DP,13,correct
No,Yes,22,2,nomove,unacc,13,incorrect
No,Yes,22,2,nomove,unacc,13,incorrect
No,Yes,22,2,nomove,unacc,13,incorrect
No,Yes,22,2,nomove,unacc,13,incorrect
No,Yes,22,2,nomove,unacc,13,incorrect
No,No,25,2,move,unacc,13,correct
No,No,25,2,move,unacc,13,correct
No,No,25,2,move,unacc,13,correct
No,No,25,2,move,unacc,13,correct
No,No,25,2,move,unacc,13,correct
Yes,Yes,30,2,move,DP,13,correct
Yes,Yes,30,2,move,DP,13,correct
Yes,Yes,30,2,move,DP,13,correct
Yes,Yes,30,2,move,DP,13,correct
Yes,Yes,30,2,move,DP,13,correct
No,No,31,2,move,unacc,13,correct
No,No,31,2,move,unacc,13,correct
No,No,31,2,move,unacc,13,correct
No,No,31,2,move,unacc,13,correct
No,No,31,2,move,unacc,13,correct
Yes,Yes,32,2,move,CP,13,correct
Yes,Yes,32,2,move,CP,13,correct
Yes,Yes,32,2,move,CP,13,correct
Yes,Yes,32,2,move,CP,13,correct
Yes,Yes,32,2,move,CP,13,correct
Yes,Yes,35,2,nomove,CP,13,correct
Yes,Yes,35,2,nomove,CP,13,correct
Yes,Yes,35,2,nomove,CP,13,correct
Yes,Yes,35,2,nomove,CP,13,correct
Yes,Yes,35,2,nomove,CP,13,correct
No,No,37,2,filler,none,13,correct
No,No,37,2,filler,none,13,correct
No,No,37,2,filler,none,13,correct
No,No,37,2,filler,none,13,correct
No,No,37,2,filler,none,13,correct
No,No,37,2,filler,none,13,correct
No,No,37,2,filler,none,13,correct
No,No,37,2,filler,none,13,correct
No,No,37,2,filler,none,13,correct
No,No,37,2,filler,none,13,correct
No,No,37,2,filler,none,13,correct
No,No,38,2,filler,none,13,correct
No,No,38,2,filler,none,13,correct
No,No,38,2,filler,none,13,correct
No,No,38,2,filler,none,13,correct
No,No,38,2,filler,none,13,correct
No,No,38,2,filler,none,13,correct
No,No,38,2,filler,none,13,correct
No,No,38,2,filler,none,13,correct
No,No,38,2,filler,none,13,correct
No,No,38,2,filler,none,13,correct
No,No,38,2,filler,none,13,correct
No,No,39,2,filler,none,13,correct
No,No,39,2,filler,none,13,correct
No,No,39,2,filler,none,13,correct
No,No,39,2,filler,none,13,correct
No,No,39,2,filler,none,13,correct
No,No,39,2,filler,none,13,correct
No,No,39,2,filler,none,13,correct
No,No,39,2,filler,none,13,correct
No,No,39,2,filler,none,13,correct
No,No,39,2,filler,none,13,correct
No,No,39,2,filler,none,13,correct
Yes,Yes,43,2,filler,none,13,correct
Yes,Yes,43,2,filler,none,13,correct
Yes,Yes,43,2,filler,none,13,correct
Yes,Yes,43,2,filler,none,13,correct
Yes,Yes,43,2,filler,none,13,correct
Yes,Yes,43,2,filler,none,13,correct
Yes,Yes,43,2,filler,none,13,correct
Yes,Yes,43,2,filler,none,13,correct
Yes,Yes,43,2,filler,none,13,correct
Yes,Yes,43,2,filler,none,13,correct
Yes,Yes,43,2,filler,none,13,correct
No,No,44,2,filler,none,13,correct
No,No,44,2,filler,none,13,correct
No,No,44,2,filler,none,13,correct
No,No,44,2,filler,none,13,correct
No,No,44,2,filler,none,13,correct
No,No,44,2,filler,none,13,correct
No,No,44,2,filler,none,13,correct
No,No,44,2,filler,none,13,correct
No,No,44,2,filler,none,13,correct
No,No,44,2,filler,none,13,correct
No,No,44,2,filler,none,13,correct
No,No,46,2,filler,none,13,correct
No,No,46,2,filler,none,13,correct
No,No,46,2,filler,none,13,correct
No,No,46,2,filler,none,13,correct
No,No,46,2,filler,none,13,correct
No,No,46,2,filler,none,13,correct
No,No,46,2,filler,none,13,correct
No,No,46,2,filler,none,13,correct
No,No,46,2,filler,none,13,correct
No,No,46,2,filler,none,13,correct
No,No,46,2,filler,none,13,correct
Yes,Yes,48,2,filler,none,13,correct
Yes,Yes,48,2,filler,none,13,correct
Yes,Yes,48,2,filler,none,13,correct
Yes,Yes,48,2,filler,none,13,correct
Yes,Yes,48,2,filler,none,13,correct
Yes,Yes,48,2,filler,none,13,correct
Yes,Yes,48,2,filler,none,13,correct
Yes,Yes,48,2,filler,none,13,correct
Yes,Yes,48,2,filler,none,13,correct
Yes,Yes,48,2,filler,none,13,correct
Yes,Yes,48,2,filler,none,13,correct
No,No,50,2,filler,none,13,correct
No,No,50,2,filler,none,13,correct
No,No,50,2,filler,none,13,correct
No,No,50,2,filler,none,13,correct
No,No,50,2,filler,none,13,correct
No,No,50,2,filler,none,13,correct
No,No,50,2,filler,none,13,correct
No,No,50,2,filler,none,13,correct
No,No,50,2,filler,none,13,correct
No,No,50,2,filler,none,13,correct
No,No,50,2,filler,none,13,correct
Yes,Yes,52,2,filler,none,13,correct
Yes,Yes,52,2,filler,none,13,correct
Yes,Yes,52,2,filler,none,13,correct
Yes,Yes,52,2,filler,none,13,correct
Yes,Yes,52,2,filler,none,13,correct
Yes,Yes,52,2,filler,none,13,correct
Yes,Yes,52,2,filler,none,13,correct
Yes,Yes,52,2,filler,none,13,correct
Yes,Yes,52,2,filler,none,13,correct
Yes,Yes,52,2,filler,none,13,correct
Yes,Yes,52,2,filler,none,13,correct
No,No,53,2,filler,none,13,correct
No,No,53,2,filler,none,13,correct
No,No,53,2,filler,none,13,correct
No,No,53,2,filler,none,13,correct
No,No,53,2,filler,none,13,correct
No,No,53,2,filler,none,13,correct
No,No,53,2,filler,none,13,correct
No,No,53,2,filler,none,13,correct
No,No,53,2,filler,none,13,correct
No,No,53,2,filler,none,13,correct
No,No,53,2,filler,none,13,correct
Yes,Yes,58,2,filler,none,13,correct
Yes,Yes,58,2,filler,none,13,correct
Yes,Yes,58,2,filler,none,13,correct
Yes,Yes,58,2,filler,none,13,correct
Yes,Yes,58,2,filler,none,13,correct
Yes,Yes,58,2,filler,none,13,correct
Yes,Yes,58,2,filler,none,13,correct
Yes,Yes,58,2,filler,none,13,correct
Yes,Yes,58,2,filler,none,13,correct
Yes,Yes,58,2,filler,none,13,correct
Yes,Yes,58,2,filler,none,13,correct
Yes,Yes,58,2,filler,none,13,correct
No,No,59,2,filler,none,13,correct
No,No,59,2,filler,none,13,correct
No,No,59,2,filler,none,13,correct
No,No,59,2,filler,none,13,correct
No,No,59,2,filler,none,13,correct
No,No,59,2,filler,none,13,correct
No,No,59,2,filler,none,13,correct
No,No,59,2,filler,none,13,correct
No,No,59,2,filler,none,13,correct
No,No,59,2,filler,none,13,correct
No,No,59,2,filler,none,13,correct
No,No,59,2,filler,none,13,correct
No,No,59,2,filler,none,13,correct
No,No,62,2,filler,none,13,correct
No,No,62,2,filler,none,13,correct
No,No,62,2,filler,none,13,correct
No,No,62,2,filler,none,13,correct
No,No,62,2,filler,none,13,correct
No,No,62,2,filler,none,13,correct
No,No,62,2,filler,none,13,correct
No,No,62,2,filler,none,13,correct
No,No,62,2,filler,none,13,correct
No,No,62,2,filler,none,13,correct
No,No,62,2,filler,none,13,correct
No,No,62,2,filler,none,13,correct
Yes,Yes,64,2,filler,none,13,correct
Yes,Yes,64,2,filler,none,13,correct
Yes,Yes,64,2,filler,none,13,correct
Yes,Yes,64,2,filler,none,13,correct
Yes,Yes,64,2,filler,none,13,correct
Yes,Yes,64,2,filler,none,13,correct
Yes,Yes,64,2,filler,none,13,correct
Yes,Yes,64,2,filler,none,13,correct
Yes,Yes,64,2,filler,none,13,correct
Yes,Yes,64,2,filler,none,13,correct
Yes,Yes,64,2,filler,none,13,correct
Yes,Yes,64,2,filler,none,13,correct
No,No,66,2,filler,none,13,correct
No,No,66,2,filler,none,13,correct
No,No,66,2,filler,none,13,correct
No,No,66,2,filler,none,13,correct
No,No,66,2,filler,none,13,correct
No,No,66,2,filler,none,13,correct
No,No,66,2,filler,none,13,correct
No,No,66,2,filler,none,13,correct
No,No,66,2,filler,none,13,correct
No,No,66,2,filler,none,13,correct
No,No,66,2,filler,none,13,correct
No,No,66,2,filler,none,13,correct
No,No,68,2,filler,none,13,correct
No,No,68,2,filler,none,13,correct
No,No,68,2,filler,none,13,correct
No,No,68,2,filler,none,13,correct
No,No,68,2,filler,none,13,correct
No,No,68,2,filler,none,13,correct
No,No,68,2,filler,none,13,correct
No,No,68,2,filler,none,13,correct
No,No,68,2,filler,none,13,correct
No,No,68,2,filler,none,13,correct
No,No,68,2,filler,none,13,correct
No,No,68,2,filler,none,13,correct
No,No,69,2,filler,none,13,correct
No,No,69,2,filler,none,13,correct
No,No,69,2,filler,none,13,correct
No,No,69,2,filler,none,13,correct
No,No,69,2,filler,none,13,correct
No,No,69,2,filler,none,13,correct
No,No,69,2,filler,none,13,correct
No,No,69,2,filler,none,13,correct
No,No,69,2,filler,none,13,correct
No,No,69,2,filler,none,13,correct
No,No,69,2,filler,none,13,correct
No,No,69,2,filler,none,13,correct
Yes,Yes,72,2,filler,none,13,correct
Yes,Yes,72,2,filler,none,13,correct
Yes,Yes,72,2,filler,none,13,correct
Yes,Yes,72,2,filler,none,13,correct
Yes,Yes,72,2,filler,none,13,correct
Yes,Yes,72,2,filler,none,13,correct
Yes,Yes,72,2,filler,none,13,correct
Yes,Yes,72,2,filler,none,13,correct
Yes,Yes,72,2,filler,none,13,correct
Yes,Yes,72,2,filler,none,13,correct
Yes,Yes,72,2,filler,none,13,correct
Yes,Yes,72,2,filler,none,13,correct
Yes,No,73,2,filler,none,13,incorrect
Yes,No,73,2,filler,none,13,incorrect
Yes,No,73,2,filler,none,13,incorrect
Yes,No,73,2,filler,none,13,incorrect
Yes,No,73,2,filler,none,13,incorrect
Yes,No,73,2,filler,none,13,incorrect
Yes,No,73,2,filler,none,13,incorrect
Yes,No,73,2,filler,none,13,incorrect
Yes,No,73,2,filler,none,13,incorrect
Yes,No,73,2,filler,none,13,incorrect
Yes,No,73,2,filler,none,13,incorrect
Yes,No,73,2,filler,none,13,incorrect
Yes,No,73,2,filler,none,13,incorrect
Yes,Yes,74,2,filler,none,13,correct
Yes,Yes,74,2,filler,none,13,correct
Yes,Yes,74,2,filler,none,13,correct
Yes,Yes,74,2,filler,none,13,correct
Yes,Yes,74,2,filler,none,13,correct
Yes,Yes,74,2,filler,none,13,correct
Yes,Yes,74,2,filler,none,13,correct
Yes,Yes,74,2,filler,none,13,correct
Yes,Yes,74,2,filler,none,13,correct
Yes,Yes,74,2,filler,none,13,correct
Yes,Yes,74,2,filler,none,13,correct
Yes,Yes,74,2,filler,none,13,correct
Yes,Yes,74,2,filler,none,13,correct
Yes,Yes,75,2,filler,none,13,correct
Yes,Yes,75,2,filler,none,13,correct
Yes,Yes,75,2,filler,none,13,correct
Yes,Yes,75,2,filler,none,13,correct
Yes,Yes,75,2,filler,none,13,correct
Yes,Yes,75,2,filler,none,13,correct
Yes,Yes,75,2,filler,none,13,correct
Yes,Yes,75,2,filler,none,13,correct
Yes,Yes,75,2,filler,none,13,correct
Yes,Yes,75,2,filler,none,13,correct
Yes,Yes,75,2,filler,none,13,correct
Yes,Yes,75,2,filler,none,13,correct
Yes,Yes,75,2,filler,none,13,correct
Yes,Yes,77,2,filler,none,13,correct
Yes,Yes,77,2,filler,none,13,correct
Yes,Yes,77,2,filler,none,13,correct
Yes,Yes,77,2,filler,none,13,correct
Yes,Yes,77,2,filler,none,13,correct
Yes,Yes,77,2,filler,none,13,correct
Yes,Yes,77,2,filler,none,13,correct
Yes,Yes,77,2,filler,none,13,correct
Yes,Yes,77,2,filler,none,13,correct
Yes,Yes,77,2,filler,none,13,correct
Yes,Yes,77,2,filler,none,13,correct
Yes,Yes,77,2,filler,none,13,correct
Yes,Yes,77,2,filler,none,13,correct
No,No,78,2,filler,none,13,correct
No,No,78,2,filler,none,13,correct
No,No,78,2,filler,none,13,correct
No,No,78,2,filler,none,13,correct
No,No,78,2,filler,none,13,correct
No,No,78,2,filler,none,13,correct
No,No,78,2,filler,none,13,correct
No,No,78,2,filler,none,13,correct
No,No,78,2,filler,none,13,correct
No,No,78,2,filler,none,13,correct
No,No,78,2,filler,none,13,correct
No,No,78,2,filler,none,13,correct
No,No,78,2,filler,none,13,correct
No,No,80,2,filler,none,13,correct
No,No,80,2,filler,none,13,correct
No,No,80,2,filler,none,13,correct
No,No,80,2,filler,none,13,correct
No,No,80,2,filler,none,13,correct
No,No,80,2,filler,none,13,correct
No,No,80,2,filler,none,13,correct
No,No,80,2,filler,none,13,correct
No,No,80,2,filler,none,13,correct
No,No,80,2,filler,none,13,correct
No,No,80,2,filler,none,13,correct
No,No,80,2,filler,none,13,correct
No,No,80,2,filler,none,13,correct
No,No,82,2,filler,none,13,correct
No,No,82,2,filler,none,13,correct
No,No,82,2,filler,none,13,correct
No,No,82,2,filler,none,13,correct
No,No,82,2,filler,none,13,correct
No,No,82,2,filler,none,13,correct
No,No,82,2,filler,none,13,correct
No,No,82,2,filler,none,13,correct
No,No,82,2,filler,none,13,correct
No,No,82,2,filler,none,13,correct
No,No,82,2,filler,none,13,correct
No,No,82,2,filler,none,13,correct
No,No,82,2,filler,none,13,correct
No,No,84,2,filler,none,13,correct
No,No,84,2,filler,none,13,correct
No,No,84,2,filler,none,13,correct
No,No,84,2,filler,none,13,correct
No,No,84,2,filler,none,13,correct
No,No,84,2,filler,none,13,correct
No,No,84,2,filler,none,13,correct
No,No,84,2,filler,none,13,correct
No,No,84,2,filler,none,13,correct
No,No,84,2,filler,none,13,correct
No,No,84,2,filler,none,13,correct
No,No,84,2,filler,none,13,correct
No,No,84,2,filler,none,13,correct
No,No,87,2,filler,none,13,correct
No,No,87,2,filler,none,13,correct
No,No,87,2,filler,none,13,correct
No,No,87,2,filler,none,13,correct
No,No,87,2,filler,none,13,correct
No,No,87,2,filler,none,13,correct
No,No,87,2,filler,none,13,correct
No,No,87,2,filler,none,13,correct
No,No,87,2,filler,none,13,correct
No,No,87,2,filler,none,13,correct
No,No,87,2,filler,none,13,correct
No,No,87,2,filler,none,13,correct
No,No,87,2,filler,none,13,correct
No,No,89,2,filler,none,13,correct
No,No,89,2,filler,none,13,correct
No,No,89,2,filler,none,13,correct
No,No,89,2,filler,none,13,correct
No,No,89,2,filler,none,13,correct
No,No,89,2,filler,none,13,correct
No,No,89,2,filler,none,13,correct
No,No,89,2,filler,none,13,correct
No,No,89,2,filler,none,13,correct
No,No,89,2,filler,none,13,correct
No,No,89,2,filler,none,13,correct
No,No,89,2,filler,none,13,correct
No,No,89,2,filler,none,13,correct
Yes,Yes,1,3,move,DP,14,correct
Yes,Yes,1,3,move,DP,14,correct
Yes,Yes,1,3,move,DP,14,correct
Yes,Yes,1,3,move,DP,14,correct
Yes,Yes,1,3,move,DP,14,correct
Yes,Yes,2,3,move,unacc,14,correct
Yes,Yes,2,3,move,unacc,14,correct
Yes,Yes,2,3,move,unacc,14,correct
Yes,Yes,2,3,move,unacc,14,correct
Yes,Yes,2,3,move,unacc,14,correct
No,No,5,3,nomove,unacc,14,correct
No,No,5,3,nomove,unacc,14,correct
No,No,5,3,nomove,unacc,14,correct
No,No,5,3,nomove,unacc,14,correct
No,No,5,3,nomove,unacc,14,correct
Yes,Yes,6,3,nomove,CP,14,correct
Yes,Yes,6,3,nomove,CP,14,correct
Yes,Yes,6,3,nomove,CP,14,correct
Yes,Yes,6,3,nomove,CP,14,correct
Yes,Yes,6,3,nomove,CP,14,correct
Yes,Yes,7,3,move,DP,14,correct
Yes,Yes,7,3,move,DP,14,correct
Yes,Yes,7,3,move,DP,14,correct
Yes,Yes,7,3,move,DP,14,correct
Yes,Yes,7,3,move,DP,14,correct
Yes,Yes,11,3,nomove,unacc,14,correct
Yes,Yes,11,3,nomove,unacc,14,correct
Yes,Yes,11,3,nomove,unacc,14,correct
Yes,Yes,11,3,nomove,unacc,14,correct
Yes,Yes,11,3,nomove,unacc,14,correct
Yes,Yes,13,3,move,DP,14,correct
Yes,Yes,13,3,move,DP,14,correct
Yes,Yes,13,3,move,DP,14,correct
Yes,Yes,13,3,move,DP,14,correct
Yes,Yes,13,3,move,DP,14,correct
Yes,Yes,14,3,move,unacc,14,correct
Yes,Yes,14,3,move,unacc,14,correct
Yes,Yes,14,3,move,unacc,14,correct
Yes,Yes,14,3,move,unacc,14,correct
Yes,Yes,14,3,move,unacc,14,correct
Yes,Yes,17,3,nomove,DP,14,correct
Yes,Yes,17,3,nomove,DP,14,correct
Yes,Yes,17,3,nomove,DP,14,correct
Yes,Yes,17,3,nomove,DP,14,correct
Yes,Yes,17,3,nomove,DP,14,correct
Yes,Yes,19,3,move,DP,14,correct
Yes,Yes,19,3,move,DP,14,correct
Yes,Yes,19,3,move,DP,14,correct
Yes,Yes,19,3,move,DP,14,correct
Yes,Yes,19,3,move,DP,14,correct
Yes,Yes,21,3,move,CP,14,correct
Yes,Yes,21,3,move,CP,14,correct
Yes,Yes,21,3,move,CP,14,correct
Yes,Yes,21,3,move,CP,14,correct
Yes,Yes,21,3,move,CP,14,correct
Yes,Yes,22,3,nomove,DP,14,correct
Yes,Yes,22,3,nomove,DP,14,correct
Yes,Yes,22,3,nomove,DP,14,correct
Yes,Yes,22,3,nomove,DP,14,correct
Yes,Yes,22,3,nomove,DP,14,correct
No,No,25,3,move,DP,14,correct
No,No,25,3,move,DP,14,correct
No,No,25,3,move,DP,14,correct
No,No,25,3,move,DP,14,correct
No,No,25,3,move,DP,14,correct
Yes,Yes,30,3,nomove,CP,14,correct
Yes,Yes,30,3,nomove,CP,14,correct
Yes,Yes,30,3,nomove,CP,14,correct
Yes,Yes,30,3,nomove,CP,14,correct
Yes,Yes,30,3,nomove,CP,14,correct
No,No,31,3,move,DP,14,correct
No,No,31,3,move,DP,14,correct
No,No,31,3,move,DP,14,correct
No,No,31,3,move,DP,14,correct
No,No,31,3,move,DP,14,correct
Yes,Yes,32,3,move,unacc,14,correct
Yes,Yes,32,3,move,unacc,14,correct
Yes,Yes,32,3,move,unacc,14,correct
Yes,Yes,32,3,move,unacc,14,correct
Yes,Yes,32,3,move,unacc,14,correct
No,No,33,3,move,CP,14,correct
No,No,33,3,move,CP,14,correct
No,No,33,3,move,CP,14,correct
No,No,33,3,move,CP,14,correct
No,No,33,3,move,CP,14,correct
Yes,Yes,35,3,nomove,unacc,14,correct
Yes,Yes,35,3,nomove,unacc,14,correct
Yes,Yes,35,3,nomove,unacc,14,correct
Yes,Yes,35,3,nomove,unacc,14,correct
Yes,Yes,35,3,nomove,unacc,14,correct
No,No,37,3,filler,none,14,correct
No,No,37,3,filler,none,14,correct
No,No,37,3,filler,none,14,correct
No,No,37,3,filler,none,14,correct
No,No,37,3,filler,none,14,correct
No,No,37,3,filler,none,14,correct
No,No,37,3,filler,none,14,correct
No,No,37,3,filler,none,14,correct
No,No,37,3,filler,none,14,correct
No,No,37,3,filler,none,14,correct
No,No,37,3,filler,none,14,correct
No,No,38,3,filler,none,14,correct
No,No,38,3,filler,none,14,correct
No,No,38,3,filler,none,14,correct
No,No,38,3,filler,none,14,correct
No,No,38,3,filler,none,14,correct
No,No,38,3,filler,none,14,correct
No,No,38,3,filler,none,14,correct
No,No,38,3,filler,none,14,correct
No,No,38,3,filler,none,14,correct
No,No,38,3,filler,none,14,correct
No,No,38,3,filler,none,14,correct
No,No,39,3,filler,none,14,correct
No,No,39,3,filler,none,14,correct
No,No,39,3,filler,none,14,correct
No,No,39,3,filler,none,14,correct
No,No,39,3,filler,none,14,correct
No,No,39,3,filler,none,14,correct
No,No,39,3,filler,none,14,correct
No,No,39,3,filler,none,14,correct
No,No,39,3,filler,none,14,correct
No,No,39,3,filler,none,14,correct
No,No,39,3,filler,none,14,correct
Yes,Yes,43,3,filler,none,14,correct
Yes,Yes,43,3,filler,none,14,correct
Yes,Yes,43,3,filler,none,14,correct
Yes,Yes,43,3,filler,none,14,correct
Yes,Yes,43,3,filler,none,14,correct
Yes,Yes,43,3,filler,none,14,correct
Yes,Yes,43,3,filler,none,14,correct
Yes,Yes,43,3,filler,none,14,correct
Yes,Yes,43,3,filler,none,14,correct
Yes,Yes,43,3,filler,none,14,correct
Yes,Yes,43,3,filler,none,14,correct
No,No,44,3,filler,none,14,correct
No,No,44,3,filler,none,14,correct
No,No,44,3,filler,none,14,correct
No,No,44,3,filler,none,14,correct
No,No,44,3,filler,none,14,correct
No,No,44,3,filler,none,14,correct
No,No,44,3,filler,none,14,correct
No,No,44,3,filler,none,14,correct
No,No,44,3,filler,none,14,correct
No,No,44,3,filler,none,14,correct
No,No,44,3,filler,none,14,correct
No,No,46,3,filler,none,14,correct
No,No,46,3,filler,none,14,correct
No,No,46,3,filler,none,14,correct
No,No,46,3,filler,none,14,correct
No,No,46,3,filler,none,14,correct
No,No,46,3,filler,none,14,correct
No,No,46,3,filler,none,14,correct
No,No,46,3,filler,none,14,correct
No,No,46,3,filler,none,14,correct
No,No,46,3,filler,none,14,correct
No,No,46,3,filler,none,14,correct
Yes,Yes,48,3,filler,none,14,correct
Yes,Yes,48,3,filler,none,14,correct
Yes,Yes,48,3,filler,none,14,correct
Yes,Yes,48,3,filler,none,14,correct
Yes,Yes,48,3,filler,none,14,correct
Yes,Yes,48,3,filler,none,14,correct
Yes,Yes,48,3,filler,none,14,correct
Yes,Yes,48,3,filler,none,14,correct
Yes,Yes,48,3,filler,none,14,correct
Yes,Yes,48,3,filler,none,14,correct
Yes,Yes,48,3,filler,none,14,correct
No,No,50,3,filler,none,14,correct
No,No,50,3,filler,none,14,correct
No,No,50,3,filler,none,14,correct
No,No,50,3,filler,none,14,correct
No,No,50,3,filler,none,14,correct
No,No,50,3,filler,none,14,correct
No,No,50,3,filler,none,14,correct
No,No,50,3,filler,none,14,correct
No,No,50,3,filler,none,14,correct
No,No,50,3,filler,none,14,correct
No,No,50,3,filler,none,14,correct
Yes,Yes,52,3,filler,none,14,correct
Yes,Yes,52,3,filler,none,14,correct
Yes,Yes,52,3,filler,none,14,correct
Yes,Yes,52,3,filler,none,14,correct
Yes,Yes,52,3,filler,none,14,correct
Yes,Yes,52,3,filler,none,14,correct
Yes,Yes,52,3,filler,none,14,correct
Yes,Yes,52,3,filler,none,14,correct
Yes,Yes,52,3,filler,none,14,correct
Yes,Yes,52,3,filler,none,14,correct
Yes,Yes,52,3,filler,none,14,correct
No,No,53,3,filler,none,14,correct
No,No,53,3,filler,none,14,correct
No,No,53,3,filler,none,14,correct
No,No,53,3,filler,none,14,correct
No,No,53,3,filler,none,14,correct
No,No,53,3,filler,none,14,correct
No,No,53,3,filler,none,14,correct
No,No,53,3,filler,none,14,correct
No,No,53,3,filler,none,14,correct
No,No,53,3,filler,none,14,correct
No,No,53,3,filler,none,14,correct
Yes,Yes,58,3,filler,none,14,correct
Yes,Yes,58,3,filler,none,14,correct
Yes,Yes,58,3,filler,none,14,correct
Yes,Yes,58,3,filler,none,14,correct
Yes,Yes,58,3,filler,none,14,correct
Yes,Yes,58,3,filler,none,14,correct
Yes,Yes,58,3,filler,none,14,correct
Yes,Yes,58,3,filler,none,14,correct
Yes,Yes,58,3,filler,none,14,correct
Yes,Yes,58,3,filler,none,14,correct
Yes,Yes,58,3,filler,none,14,correct
Yes,Yes,58,3,filler,none,14,correct
No,No,59,3,filler,none,14,correct
No,No,59,3,filler,none,14,correct
No,No,59,3,filler,none,14,correct
No,No,59,3,filler,none,14,correct
No,No,59,3,filler,none,14,correct
No,No,59,3,filler,none,14,correct
No,No,59,3,filler,none,14,correct
No,No,59,3,filler,none,14,correct
No,No,59,3,filler,none,14,correct
No,No,59,3,filler,none,14,correct
No,No,59,3,filler,none,14,correct
No,No,59,3,filler,none,14,correct
No,No,59,3,filler,none,14,correct
No,No,62,3,filler,none,14,correct
No,No,62,3,filler,none,14,correct
No,No,62,3,filler,none,14,correct
No,No,62,3,filler,none,14,correct
No,No,62,3,filler,none,14,correct
No,No,62,3,filler,none,14,correct
No,No,62,3,filler,none,14,correct
No,No,62,3,filler,none,14,correct
No,No,62,3,filler,none,14,correct
No,No,62,3,filler,none,14,correct
No,No,62,3,filler,none,14,correct
No,No,62,3,filler,none,14,correct
Yes,Yes,64,3,filler,none,14,correct
Yes,Yes,64,3,filler,none,14,correct
Yes,Yes,64,3,filler,none,14,correct
Yes,Yes,64,3,filler,none,14,correct
Yes,Yes,64,3,filler,none,14,correct
Yes,Yes,64,3,filler,none,14,correct
Yes,Yes,64,3,filler,none,14,correct
Yes,Yes,64,3,filler,none,14,correct
Yes,Yes,64,3,filler,none,14,correct
Yes,Yes,64,3,filler,none,14,correct
Yes,Yes,64,3,filler,none,14,correct
Yes,Yes,64,3,filler,none,14,correct
No,No,66,3,filler,none,14,correct
No,No,66,3,filler,none,14,correct
No,No,66,3,filler,none,14,correct
No,No,66,3,filler,none,14,correct
No,No,66,3,filler,none,14,correct
No,No,66,3,filler,none,14,correct
No,No,66,3,filler,none,14,correct
No,No,66,3,filler,none,14,correct
No,No,66,3,filler,none,14,correct
No,No,66,3,filler,none,14,correct
No,No,66,3,filler,none,14,correct
No,No,66,3,filler,none,14,correct
No,No,68,3,filler,none,14,correct
No,No,68,3,filler,none,14,correct
No,No,68,3,filler,none,14,correct
No,No,68,3,filler,none,14,correct
No,No,68,3,filler,none,14,correct
No,No,68,3,filler,none,14,correct
No,No,68,3,filler,none,14,correct
No,No,68,3,filler,none,14,correct
No,No,68,3,filler,none,14,correct
No,No,68,3,filler,none,14,correct
No,No,68,3,filler,none,14,correct
No,No,68,3,filler,none,14,correct
No,No,69,3,filler,none,14,correct
No,No,69,3,filler,none,14,correct
No,No,69,3,filler,none,14,correct
No,No,69,3,filler,none,14,correct
No,No,69,3,filler,none,14,correct
No,No,69,3,filler,none,14,correct
No,No,69,3,filler,none,14,correct
No,No,69,3,filler,none,14,correct
No,No,69,3,filler,none,14,correct
No,No,69,3,filler,none,14,correct
No,No,69,3,filler,none,14,correct
No,No,69,3,filler,none,14,correct
Yes,Yes,72,3,filler,none,14,correct
Yes,Yes,72,3,filler,none,14,correct
Yes,Yes,72,3,filler,none,14,correct
Yes,Yes,72,3,filler,none,14,correct
Yes,Yes,72,3,filler,none,14,correct
Yes,Yes,72,3,filler,none,14,correct
Yes,Yes,72,3,filler,none,14,correct
Yes,Yes,72,3,filler,none,14,correct
Yes,Yes,72,3,filler,none,14,correct
Yes,Yes,72,3,filler,none,14,correct
Yes,Yes,72,3,filler,none,14,correct
Yes,Yes,72,3,filler,none,14,correct
No,No,73,3,filler,none,14,correct
No,No,73,3,filler,none,14,correct
No,No,73,3,filler,none,14,correct
No,No,73,3,filler,none,14,correct
No,No,73,3,filler,none,14,correct
No,No,73,3,filler,none,14,correct
No,No,73,3,filler,none,14,correct
No,No,73,3,filler,none,14,correct
No,No,73,3,filler,none,14,correct
No,No,73,3,filler,none,14,correct
No,No,73,3,filler,none,14,correct
No,No,73,3,filler,none,14,correct
No,No,73,3,filler,none,14,correct
Yes,Yes,74,3,filler,none,14,correct
Yes,Yes,74,3,filler,none,14,correct
Yes,Yes,74,3,filler,none,14,correct
Yes,Yes,74,3,filler,none,14,correct
Yes,Yes,74,3,filler,none,14,correct
Yes,Yes,74,3,filler,none,14,correct
Yes,Yes,74,3,filler,none,14,correct
Yes,Yes,74,3,filler,none,14,correct
Yes,Yes,74,3,filler,none,14,correct
Yes,Yes,74,3,filler,none,14,correct
Yes,Yes,74,3,filler,none,14,correct
Yes,Yes,74,3,filler,none,14,correct
Yes,Yes,74,3,filler,none,14,correct
Yes,Yes,75,3,filler,none,14,correct
Yes,Yes,75,3,filler,none,14,correct
Yes,Yes,75,3,filler,none,14,correct
Yes,Yes,75,3,filler,none,14,correct
Yes,Yes,75,3,filler,none,14,correct
Yes,Yes,75,3,filler,none,14,correct
Yes,Yes,75,3,filler,none,14,correct
Yes,Yes,75,3,filler,none,14,correct
Yes,Yes,75,3,filler,none,14,correct
Yes,Yes,75,3,filler,none,14,correct
Yes,Yes,75,3,filler,none,14,correct
Yes,Yes,75,3,filler,none,14,correct
Yes,Yes,75,3,filler,none,14,correct
Yes,Yes,77,3,filler,none,14,correct
Yes,Yes,77,3,filler,none,14,correct
Yes,Yes,77,3,filler,none,14,correct
Yes,Yes,77,3,filler,none,14,correct
Yes,Yes,77,3,filler,none,14,correct
Yes,Yes,77,3,filler,none,14,correct
Yes,Yes,77,3,filler,none,14,correct
Yes,Yes,77,3,filler,none,14,correct
Yes,Yes,77,3,filler,none,14,correct
Yes,Yes,77,3,filler,none,14,correct
Yes,Yes,77,3,filler,none,14,correct
Yes,Yes,77,3,filler,none,14,correct
Yes,Yes,77,3,filler,none,14,correct
No,No,78,3,filler,none,14,correct
No,No,78,3,filler,none,14,correct
No,No,78,3,filler,none,14,correct
No,No,78,3,filler,none,14,correct
No,No,78,3,filler,none,14,correct
No,No,78,3,filler,none,14,correct
No,No,78,3,filler,none,14,correct
No,No,78,3,filler,none,14,correct
No,No,78,3,filler,none,14,correct
No,No,78,3,filler,none,14,correct
No,No,78,3,filler,none,14,correct
No,No,78,3,filler,none,14,correct
No,No,78,3,filler,none,14,correct
No,No,80,3,filler,none,14,correct
No,No,80,3,filler,none,14,correct
No,No,80,3,filler,none,14,correct
No,No,80,3,filler,none,14,correct
No,No,80,3,filler,none,14,correct
No,No,80,3,filler,none,14,correct
No,No,80,3,filler,none,14,correct
No,No,80,3,filler,none,14,correct
No,No,80,3,filler,none,14,correct
No,No,80,3,filler,none,14,correct
No,No,80,3,filler,none,14,correct
No,No,80,3,filler,none,14,correct
No,No,80,3,filler,none,14,correct
No,No,82,3,filler,none,14,correct
No,No,82,3,filler,none,14,correct
No,No,82,3,filler,none,14,correct
No,No,82,3,filler,none,14,correct
No,No,82,3,filler,none,14,correct
No,No,82,3,filler,none,14,correct
No,No,82,3,filler,none,14,correct
No,No,82,3,filler,none,14,correct
No,No,82,3,filler,none,14,correct
No,No,82,3,filler,none,14,correct
No,No,82,3,filler,none,14,correct
No,No,82,3,filler,none,14,correct
No,No,82,3,filler,none,14,correct
No,No,84,3,filler,none,14,correct
No,No,84,3,filler,none,14,correct
No,No,84,3,filler,none,14,correct
No,No,84,3,filler,none,14,correct
No,No,84,3,filler,none,14,correct
No,No,84,3,filler,none,14,correct
No,No,84,3,filler,none,14,correct
No,No,84,3,filler,none,14,correct
No,No,84,3,filler,none,14,correct
No,No,84,3,filler,none,14,correct
No,No,84,3,filler,none,14,correct
No,No,84,3,filler,none,14,correct
No,No,84,3,filler,none,14,correct
No,No,87,3,filler,none,14,correct
No,No,87,3,filler,none,14,correct
No,No,87,3,filler,none,14,correct
No,No,87,3,filler,none,14,correct
No,No,87,3,filler,none,14,correct
No,No,87,3,filler,none,14,correct
No,No,87,3,filler,none,14,correct
No,No,87,3,filler,none,14,correct
No,No,87,3,filler,none,14,correct
No,No,87,3,filler,none,14,correct
No,No,87,3,filler,none,14,correct
No,No,87,3,filler,none,14,correct
No,No,87,3,filler,none,14,correct
No,No,89,3,filler,none,14,correct
No,No,89,3,filler,none,14,correct
No,No,89,3,filler,none,14,correct
No,No,89,3,filler,none,14,correct
No,No,89,3,filler,none,14,correct
No,No,89,3,filler,none,14,correct
No,No,89,3,filler,none,14,correct
No,No,89,3,filler,none,14,correct
No,No,89,3,filler,none,14,correct
No,No,89,3,filler,none,14,correct
No,No,89,3,filler,none,14,correct
No,No,89,3,filler,none,14,correct
No,No,89,3,filler,none,14,correct
Yes,Yes,1,4,nomove,CP,15,correct
Yes,Yes,1,4,nomove,CP,15,correct
Yes,Yes,1,4,nomove,CP,15,correct
Yes,Yes,1,4,nomove,CP,15,correct
Yes,Yes,1,4,nomove,CP,15,correct
Yes,Yes,2,4,move,DP,15,correct
Yes,Yes,2,4,move,DP,15,correct
Yes,Yes,2,4,move,DP,15,correct
Yes,Yes,2,4,move,DP,15,correct
Yes,Yes,2,4,move,DP,15,correct
No,No,5,4,nomove,DP,15,correct
No,No,5,4,nomove,DP,15,correct
No,No,5,4,nomove,DP,15,correct
No,No,5,4,nomove,DP,15,correct
No,No,5,4,nomove,DP,15,correct
Yes,Yes,6,4,nomove,unacc,15,correct
Yes,Yes,6,4,nomove,unacc,15,correct
Yes,Yes,6,4,nomove,unacc,15,correct
Yes,Yes,6,4,nomove,unacc,15,correct
Yes,Yes,6,4,nomove,unacc,15,correct
Yes,Yes,7,4,nomove,CP,15,correct
Yes,Yes,7,4,nomove,CP,15,correct
Yes,Yes,7,4,nomove,CP,15,correct
Yes,Yes,7,4,nomove,CP,15,correct
Yes,Yes,7,4,nomove,CP,15,correct
Yes,Yes,11,4,nomove,DP,15,correct
Yes,Yes,11,4,nomove,DP,15,correct
Yes,Yes,11,4,nomove,DP,15,correct
Yes,Yes,11,4,nomove,DP,15,correct
Yes,Yes,11,4,nomove,DP,15,correct
Yes,Yes,13,4,nomove,CP,15,correct
Yes,Yes,13,4,nomove,CP,15,correct
Yes,Yes,13,4,nomove,CP,15,correct
Yes,Yes,13,4,nomove,CP,15,correct
Yes,Yes,13,4,nomove,CP,15,correct
Yes,Yes,14,4,move,DP,15,correct
Yes,Yes,14,4,move,DP,15,correct
Yes,Yes,14,4,move,DP,15,correct
Yes,Yes,14,4,move,DP,15,correct
Yes,Yes,14,4,move,DP,15,correct
Yes,Yes,17,4,move,CP,15,correct
Yes,Yes,17,4,move,CP,15,correct
Yes,Yes,17,4,move,CP,15,correct
Yes,Yes,17,4,move,CP,15,correct
Yes,Yes,17,4,move,CP,15,correct
Yes,Yes,19,4,nomove,CP,15,correct
Yes,Yes,19,4,nomove,CP,15,correct
Yes,Yes,19,4,nomove,CP,15,correct
Yes,Yes,19,4,nomove,CP,15,correct
Yes,Yes,19,4,nomove,CP,15,correct
Yes,Yes,21,4,move,unacc,15,correct
Yes,Yes,21,4,move,unacc,15,correct
Yes,Yes,21,4,move,unacc,15,correct
Yes,Yes,21,4,move,unacc,15,correct
Yes,Yes,21,4,move,unacc,15,correct
Yes,Yes,22,4,move,CP,15,correct
Yes,Yes,22,4,move,CP,15,correct
Yes,Yes,22,4,move,CP,15,correct
Yes,Yes,22,4,move,CP,15,correct
Yes,Yes,22,4,move,CP,15,correct
No,No,25,4,nomove,CP,15,correct
No,No,25,4,nomove,CP,15,correct
No,No,25,4,nomove,CP,15,correct
No,No,25,4,nomove,CP,15,correct
No,No,25,4,nomove,CP,15,correct
No,Yes,30,4,nomove,unacc,15,incorrect
No,Yes,30,4,nomove,unacc,15,incorrect
No,Yes,30,4,nomove,unacc,15,incorrect
No,Yes,30,4,nomove,unacc,15,incorrect
No,Yes,30,4,nomove,unacc,15,incorrect
No,No,31,4,nomove,CP,15,correct
No,No,31,4,nomove,CP,15,correct
No,No,31,4,nomove,CP,15,correct
No,No,31,4,nomove,CP,15,correct
No,No,31,4,nomove,CP,15,correct
Yes,Yes,32,4,move,DP,15,correct
Yes,Yes,32,4,move,DP,15,correct
Yes,Yes,32,4,move,DP,15,correct
Yes,Yes,32,4,move,DP,15,correct
Yes,Yes,32,4,move,DP,15,correct
No,No,33,4,move,unacc,15,correct
No,No,33,4,move,unacc,15,correct
No,No,33,4,move,unacc,15,correct
No,No,33,4,move,unacc,15,correct
No,No,33,4,move,unacc,15,correct
Yes,Yes,35,4,nomove,DP,15,correct
Yes,Yes,35,4,nomove,DP,15,correct
Yes,Yes,35,4,nomove,DP,15,correct
Yes,Yes,35,4,nomove,DP,15,correct
Yes,Yes,35,4,nomove,DP,15,correct
No,No,37,4,filler,none,15,correct
No,No,37,4,filler,none,15,correct
No,No,37,4,filler,none,15,correct
No,No,37,4,filler,none,15,correct
No,No,37,4,filler,none,15,correct
No,No,37,4,filler,none,15,correct
No,No,37,4,filler,none,15,correct
No,No,37,4,filler,none,15,correct
No,No,37,4,filler,none,15,correct
No,No,37,4,filler,none,15,correct
No,No,37,4,filler,none,15,correct
No,No,38,4,filler,none,15,correct
No,No,38,4,filler,none,15,correct
No,No,38,4,filler,none,15,correct
No,No,38,4,filler,none,15,correct
No,No,38,4,filler,none,15,correct
No,No,38,4,filler,none,15,correct
No,No,38,4,filler,none,15,correct
No,No,38,4,filler,none,15,correct
No,No,38,4,filler,none,15,correct
No,No,38,4,filler,none,15,correct
No,No,38,4,filler,none,15,correct
No,No,39,4,filler,none,15,correct
No,No,39,4,filler,none,15,correct
No,No,39,4,filler,none,15,correct
No,No,39,4,filler,none,15,correct
No,No,39,4,filler,none,15,correct
No,No,39,4,filler,none,15,correct
No,No,39,4,filler,none,15,correct
No,No,39,4,filler,none,15,correct
No,No,39,4,filler,none,15,correct
No,No,39,4,filler,none,15,correct
No,No,39,4,filler,none,15,correct
Yes,Yes,43,4,filler,none,15,correct
Yes,Yes,43,4,filler,none,15,correct
Yes,Yes,43,4,filler,none,15,correct
Yes,Yes,43,4,filler,none,15,correct
Yes,Yes,43,4,filler,none,15,correct
Yes,Yes,43,4,filler,none,15,correct
Yes,Yes,43,4,filler,none,15,correct
Yes,Yes,43,4,filler,none,15,correct
Yes,Yes,43,4,filler,none,15,correct
Yes,Yes,43,4,filler,none,15,correct
Yes,Yes,43,4,filler,none,15,correct
No,No,44,4,filler,none,15,correct
No,No,44,4,filler,none,15,correct
No,No,44,4,filler,none,15,correct
No,No,44,4,filler,none,15,correct
No,No,44,4,filler,none,15,correct
No,No,44,4,filler,none,15,correct
No,No,44,4,filler,none,15,correct
No,No,44,4,filler,none,15,correct
No,No,44,4,filler,none,15,correct
No,No,44,4,filler,none,15,correct
No,No,44,4,filler,none,15,correct
No,No,46,4,filler,none,15,correct
No,No,46,4,filler,none,15,correct
No,No,46,4,filler,none,15,correct
No,No,46,4,filler,none,15,correct
No,No,46,4,filler,none,15,correct
No,No,46,4,filler,none,15,correct
No,No,46,4,filler,none,15,correct
No,No,46,4,filler,none,15,correct
No,No,46,4,filler,none,15,correct
No,No,46,4,filler,none,15,correct
No,No,46,4,filler,none,15,correct
Yes,Yes,48,4,filler,none,15,correct
Yes,Yes,48,4,filler,none,15,correct
Yes,Yes,48,4,filler,none,15,correct
Yes,Yes,48,4,filler,none,15,correct
Yes,Yes,48,4,filler,none,15,correct
Yes,Yes,48,4,filler,none,15,correct
Yes,Yes,48,4,filler,none,15,correct
Yes,Yes,48,4,filler,none,15,correct
Yes,Yes,48,4,filler,none,15,correct
Yes,Yes,48,4,filler,none,15,correct
Yes,Yes,48,4,filler,none,15,correct
No,No,50,4,filler,none,15,correct
No,No,50,4,filler,none,15,correct
No,No,50,4,filler,none,15,correct
No,No,50,4,filler,none,15,correct
No,No,50,4,filler,none,15,correct
No,No,50,4,filler,none,15,correct
No,No,50,4,filler,none,15,correct
No,No,50,4,filler,none,15,correct
No,No,50,4,filler,none,15,correct
No,No,50,4,filler,none,15,correct
No,No,50,4,filler,none,15,correct
Yes,Yes,52,4,filler,none,15,correct
Yes,Yes,52,4,filler,none,15,correct
Yes,Yes,52,4,filler,none,15,correct
Yes,Yes,52,4,filler,none,15,correct
Yes,Yes,52,4,filler,none,15,correct
Yes,Yes,52,4,filler,none,15,correct
Yes,Yes,52,4,filler,none,15,correct
Yes,Yes,52,4,filler,none,15,correct
Yes,Yes,52,4,filler,none,15,correct
Yes,Yes,52,4,filler,none,15,correct
Yes,Yes,52,4,filler,none,15,correct
No,No,53,4,filler,none,15,correct
No,No,53,4,filler,none,15,correct
No,No,53,4,filler,none,15,correct
No,No,53,4,filler,none,15,correct
No,No,53,4,filler,none,15,correct
No,No,53,4,filler,none,15,correct
No,No,53,4,filler,none,15,correct
No,No,53,4,filler,none,15,correct
No,No,53,4,filler,none,15,correct
No,No,53,4,filler,none,15,correct
No,No,53,4,filler,none,15,correct
Yes,Yes,58,4,filler,none,15,correct
Yes,Yes,58,4,filler,none,15,correct
Yes,Yes,58,4,filler,none,15,correct
Yes,Yes,58,4,filler,none,15,correct
Yes,Yes,58,4,filler,none,15,correct
Yes,Yes,58,4,filler,none,15,correct
Yes,Yes,58,4,filler,none,15,correct
Yes,Yes,58,4,filler,none,15,correct
Yes,Yes,58,4,filler,none,15,correct
Yes,Yes,58,4,filler,none,15,correct
Yes,Yes,58,4,filler,none,15,correct
Yes,Yes,58,4,filler,none,15,correct
No,No,59,4,filler,none,15,correct
No,No,59,4,filler,none,15,correct
No,No,59,4,filler,none,15,correct
No,No,59,4,filler,none,15,correct
No,No,59,4,filler,none,15,correct
No,No,59,4,filler,none,15,correct
No,No,59,4,filler,none,15,correct
No,No,59,4,filler,none,15,correct
No,No,59,4,filler,none,15,correct
No,No,59,4,filler,none,15,correct
No,No,59,4,filler,none,15,correct
No,No,59,4,filler,none,15,correct
No,No,59,4,filler,none,15,correct
No,No,62,4,filler,none,15,correct
No,No,62,4,filler,none,15,correct
No,No,62,4,filler,none,15,correct
No,No,62,4,filler,none,15,correct
No,No,62,4,filler,none,15,correct
No,No,62,4,filler,none,15,correct
No,No,62,4,filler,none,15,correct
No,No,62,4,filler,none,15,correct
No,No,62,4,filler,none,15,correct
No,No,62,4,filler,none,15,correct
No,No,62,4,filler,none,15,correct
No,No,62,4,filler,none,15,correct
Yes,Yes,64,4,filler,none,15,correct
Yes,Yes,64,4,filler,none,15,correct
Yes,Yes,64,4,filler,none,15,correct
Yes,Yes,64,4,filler,none,15,correct
Yes,Yes,64,4,filler,none,15,correct
Yes,Yes,64,4,filler,none,15,correct
Yes,Yes,64,4,filler,none,15,correct
Yes,Yes,64,4,filler,none,15,correct
Yes,Yes,64,4,filler,none,15,correct
Yes,Yes,64,4,filler,none,15,correct
Yes,Yes,64,4,filler,none,15,correct
Yes,Yes,64,4,filler,none,15,correct
No,No,66,4,filler,none,15,correct
No,No,66,4,filler,none,15,correct
No,No,66,4,filler,none,15,correct
No,No,66,4,filler,none,15,correct
No,No,66,4,filler,none,15,correct
No,No,66,4,filler,none,15,correct
No,No,66,4,filler,none,15,correct
No,No,66,4,filler,none,15,correct
No,No,66,4,filler,none,15,correct
No,No,66,4,filler,none,15,correct
No,No,66,4,filler,none,15,correct
No,No,66,4,filler,none,15,correct
No,No,68,4,filler,none,15,correct
No,No,68,4,filler,none,15,correct
No,No,68,4,filler,none,15,correct
No,No,68,4,filler,none,15,correct
No,No,68,4,filler,none,15,correct
No,No,68,4,filler,none,15,correct
No,No,68,4,filler,none,15,correct
No,No,68,4,filler,none,15,correct
No,No,68,4,filler,none,15,correct
No,No,68,4,filler,none,15,correct
No,No,68,4,filler,none,15,correct
No,No,68,4,filler,none,15,correct
No,No,69,4,filler,none,15,correct
No,No,69,4,filler,none,15,correct
No,No,69,4,filler,none,15,correct
No,No,69,4,filler,none,15,correct
No,No,69,4,filler,none,15,correct
No,No,69,4,filler,none,15,correct
No,No,69,4,filler,none,15,correct
No,No,69,4,filler,none,15,correct
No,No,69,4,filler,none,15,correct
No,No,69,4,filler,none,15,correct
No,No,69,4,filler,none,15,correct
No,No,69,4,filler,none,15,correct
Yes,Yes,72,4,filler,none,15,correct
Yes,Yes,72,4,filler,none,15,correct
Yes,Yes,72,4,filler,none,15,correct
Yes,Yes,72,4,filler,none,15,correct
Yes,Yes,72,4,filler,none,15,correct
Yes,Yes,72,4,filler,none,15,correct
Yes,Yes,72,4,filler,none,15,correct
Yes,Yes,72,4,filler,none,15,correct
Yes,Yes,72,4,filler,none,15,correct
Yes,Yes,72,4,filler,none,15,correct
Yes,Yes,72,4,filler,none,15,correct
Yes,Yes,72,4,filler,none,15,correct
No,No,73,4,filler,none,15,correct
No,No,73,4,filler,none,15,correct
No,No,73,4,filler,none,15,correct
No,No,73,4,filler,none,15,correct
No,No,73,4,filler,none,15,correct
No,No,73,4,filler,none,15,correct
No,No,73,4,filler,none,15,correct
No,No,73,4,filler,none,15,correct
No,No,73,4,filler,none,15,correct
No,No,73,4,filler,none,15,correct
No,No,73,4,filler,none,15,correct
No,No,73,4,filler,none,15,correct
No,No,73,4,filler,none,15,correct
Yes,Yes,74,4,filler,none,15,correct
Yes,Yes,74,4,filler,none,15,correct
Yes,Yes,74,4,filler,none,15,correct
Yes,Yes,74,4,filler,none,15,correct
Yes,Yes,74,4,filler,none,15,correct
Yes,Yes,74,4,filler,none,15,correct
Yes,Yes,74,4,filler,none,15,correct
Yes,Yes,74,4,filler,none,15,correct
Yes,Yes,74,4,filler,none,15,correct
Yes,Yes,74,4,filler,none,15,correct
Yes,Yes,74,4,filler,none,15,correct
Yes,Yes,74,4,filler,none,15,correct
Yes,Yes,74,4,filler,none,15,correct
Yes,Yes,75,4,filler,none,15,correct
Yes,Yes,75,4,filler,none,15,correct
Yes,Yes,75,4,filler,none,15,correct
Yes,Yes,75,4,filler,none,15,correct
Yes,Yes,75,4,filler,none,15,correct
Yes,Yes,75,4,filler,none,15,correct
Yes,Yes,75,4,filler,none,15,correct
Yes,Yes,75,4,filler,none,15,correct
Yes,Yes,75,4,filler,none,15,correct
Yes,Yes,75,4,filler,none,15,correct
Yes,Yes,75,4,filler,none,15,correct
Yes,Yes,75,4,filler,none,15,correct
Yes,Yes,75,4,filler,none,15,correct
Yes,Yes,77,4,filler,none,15,correct
Yes,Yes,77,4,filler,none,15,correct
Yes,Yes,77,4,filler,none,15,correct
Yes,Yes,77,4,filler,none,15,correct
Yes,Yes,77,4,filler,none,15,correct
Yes,Yes,77,4,filler,none,15,correct
Yes,Yes,77,4,filler,none,15,correct
Yes,Yes,77,4,filler,none,15,correct
Yes,Yes,77,4,filler,none,15,correct
Yes,Yes,77,4,filler,none,15,correct
Yes,Yes,77,4,filler,none,15,correct
Yes,Yes,77,4,filler,none,15,correct
Yes,Yes,77,4,filler,none,15,correct
No,No,78,4,filler,none,15,correct
No,No,78,4,filler,none,15,correct
No,No,78,4,filler,none,15,correct
No,No,78,4,filler,none,15,correct
No,No,78,4,filler,none,15,correct
No,No,78,4,filler,none,15,correct
No,No,78,4,filler,none,15,correct
No,No,78,4,filler,none,15,correct
No,No,78,4,filler,none,15,correct
No,No,78,4,filler,none,15,correct
No,No,78,4,filler,none,15,correct
No,No,78,4,filler,none,15,correct
No,No,78,4,filler,none,15,correct
No,No,80,4,filler,none,15,correct
No,No,80,4,filler,none,15,correct
No,No,80,4,filler,none,15,correct
No,No,80,4,filler,none,15,correct
No,No,80,4,filler,none,15,correct
No,No,80,4,filler,none,15,correct
No,No,80,4,filler,none,15,correct
No,No,80,4,filler,none,15,correct
No,No,80,4,filler,none,15,correct
No,No,80,4,filler,none,15,correct
No,No,80,4,filler,none,15,correct
No,No,80,4,filler,none,15,correct
No,No,80,4,filler,none,15,correct
No,No,82,4,filler,none,15,correct
No,No,82,4,filler,none,15,correct
No,No,82,4,filler,none,15,correct
No,No,82,4,filler,none,15,correct
No,No,82,4,filler,none,15,correct
No,No,82,4,filler,none,15,correct
No,No,82,4,filler,none,15,correct
No,No,82,4,filler,none,15,correct
No,No,82,4,filler,none,15,correct
No,No,82,4,filler,none,15,correct
No,No,82,4,filler,none,15,correct
No,No,82,4,filler,none,15,correct
No,No,82,4,filler,none,15,correct
No,No,84,4,filler,none,15,correct
No,No,84,4,filler,none,15,correct
No,No,84,4,filler,none,15,correct
No,No,84,4,filler,none,15,correct
No,No,84,4,filler,none,15,correct
No,No,84,4,filler,none,15,correct
No,No,84,4,filler,none,15,correct
No,No,84,4,filler,none,15,correct
No,No,84,4,filler,none,15,correct
No,No,84,4,filler,none,15,correct
No,No,84,4,filler,none,15,correct
No,No,84,4,filler,none,15,correct
No,No,84,4,filler,none,15,correct
No,No,87,4,filler,none,15,correct
No,No,87,4,filler,none,15,correct
No,No,87,4,filler,none,15,correct
No,No,87,4,filler,none,15,correct
No,No,87,4,filler,none,15,correct
No,No,87,4,filler,none,15,correct
No,No,87,4,filler,none,15,correct
No,No,87,4,filler,none,15,correct
No,No,87,4,filler,none,15,correct
No,No,87,4,filler,none,15,correct
No,No,87,4,filler,none,15,correct
No,No,87,4,filler,none,15,correct
No,No,87,4,filler,none,15,correct
No,No,89,4,filler,none,15,correct
No,No,89,4,filler,none,15,correct
No,No,89,4,filler,none,15,correct
No,No,89,4,filler,none,15,correct
No,No,89,4,filler,none,15,correct
No,No,89,4,filler,none,15,correct
No,No,89,4,filler,none,15,correct
No,No,89,4,filler,none,15,correct
No,No,89,4,filler,none,15,correct
No,No,89,4,filler,none,15,correct
No,No,89,4,filler,none,15,correct
No,No,89,4,filler,none,15,correct
No,No,89,4,filler,none,15,correct
Yes,Yes,1,5,nomove,unacc,16,correct
Yes,Yes,1,5,nomove,unacc,16,correct
Yes,Yes,1,5,nomove,unacc,16,correct
Yes,Yes,1,5,nomove,unacc,16,correct
Yes,Yes,1,5,nomove,unacc,16,correct
Yes,Yes,2,5,nomove,CP,16,correct
Yes,Yes,2,5,nomove,CP,16,correct
Yes,Yes,2,5,nomove,CP,16,correct
Yes,Yes,2,5,nomove,CP,16,correct
Yes,Yes,2,5,nomove,CP,16,correct
No,No,5,5,move,CP,16,correct
No,No,5,5,move,CP,16,correct
No,No,5,5,move,CP,16,correct
No,No,5,5,move,CP,16,correct
No,No,5,5,move,CP,16,correct
Yes,Yes,6,5,nomove,DP,16,correct
Yes,Yes,6,5,nomove,DP,16,correct
Yes,Yes,6,5,nomove,DP,16,correct
Yes,Yes,6,5,nomove,DP,16,correct
Yes,Yes,6,5,nomove,DP,16,correct
Yes,Yes,7,5,nomove,unacc,16,correct
Yes,Yes,7,5,nomove,unacc,16,correct
Yes,Yes,7,5,nomove,unacc,16,correct
Yes,Yes,7,5,nomove,unacc,16,correct
Yes,Yes,7,5,nomove,unacc,16,correct
Yes,Yes,11,5,move,CP,16,correct
Yes,Yes,11,5,move,CP,16,correct
Yes,Yes,11,5,move,CP,16,correct
Yes,Yes,11,5,move,CP,16,correct
Yes,Yes,11,5,move,CP,16,correct
Yes,Yes,13,5,nomove,unacc,16,correct
Yes,Yes,13,5,nomove,unacc,16,correct
Yes,Yes,13,5,nomove,unacc,16,correct
Yes,Yes,13,5,nomove,unacc,16,correct
Yes,Yes,13,5,nomove,unacc,16,correct
Yes,Yes,14,5,nomove,CP,16,correct
Yes,Yes,14,5,nomove,CP,16,correct
Yes,Yes,14,5,nomove,CP,16,correct
Yes,Yes,14,5,nomove,CP,16,correct
Yes,Yes,14,5,nomove,CP,16,correct
Yes,Yes,17,5,move,unacc,16,correct
Yes,Yes,17,5,move,unacc,16,correct
Yes,Yes,17,5,move,unacc,16,correct
Yes,Yes,17,5,move,unacc,16,correct
Yes,Yes,17,5,move,unacc,16,correct
Yes,Yes,19,5,nomove,unacc,16,correct
Yes,Yes,19,5,nomove,unacc,16,correct
Yes,Yes,19,5,nomove,unacc,16,correct
Yes,Yes,19,5,nomove,unacc,16,correct
Yes,Yes,19,5,nomove,unacc,16,correct
Yes,Yes,21,5,move,DP,16,correct
Yes,Yes,21,5,move,DP,16,correct
Yes,Yes,21,5,move,DP,16,correct
Yes,Yes,21,5,move,DP,16,correct
Yes,Yes,21,5,move,DP,16,correct
Yes,Yes,22,5,move,unacc,16,correct
Yes,Yes,22,5,move,unacc,16,correct
Yes,Yes,22,5,move,unacc,16,correct
Yes,Yes,22,5,move,unacc,16,correct
Yes,Yes,22,5,move,unacc,16,correct
No,No,25,5,nomove,unacc,16,correct
No,No,25,5,nomove,unacc,16,correct
No,No,25,5,nomove,unacc,16,correct
No,No,25,5,nomove,unacc,16,correct
No,No,25,5,nomove,unacc,16,correct
Yes,Yes,30,5,nomove,DP,16,correct
Yes,Yes,30,5,nomove,DP,16,correct
Yes,Yes,30,5,nomove,DP,16,correct
Yes,Yes,30,5,nomove,DP,16,correct
Yes,Yes,30,5,nomove,DP,16,correct
No,No,31,5,nomove,unacc,16,correct
No,No,31,5,nomove,unacc,16,correct
No,No,31,5,nomove,unacc,16,correct
No,No,31,5,nomove,unacc,16,correct
No,No,31,5,nomove,unacc,16,correct
Yes,Yes,32,5,nomove,CP,16,correct
Yes,Yes,32,5,nomove,CP,16,correct
Yes,Yes,32,5,nomove,CP,16,correct
Yes,Yes,32,5,nomove,CP,16,correct
Yes,Yes,32,5,nomove,CP,16,correct
No,No,33,5,move,DP,16,correct
No,No,33,5,move,DP,16,correct
No,No,33,5,move,DP,16,correct
No,No,33,5,move,DP,16,correct
No,No,33,5,move,DP,16,correct
Yes,Yes,35,5,move,CP,16,correct
Yes,Yes,35,5,move,CP,16,correct
Yes,Yes,35,5,move,CP,16,correct
Yes,Yes,35,5,move,CP,16,correct
Yes,Yes,35,5,move,CP,16,correct
No,No,37,5,filler,none,16,correct
No,No,37,5,filler,none,16,correct
No,No,37,5,filler,none,16,correct
No,No,37,5,filler,none,16,correct
No,No,37,5,filler,none,16,correct
No,No,37,5,filler,none,16,correct
No,No,37,5,filler,none,16,correct
No,No,37,5,filler,none,16,correct
No,No,37,5,filler,none,16,correct
No,No,37,5,filler,none,16,correct
No,No,37,5,filler,none,16,correct
No,No,38,5,filler,none,16,correct
No,No,38,5,filler,none,16,correct
No,No,38,5,filler,none,16,correct
No,No,38,5,filler,none,16,correct
No,No,38,5,filler,none,16,correct
No,No,38,5,filler,none,16,correct
No,No,38,5,filler,none,16,correct
No,No,38,5,filler,none,16,correct
No,No,38,5,filler,none,16,correct
No,No,38,5,filler,none,16,correct
No,No,38,5,filler,none,16,correct
No,No,39,5,filler,none,16,correct
No,No,39,5,filler,none,16,correct
No,No,39,5,filler,none,16,correct
No,No,39,5,filler,none,16,correct
No,No,39,5,filler,none,16,correct
No,No,39,5,filler,none,16,correct
No,No,39,5,filler,none,16,correct
No,No,39,5,filler,none,16,correct
No,No,39,5,filler,none,16,correct
No,No,39,5,filler,none,16,correct
No,No,39,5,filler,none,16,correct
Yes,Yes,43,5,filler,none,16,correct
Yes,Yes,43,5,filler,none,16,correct
Yes,Yes,43,5,filler,none,16,correct
Yes,Yes,43,5,filler,none,16,correct
Yes,Yes,43,5,filler,none,16,correct
Yes,Yes,43,5,filler,none,16,correct
Yes,Yes,43,5,filler,none,16,correct
Yes,Yes,43,5,filler,none,16,correct
Yes,Yes,43,5,filler,none,16,correct
Yes,Yes,43,5,filler,none,16,correct
Yes,Yes,43,5,filler,none,16,correct
No,No,44,5,filler,none,16,correct
No,No,44,5,filler,none,16,correct
No,No,44,5,filler,none,16,correct
No,No,44,5,filler,none,16,correct
No,No,44,5,filler,none,16,correct
No,No,44,5,filler,none,16,correct
No,No,44,5,filler,none,16,correct
No,No,44,5,filler,none,16,correct
No,No,44,5,filler,none,16,correct
No,No,44,5,filler,none,16,correct
No,No,44,5,filler,none,16,correct
No,No,46,5,filler,none,16,correct
No,No,46,5,filler,none,16,correct
No,No,46,5,filler,none,16,correct
No,No,46,5,filler,none,16,correct
No,No,46,5,filler,none,16,correct
No,No,46,5,filler,none,16,correct
No,No,46,5,filler,none,16,correct
No,No,46,5,filler,none,16,correct
No,No,46,5,filler,none,16,correct
No,No,46,5,filler,none,16,correct
No,No,46,5,filler,none,16,correct
Yes,Yes,48,5,filler,none,16,correct
Yes,Yes,48,5,filler,none,16,correct
Yes,Yes,48,5,filler,none,16,correct
Yes,Yes,48,5,filler,none,16,correct
Yes,Yes,48,5,filler,none,16,correct
Yes,Yes,48,5,filler,none,16,correct
Yes,Yes,48,5,filler,none,16,correct
Yes,Yes,48,5,filler,none,16,correct
Yes,Yes,48,5,filler,none,16,correct
Yes,Yes,48,5,filler,none,16,correct
Yes,Yes,48,5,filler,none,16,correct
No,No,50,5,filler,none,16,correct
No,No,50,5,filler,none,16,correct
No,No,50,5,filler,none,16,correct
No,No,50,5,filler,none,16,correct
No,No,50,5,filler,none,16,correct
No,No,50,5,filler,none,16,correct
No,No,50,5,filler,none,16,correct
No,No,50,5,filler,none,16,correct
No,No,50,5,filler,none,16,correct
No,No,50,5,filler,none,16,correct
No,No,50,5,filler,none,16,correct
Yes,Yes,52,5,filler,none,16,correct
Yes,Yes,52,5,filler,none,16,correct
Yes,Yes,52,5,filler,none,16,correct
Yes,Yes,52,5,filler,none,16,correct
Yes,Yes,52,5,filler,none,16,correct
Yes,Yes,52,5,filler,none,16,correct
Yes,Yes,52,5,filler,none,16,correct
Yes,Yes,52,5,filler,none,16,correct
Yes,Yes,52,5,filler,none,16,correct
Yes,Yes,52,5,filler,none,16,correct
Yes,Yes,52,5,filler,none,16,correct
No,No,53,5,filler,none,16,correct
No,No,53,5,filler,none,16,correct
No,No,53,5,filler,none,16,correct
No,No,53,5,filler,none,16,correct
No,No,53,5,filler,none,16,correct
No,No,53,5,filler,none,16,correct
No,No,53,5,filler,none,16,correct
No,No,53,5,filler,none,16,correct
No,No,53,5,filler,none,16,correct
No,No,53,5,filler,none,16,correct
No,No,53,5,filler,none,16,correct
Yes,Yes,58,5,filler,none,16,correct
Yes,Yes,58,5,filler,none,16,correct
Yes,Yes,58,5,filler,none,16,correct
Yes,Yes,58,5,filler,none,16,correct
Yes,Yes,58,5,filler,none,16,correct
Yes,Yes,58,5,filler,none,16,correct
Yes,Yes,58,5,filler,none,16,correct
Yes,Yes,58,5,filler,none,16,correct
Yes,Yes,58,5,filler,none,16,correct
Yes,Yes,58,5,filler,none,16,correct
Yes,Yes,58,5,filler,none,16,correct
Yes,Yes,58,5,filler,none,16,correct
No,No,59,5,filler,none,16,correct
No,No,59,5,filler,none,16,correct
No,No,59,5,filler,none,16,correct
No,No,59,5,filler,none,16,correct
No,No,59,5,filler,none,16,correct
No,No,59,5,filler,none,16,correct
No,No,59,5,filler,none,16,correct
No,No,59,5,filler,none,16,correct
No,No,59,5,filler,none,16,correct
No,No,59,5,filler,none,16,correct
No,No,59,5,filler,none,16,correct
No,No,59,5,filler,none,16,correct
No,No,59,5,filler,none,16,correct
No,No,62,5,filler,none,16,correct
No,No,62,5,filler,none,16,correct
No,No,62,5,filler,none,16,correct
No,No,62,5,filler,none,16,correct
No,No,62,5,filler,none,16,correct
No,No,62,5,filler,none,16,correct
No,No,62,5,filler,none,16,correct
No,No,62,5,filler,none,16,correct
No,No,62,5,filler,none,16,correct
No,No,62,5,filler,none,16,correct
No,No,62,5,filler,none,16,correct
No,No,62,5,filler,none,16,correct
Yes,Yes,64,5,filler,none,16,correct
Yes,Yes,64,5,filler,none,16,correct
Yes,Yes,64,5,filler,none,16,correct
Yes,Yes,64,5,filler,none,16,correct
Yes,Yes,64,5,filler,none,16,correct
Yes,Yes,64,5,filler,none,16,correct
Yes,Yes,64,5,filler,none,16,correct
Yes,Yes,64,5,filler,none,16,correct
Yes,Yes,64,5,filler,none,16,correct
Yes,Yes,64,5,filler,none,16,correct
Yes,Yes,64,5,filler,none,16,correct
Yes,Yes,64,5,filler,none,16,correct
No,No,66,5,filler,none,16,correct
No,No,66,5,filler,none,16,correct
No,No,66,5,filler,none,16,correct
No,No,66,5,filler,none,16,correct
No,No,66,5,filler,none,16,correct
No,No,66,5,filler,none,16,correct
No,No,66,5,filler,none,16,correct
No,No,66,5,filler,none,16,correct
No,No,66,5,filler,none,16,correct
No,No,66,5,filler,none,16,correct
No,No,66,5,filler,none,16,correct
No,No,66,5,filler,none,16,correct
No,No,68,5,filler,none,16,correct
No,No,68,5,filler,none,16,correct
No,No,68,5,filler,none,16,correct
No,No,68,5,filler,none,16,correct
No,No,68,5,filler,none,16,correct
No,No,68,5,filler,none,16,correct
No,No,68,5,filler,none,16,correct
No,No,68,5,filler,none,16,correct
No,No,68,5,filler,none,16,correct
No,No,68,5,filler,none,16,correct
No,No,68,5,filler,none,16,correct
No,No,68,5,filler,none,16,correct
No,No,69,5,filler,none,16,correct
No,No,69,5,filler,none,16,correct
No,No,69,5,filler,none,16,correct
No,No,69,5,filler,none,16,correct
No,No,69,5,filler,none,16,correct
No,No,69,5,filler,none,16,correct
No,No,69,5,filler,none,16,correct
No,No,69,5,filler,none,16,correct
No,No,69,5,filler,none,16,correct
No,No,69,5,filler,none,16,correct
No,No,69,5,filler,none,16,correct
No,No,69,5,filler,none,16,correct
Yes,Yes,72,5,filler,none,16,correct
Yes,Yes,72,5,filler,none,16,correct
Yes,Yes,72,5,filler,none,16,correct
Yes,Yes,72,5,filler,none,16,correct
Yes,Yes,72,5,filler,none,16,correct
Yes,Yes,72,5,filler,none,16,correct
Yes,Yes,72,5,filler,none,16,correct
Yes,Yes,72,5,filler,none,16,correct
Yes,Yes,72,5,filler,none,16,correct
Yes,Yes,72,5,filler,none,16,correct
Yes,Yes,72,5,filler,none,16,correct
Yes,Yes,72,5,filler,none,16,correct
No,No,73,5,filler,none,16,correct
No,No,73,5,filler,none,16,correct
No,No,73,5,filler,none,16,correct
No,No,73,5,filler,none,16,correct
No,No,73,5,filler,none,16,correct
No,No,73,5,filler,none,16,correct
No,No,73,5,filler,none,16,correct
No,No,73,5,filler,none,16,correct
No,No,73,5,filler,none,16,correct
No,No,73,5,filler,none,16,correct
No,No,73,5,filler,none,16,correct
No,No,73,5,filler,none,16,correct
No,No,73,5,filler,none,16,correct
Yes,Yes,74,5,filler,none,16,correct
Yes,Yes,74,5,filler,none,16,correct
Yes,Yes,74,5,filler,none,16,correct
Yes,Yes,74,5,filler,none,16,correct
Yes,Yes,74,5,filler,none,16,correct
Yes,Yes,74,5,filler,none,16,correct
Yes,Yes,74,5,filler,none,16,correct
Yes,Yes,74,5,filler,none,16,correct
Yes,Yes,74,5,filler,none,16,correct
Yes,Yes,74,5,filler,none,16,correct
Yes,Yes,74,5,filler,none,16,correct
Yes,Yes,74,5,filler,none,16,correct
Yes,Yes,74,5,filler,none,16,correct
Yes,Yes,75,5,filler,none,16,correct
Yes,Yes,75,5,filler,none,16,correct
Yes,Yes,75,5,filler,none,16,correct
Yes,Yes,75,5,filler,none,16,correct
Yes,Yes,75,5,filler,none,16,correct
Yes,Yes,75,5,filler,none,16,correct
Yes,Yes,75,5,filler,none,16,correct
Yes,Yes,75,5,filler,none,16,correct
Yes,Yes,75,5,filler,none,16,correct
Yes,Yes,75,5,filler,none,16,correct
Yes,Yes,75,5,filler,none,16,correct
Yes,Yes,75,5,filler,none,16,correct
Yes,Yes,75,5,filler,none,16,correct
Yes,Yes,77,5,filler,none,16,correct
Yes,Yes,77,5,filler,none,16,correct
Yes,Yes,77,5,filler,none,16,correct
Yes,Yes,77,5,filler,none,16,correct
Yes,Yes,77,5,filler,none,16,correct
Yes,Yes,77,5,filler,none,16,correct
Yes,Yes,77,5,filler,none,16,correct
Yes,Yes,77,5,filler,none,16,correct
Yes,Yes,77,5,filler,none,16,correct
Yes,Yes,77,5,filler,none,16,correct
Yes,Yes,77,5,filler,none,16,correct
Yes,Yes,77,5,filler,none,16,correct
Yes,Yes,77,5,filler,none,16,correct
No,No,78,5,filler,none,16,correct
No,No,78,5,filler,none,16,correct
No,No,78,5,filler,none,16,correct
No,No,78,5,filler,none,16,correct
No,No,78,5,filler,none,16,correct
No,No,78,5,filler,none,16,correct
No,No,78,5,filler,none,16,correct
No,No,78,5,filler,none,16,correct
No,No,78,5,filler,none,16,correct
No,No,78,5,filler,none,16,correct
No,No,78,5,filler,none,16,correct
No,No,78,5,filler,none,16,correct
No,No,78,5,filler,none,16,correct
No,No,80,5,filler,none,16,correct
No,No,80,5,filler,none,16,correct
No,No,80,5,filler,none,16,correct
No,No,80,5,filler,none,16,correct
No,No,80,5,filler,none,16,correct
No,No,80,5,filler,none,16,correct
No,No,80,5,filler,none,16,correct
No,No,80,5,filler,none,16,correct
No,No,80,5,filler,none,16,correct
No,No,80,5,filler,none,16,correct
No,No,80,5,filler,none,16,correct
No,No,80,5,filler,none,16,correct
No,No,80,5,filler,none,16,correct
No,No,82,5,filler,none,16,correct
No,No,82,5,filler,none,16,correct
No,No,82,5,filler,none,16,correct
No,No,82,5,filler,none,16,correct
No,No,82,5,filler,none,16,correct
No,No,82,5,filler,none,16,correct
No,No,82,5,filler,none,16,correct
No,No,82,5,filler,none,16,correct
No,No,82,5,filler,none,16,correct
No,No,82,5,filler,none,16,correct
No,No,82,5,filler,none,16,correct
No,No,82,5,filler,none,16,correct
No,No,82,5,filler,none,16,correct
No,No,84,5,filler,none,16,correct
No,No,84,5,filler,none,16,correct
No,No,84,5,filler,none,16,correct
No,No,84,5,filler,none,16,correct
No,No,84,5,filler,none,16,correct
No,No,84,5,filler,none,16,correct
No,No,84,5,filler,none,16,correct
No,No,84,5,filler,none,16,correct
No,No,84,5,filler,none,16,correct
No,No,84,5,filler,none,16,correct
No,No,84,5,filler,none,16,correct
No,No,84,5,filler,none,16,correct
No,No,84,5,filler,none,16,correct
No,No,87,5,filler,none,16,correct
No,No,87,5,filler,none,16,correct
No,No,87,5,filler,none,16,correct
No,No,87,5,filler,none,16,correct
No,No,87,5,filler,none,16,correct
No,No,87,5,filler,none,16,correct
No,No,87,5,filler,none,16,correct
No,No,87,5,filler,none,16,correct
No,No,87,5,filler,none,16,correct
No,No,87,5,filler,none,16,correct
No,No,87,5,filler,none,16,correct
No,No,87,5,filler,none,16,correct
No,No,87,5,filler,none,16,correct
No,No,89,5,filler,none,16,correct
No,No,89,5,filler,none,16,correct
No,No,89,5,filler,none,16,correct
No,No,89,5,filler,none,16,correct
No,No,89,5,filler,none,16,correct
No,No,89,5,filler,none,16,correct
No,No,89,5,filler,none,16,correct
No,No,89,5,filler,none,16,correct
No,No,89,5,filler,none,16,correct
No,No,89,5,filler,none,16,correct
No,No,89,5,filler,none,16,correct
No,No,89,5,filler,none,16,correct
No,No,89,5,filler,none,16,correct
Yes,Yes,1,6,nomove,DP,17,correct
Yes,Yes,1,6,nomove,DP,17,correct
Yes,Yes,1,6,nomove,DP,17,correct
Yes,Yes,1,6,nomove,DP,17,correct
Yes,Yes,1,6,nomove,DP,17,correct
No,Yes,2,6,nomove,unacc,17,incorrect
No,Yes,2,6,nomove,unacc,17,incorrect
No,Yes,2,6,nomove,unacc,17,incorrect
No,Yes,2,6,nomove,unacc,17,incorrect
No,Yes,2,6,nomove,unacc,17,incorrect
No,No,5,6,move,unacc,17,correct
No,No,5,6,move,unacc,17,correct
No,No,5,6,move,unacc,17,correct
No,No,5,6,move,unacc,17,correct
No,No,5,6,move,unacc,17,correct
Yes,Yes,6,6,move,CP,17,correct
Yes,Yes,6,6,move,CP,17,correct
Yes,Yes,6,6,move,CP,17,correct
Yes,Yes,6,6,move,CP,17,correct
Yes,Yes,6,6,move,CP,17,correct
Yes,Yes,7,6,nomove,DP,17,correct
Yes,Yes,7,6,nomove,DP,17,correct
Yes,Yes,7,6,nomove,DP,17,correct
Yes,Yes,7,6,nomove,DP,17,correct
Yes,Yes,7,6,nomove,DP,17,correct
No,Yes,11,6,move,unacc,17,incorrect
No,Yes,11,6,move,unacc,17,incorrect
No,Yes,11,6,move,unacc,17,incorrect
No,Yes,11,6,move,unacc,17,incorrect
No,Yes,11,6,move,unacc,17,incorrect
Yes,Yes,13,6,nomove,DP,17,correct
Yes,Yes,13,6,nomove,DP,17,correct
Yes,Yes,13,6,nomove,DP,17,correct
Yes,Yes,13,6,nomove,DP,17,correct
Yes,Yes,13,6,nomove,DP,17,correct
Yes,Yes,14,6,nomove,unacc,17,correct
Yes,Yes,14,6,nomove,unacc,17,correct
Yes,Yes,14,6,nomove,unacc,17,correct
Yes,Yes,14,6,nomove,unacc,17,correct
Yes,Yes,14,6,nomove,unacc,17,correct
Yes,Yes,17,6,move,DP,17,correct
Yes,Yes,17,6,move,DP,17,correct
Yes,Yes,17,6,move,DP,17,correct
Yes,Yes,17,6,move,DP,17,correct
Yes,Yes,17,6,move,DP,17,correct
Yes,Yes,19,6,nomove,DP,17,correct
Yes,Yes,19,6,nomove,DP,17,correct
Yes,Yes,19,6,nomove,DP,17,correct
Yes,Yes,19,6,nomove,DP,17,correct
Yes,Yes,19,6,nomove,DP,17,correct
Yes,Yes,21,6,nomove,CP,17,correct
Yes,Yes,21,6,nomove,CP,17,correct
Yes,Yes,21,6,nomove,CP,17,correct
Yes,Yes,21,6,nomove,CP,17,correct
Yes,Yes,21,6,nomove,CP,17,correct
No,Yes,22,6,move,DP,17,incorrect
No,Yes,22,6,move,DP,17,incorrect
No,Yes,22,6,move,DP,17,incorrect
No,Yes,22,6,move,DP,17,incorrect
No,Yes,22,6,move,DP,17,incorrect
No,No,25,6,nomove,DP,17,correct
No,No,25,6,nomove,DP,17,correct
No,No,25,6,nomove,DP,17,correct
No,No,25,6,nomove,DP,17,correct
No,No,25,6,nomove,DP,17,correct
Yes,Yes,30,6,move,CP,17,correct
Yes,Yes,30,6,move,CP,17,correct
Yes,Yes,30,6,move,CP,17,correct
Yes,Yes,30,6,move,CP,17,correct
Yes,Yes,30,6,move,CP,17,correct
No,No,31,6,nomove,DP,17,correct
No,No,31,6,nomove,DP,17,correct
No,No,31,6,nomove,DP,17,correct
No,No,31,6,nomove,DP,17,correct
No,No,31,6,nomove,DP,17,correct
Yes,Yes,32,6,nomove,unacc,17,correct
Yes,Yes,32,6,nomove,unacc,17,correct
Yes,Yes,32,6,nomove,unacc,17,correct
Yes,Yes,32,6,nomove,unacc,17,correct
Yes,Yes,32,6,nomove,unacc,17,correct
No,No,33,6,nomove,CP,17,correct
No,No,33,6,nomove,CP,17,correct
No,No,33,6,nomove,CP,17,correct
No,No,33,6,nomove,CP,17,correct
No,No,33,6,nomove,CP,17,correct
Yes,Yes,35,6,move,unacc,17,correct
Yes,Yes,35,6,move,unacc,17,correct
Yes,Yes,35,6,move,unacc,17,correct
Yes,Yes,35,6,move,unacc,17,correct
Yes,Yes,35,6,move,unacc,17,correct
No,No,37,6,filler,none,17,correct
No,No,37,6,filler,none,17,correct
No,No,37,6,filler,none,17,correct
No,No,37,6,filler,none,17,correct
No,No,37,6,filler,none,17,correct
No,No,37,6,filler,none,17,correct
No,No,37,6,filler,none,17,correct
No,No,37,6,filler,none,17,correct
No,No,37,6,filler,none,17,correct
No,No,37,6,filler,none,17,correct
No,No,37,6,filler,none,17,correct
No,No,38,6,filler,none,17,correct
No,No,38,6,filler,none,17,correct
No,No,38,6,filler,none,17,correct
No,No,38,6,filler,none,17,correct
No,No,38,6,filler,none,17,correct
No,No,38,6,filler,none,17,correct
No,No,38,6,filler,none,17,correct
No,No,38,6,filler,none,17,correct
No,No,38,6,filler,none,17,correct
No,No,38,6,filler,none,17,correct
No,No,38,6,filler,none,17,correct
No,No,39,6,filler,none,17,correct
No,No,39,6,filler,none,17,correct
No,No,39,6,filler,none,17,correct
No,No,39,6,filler,none,17,correct
No,No,39,6,filler,none,17,correct
No,No,39,6,filler,none,17,correct
No,No,39,6,filler,none,17,correct
No,No,39,6,filler,none,17,correct
No,No,39,6,filler,none,17,correct
No,No,39,6,filler,none,17,correct
No,No,39,6,filler,none,17,correct
Yes,Yes,43,6,filler,none,17,correct
Yes,Yes,43,6,filler,none,17,correct
Yes,Yes,43,6,filler,none,17,correct
Yes,Yes,43,6,filler,none,17,correct
Yes,Yes,43,6,filler,none,17,correct
Yes,Yes,43,6,filler,none,17,correct
Yes,Yes,43,6,filler,none,17,correct
Yes,Yes,43,6,filler,none,17,correct
Yes,Yes,43,6,filler,none,17,correct
Yes,Yes,43,6,filler,none,17,correct
Yes,Yes,43,6,filler,none,17,correct
No,No,44,6,filler,none,17,correct
No,No,44,6,filler,none,17,correct
No,No,44,6,filler,none,17,correct
No,No,44,6,filler,none,17,correct
No,No,44,6,filler,none,17,correct
No,No,44,6,filler,none,17,correct
No,No,44,6,filler,none,17,correct
No,No,44,6,filler,none,17,correct
No,No,44,6,filler,none,17,correct
No,No,44,6,filler,none,17,correct
No,No,44,6,filler,none,17,correct
No,No,46,6,filler,none,17,correct
No,No,46,6,filler,none,17,correct
No,No,46,6,filler,none,17,correct
No,No,46,6,filler,none,17,correct
No,No,46,6,filler,none,17,correct
No,No,46,6,filler,none,17,correct
No,No,46,6,filler,none,17,correct
No,No,46,6,filler,none,17,correct
No,No,46,6,filler,none,17,correct
No,No,46,6,filler,none,17,correct
No,No,46,6,filler,none,17,correct
Yes,Yes,48,6,filler,none,17,correct
Yes,Yes,48,6,filler,none,17,correct
Yes,Yes,48,6,filler,none,17,correct
Yes,Yes,48,6,filler,none,17,correct
Yes,Yes,48,6,filler,none,17,correct
Yes,Yes,48,6,filler,none,17,correct
Yes,Yes,48,6,filler,none,17,correct
Yes,Yes,48,6,filler,none,17,correct
Yes,Yes,48,6,filler,none,17,correct
Yes,Yes,48,6,filler,none,17,correct
Yes,Yes,48,6,filler,none,17,correct
No,No,50,6,filler,none,17,correct
No,No,50,6,filler,none,17,correct
No,No,50,6,filler,none,17,correct
No,No,50,6,filler,none,17,correct
No,No,50,6,filler,none,17,correct
No,No,50,6,filler,none,17,correct
No,No,50,6,filler,none,17,correct
No,No,50,6,filler,none,17,correct
No,No,50,6,filler,none,17,correct
No,No,50,6,filler,none,17,correct
No,No,50,6,filler,none,17,correct
Yes,Yes,52,6,filler,none,17,correct
Yes,Yes,52,6,filler,none,17,correct
Yes,Yes,52,6,filler,none,17,correct
Yes,Yes,52,6,filler,none,17,correct
Yes,Yes,52,6,filler,none,17,correct
Yes,Yes,52,6,filler,none,17,correct
Yes,Yes,52,6,filler,none,17,correct
Yes,Yes,52,6,filler,none,17,correct
Yes,Yes,52,6,filler,none,17,correct
Yes,Yes,52,6,filler,none,17,correct
Yes,Yes,52,6,filler,none,17,correct
No,No,53,6,filler,none,17,correct
No,No,53,6,filler,none,17,correct
No,No,53,6,filler,none,17,correct
No,No,53,6,filler,none,17,correct
No,No,53,6,filler,none,17,correct
No,No,53,6,filler,none,17,correct
No,No,53,6,filler,none,17,correct
No,No,53,6,filler,none,17,correct
No,No,53,6,filler,none,17,correct
No,No,53,6,filler,none,17,correct
No,No,53,6,filler,none,17,correct
Yes,Yes,58,6,filler,none,17,correct
Yes,Yes,58,6,filler,none,17,correct
Yes,Yes,58,6,filler,none,17,correct
Yes,Yes,58,6,filler,none,17,correct
Yes,Yes,58,6,filler,none,17,correct
Yes,Yes,58,6,filler,none,17,correct
Yes,Yes,58,6,filler,none,17,correct
Yes,Yes,58,6,filler,none,17,correct
Yes,Yes,58,6,filler,none,17,correct
Yes,Yes,58,6,filler,none,17,correct
Yes,Yes,58,6,filler,none,17,correct
Yes,Yes,58,6,filler,none,17,correct
No,No,59,6,filler,none,17,correct
No,No,59,6,filler,none,17,correct
No,No,59,6,filler,none,17,correct
No,No,59,6,filler,none,17,correct
No,No,59,6,filler,none,17,correct
No,No,59,6,filler,none,17,correct
No,No,59,6,filler,none,17,correct
No,No,59,6,filler,none,17,correct
No,No,59,6,filler,none,17,correct
No,No,59,6,filler,none,17,correct
No,No,59,6,filler,none,17,correct
No,No,59,6,filler,none,17,correct
No,No,59,6,filler,none,17,correct
No,No,62,6,filler,none,17,correct
No,No,62,6,filler,none,17,correct
No,No,62,6,filler,none,17,correct
No,No,62,6,filler,none,17,correct
No,No,62,6,filler,none,17,correct
No,No,62,6,filler,none,17,correct
No,No,62,6,filler,none,17,correct
No,No,62,6,filler,none,17,correct
No,No,62,6,filler,none,17,correct
No,No,62,6,filler,none,17,correct
No,No,62,6,filler,none,17,correct
No,No,62,6,filler,none,17,correct
No,Yes,64,6,filler,none,17,incorrect
No,Yes,64,6,filler,none,17,incorrect
No,Yes,64,6,filler,none,17,incorrect
No,Yes,64,6,filler,none,17,incorrect
No,Yes,64,6,filler,none,17,incorrect
No,Yes,64,6,filler,none,17,incorrect
No,Yes,64,6,filler,none,17,incorrect
No,Yes,64,6,filler,none,17,incorrect
No,Yes,64,6,filler,none,17,incorrect
No,Yes,64,6,filler,none,17,incorrect
No,Yes,64,6,filler,none,17,incorrect
No,Yes,64,6,filler,none,17,incorrect
No,No,66,6,filler,none,17,correct
No,No,66,6,filler,none,17,correct
No,No,66,6,filler,none,17,correct
No,No,66,6,filler,none,17,correct
No,No,66,6,filler,none,17,correct
No,No,66,6,filler,none,17,correct
No,No,66,6,filler,none,17,correct
No,No,66,6,filler,none,17,correct
No,No,66,6,filler,none,17,correct
No,No,66,6,filler,none,17,correct
No,No,66,6,filler,none,17,correct
No,No,66,6,filler,none,17,correct
No,No,68,6,filler,none,17,correct
No,No,68,6,filler,none,17,correct
No,No,68,6,filler,none,17,correct
No,No,68,6,filler,none,17,correct
No,No,68,6,filler,none,17,correct
No,No,68,6,filler,none,17,correct
No,No,68,6,filler,none,17,correct
No,No,68,6,filler,none,17,correct
No,No,68,6,filler,none,17,correct
No,No,68,6,filler,none,17,correct
No,No,68,6,filler,none,17,correct
No,No,68,6,filler,none,17,correct
No,No,69,6,filler,none,17,correct
No,No,69,6,filler,none,17,correct
No,No,69,6,filler,none,17,correct
No,No,69,6,filler,none,17,correct
No,No,69,6,filler,none,17,correct
No,No,69,6,filler,none,17,correct
No,No,69,6,filler,none,17,correct
No,No,69,6,filler,none,17,correct
No,No,69,6,filler,none,17,correct
No,No,69,6,filler,none,17,correct
No,No,69,6,filler,none,17,correct
No,No,69,6,filler,none,17,correct
Yes,Yes,72,6,filler,none,17,correct
Yes,Yes,72,6,filler,none,17,correct
Yes,Yes,72,6,filler,none,17,correct
Yes,Yes,72,6,filler,none,17,correct
Yes,Yes,72,6,filler,none,17,correct
Yes,Yes,72,6,filler,none,17,correct
Yes,Yes,72,6,filler,none,17,correct
Yes,Yes,72,6,filler,none,17,correct
Yes,Yes,72,6,filler,none,17,correct
Yes,Yes,72,6,filler,none,17,correct
Yes,Yes,72,6,filler,none,17,correct
Yes,Yes,72,6,filler,none,17,correct
Yes,No,73,6,filler,none,17,incorrect
Yes,No,73,6,filler,none,17,incorrect
Yes,No,73,6,filler,none,17,incorrect
Yes,No,73,6,filler,none,17,incorrect
Yes,No,73,6,filler,none,17,incorrect
Yes,No,73,6,filler,none,17,incorrect
Yes,No,73,6,filler,none,17,incorrect
Yes,No,73,6,filler,none,17,incorrect
Yes,No,73,6,filler,none,17,incorrect
Yes,No,73,6,filler,none,17,incorrect
Yes,No,73,6,filler,none,17,incorrect
Yes,No,73,6,filler,none,17,incorrect
Yes,No,73,6,filler,none,17,incorrect
Yes,Yes,74,6,filler,none,17,correct
Yes,Yes,74,6,filler,none,17,correct
Yes,Yes,74,6,filler,none,17,correct
Yes,Yes,74,6,filler,none,17,correct
Yes,Yes,74,6,filler,none,17,correct
Yes,Yes,74,6,filler,none,17,correct
Yes,Yes,74,6,filler,none,17,correct
Yes,Yes,74,6,filler,none,17,correct
Yes,Yes,74,6,filler,none,17,correct
Yes,Yes,74,6,filler,none,17,correct
Yes,Yes,74,6,filler,none,17,correct
Yes,Yes,74,6,filler,none,17,correct
Yes,Yes,74,6,filler,none,17,correct
No,Yes,75,6,filler,none,17,incorrect
No,Yes,75,6,filler,none,17,incorrect
No,Yes,75,6,filler,none,17,incorrect
No,Yes,75,6,filler,none,17,incorrect
No,Yes,75,6,filler,none,17,incorrect
No,Yes,75,6,filler,none,17,incorrect
No,Yes,75,6,filler,none,17,incorrect
No,Yes,75,6,filler,none,17,incorrect
No,Yes,75,6,filler,none,17,incorrect
No,Yes,75,6,filler,none,17,incorrect
No,Yes,75,6,filler,none,17,incorrect
No,Yes,75,6,filler,none,17,incorrect
No,Yes,75,6,filler,none,17,incorrect
Yes,Yes,77,6,filler,none,17,correct
Yes,Yes,77,6,filler,none,17,correct
Yes,Yes,77,6,filler,none,17,correct
Yes,Yes,77,6,filler,none,17,correct
Yes,Yes,77,6,filler,none,17,correct
Yes,Yes,77,6,filler,none,17,correct
Yes,Yes,77,6,filler,none,17,correct
Yes,Yes,77,6,filler,none,17,correct
Yes,Yes,77,6,filler,none,17,correct
Yes,Yes,77,6,filler,none,17,correct
Yes,Yes,77,6,filler,none,17,correct
Yes,Yes,77,6,filler,none,17,correct
Yes,Yes,77,6,filler,none,17,correct
No,No,78,6,filler,none,17,correct
No,No,78,6,filler,none,17,correct
No,No,78,6,filler,none,17,correct
No,No,78,6,filler,none,17,correct
No,No,78,6,filler,none,17,correct
No,No,78,6,filler,none,17,correct
No,No,78,6,filler,none,17,correct
No,No,78,6,filler,none,17,correct
No,No,78,6,filler,none,17,correct
No,No,78,6,filler,none,17,correct
No,No,78,6,filler,none,17,correct
No,No,78,6,filler,none,17,correct
No,No,78,6,filler,none,17,correct
No,No,80,6,filler,none,17,correct
No,No,80,6,filler,none,17,correct
No,No,80,6,filler,none,17,correct
No,No,80,6,filler,none,17,correct
No,No,80,6,filler,none,17,correct
No,No,80,6,filler,none,17,correct
No,No,80,6,filler,none,17,correct
No,No,80,6,filler,none,17,correct
No,No,80,6,filler,none,17,correct
No,No,80,6,filler,none,17,correct
No,No,80,6,filler,none,17,correct
No,No,80,6,filler,none,17,correct
No,No,80,6,filler,none,17,correct
No,No,82,6,filler,none,17,correct
No,No,82,6,filler,none,17,correct
No,No,82,6,filler,none,17,correct
No,No,82,6,filler,none,17,correct
No,No,82,6,filler,none,17,correct
No,No,82,6,filler,none,17,correct
No,No,82,6,filler,none,17,correct
No,No,82,6,filler,none,17,correct
No,No,82,6,filler,none,17,correct
No,No,82,6,filler,none,17,correct
No,No,82,6,filler,none,17,correct
No,No,82,6,filler,none,17,correct
No,No,82,6,filler,none,17,correct
No,No,84,6,filler,none,17,correct
No,No,84,6,filler,none,17,correct
No,No,84,6,filler,none,17,correct
No,No,84,6,filler,none,17,correct
No,No,84,6,filler,none,17,correct
No,No,84,6,filler,none,17,correct
No,No,84,6,filler,none,17,correct
No,No,84,6,filler,none,17,correct
No,No,84,6,filler,none,17,correct
No,No,84,6,filler,none,17,correct
No,No,84,6,filler,none,17,correct
No,No,84,6,filler,none,17,correct
No,No,84,6,filler,none,17,correct
No,No,87,6,filler,none,17,correct
No,No,87,6,filler,none,17,correct
No,No,87,6,filler,none,17,correct
No,No,87,6,filler,none,17,correct
No,No,87,6,filler,none,17,correct
No,No,87,6,filler,none,17,correct
No,No,87,6,filler,none,17,correct
No,No,87,6,filler,none,17,correct
No,No,87,6,filler,none,17,correct
No,No,87,6,filler,none,17,correct
No,No,87,6,filler,none,17,correct
No,No,87,6,filler,none,17,correct
No,No,87,6,filler,none,17,correct
No,No,89,6,filler,none,17,correct
No,No,89,6,filler,none,17,correct
No,No,89,6,filler,none,17,correct
No,No,89,6,filler,none,17,correct
No,No,89,6,filler,none,17,correct
No,No,89,6,filler,none,17,correct
No,No,89,6,filler,none,17,correct
No,No,89,6,filler,none,17,correct
No,No,89,6,filler,none,17,correct
No,No,89,6,filler,none,17,correct
No,No,89,6,filler,none,17,correct
No,No,89,6,filler,none,17,correct
No,No,89,6,filler,none,17,correct
Yes,Yes,1,1,move,CP,18,correct
Yes,Yes,1,1,move,CP,18,correct
Yes,Yes,1,1,move,CP,18,correct
Yes,Yes,1,1,move,CP,18,correct
Yes,Yes,1,1,move,CP,18,correct
Yes,Yes,2,1,nomove,DP,18,correct
Yes,Yes,2,1,nomove,DP,18,correct
Yes,Yes,2,1,nomove,DP,18,correct
Yes,Yes,2,1,nomove,DP,18,correct
Yes,Yes,2,1,nomove,DP,18,correct
No,No,5,1,move,DP,18,correct
No,No,5,1,move,DP,18,correct
No,No,5,1,move,DP,18,correct
No,No,5,1,move,DP,18,correct
No,No,5,1,move,DP,18,correct
No,Yes,6,1,move,unacc,18,incorrect
No,Yes,6,1,move,unacc,18,incorrect
No,Yes,6,1,move,unacc,18,incorrect
No,Yes,6,1,move,unacc,18,incorrect
No,Yes,6,1,move,unacc,18,incorrect
Yes,Yes,7,1,move,CP,18,correct
Yes,Yes,7,1,move,CP,18,correct
Yes,Yes,7,1,move,CP,18,correct
Yes,Yes,7,1,move,CP,18,correct
Yes,Yes,7,1,move,CP,18,correct
Yes,Yes,11,1,move,DP,18,correct
Yes,Yes,11,1,move,DP,18,correct
Yes,Yes,11,1,move,DP,18,correct
Yes,Yes,11,1,move,DP,18,correct
Yes,Yes,11,1,move,DP,18,correct
Yes,Yes,14,1,nomove,DP,18,correct
Yes,Yes,14,1,nomove,DP,18,correct
Yes,Yes,14,1,nomove,DP,18,correct
Yes,Yes,14,1,nomove,DP,18,correct
Yes,Yes,14,1,nomove,DP,18,correct
Yes,Yes,17,1,nomove,CP,18,correct
Yes,Yes,17,1,nomove,CP,18,correct
Yes,Yes,17,1,nomove,CP,18,correct
Yes,Yes,17,1,nomove,CP,18,correct
Yes,Yes,17,1,nomove,CP,18,correct
Yes,Yes,19,1,move,CP,18,correct
Yes,Yes,19,1,move,CP,18,correct
Yes,Yes,19,1,move,CP,18,correct
Yes,Yes,19,1,move,CP,18,correct
Yes,Yes,19,1,move,CP,18,correct
Yes,Yes,21,1,nomove,unacc,18,correct
Yes,Yes,21,1,nomove,unacc,18,correct
Yes,Yes,21,1,nomove,unacc,18,correct
Yes,Yes,21,1,nomove,unacc,18,correct
Yes,Yes,21,1,nomove,unacc,18,correct
No,Yes,22,1,nomove,CP,18,incorrect
No,Yes,22,1,nomove,CP,18,incorrect
No,Yes,22,1,nomove,CP,18,incorrect
No,Yes,22,1,nomove,CP,18,incorrect
No,Yes,22,1,nomove,CP,18,incorrect
No,No,25,1,move,CP,18,correct
No,No,25,1,move,CP,18,correct
No,No,25,1,move,CP,18,correct
No,No,25,1,move,CP,18,correct
No,No,25,1,move,CP,18,correct
Yes,Yes,30,1,move,unacc,18,correct
Yes,Yes,30,1,move,unacc,18,correct
Yes,Yes,30,1,move,unacc,18,correct
Yes,Yes,30,1,move,unacc,18,correct
Yes,Yes,30,1,move,unacc,18,correct
No,No,31,1,move,CP,18,correct
No,No,31,1,move,CP,18,correct
No,No,31,1,move,CP,18,correct
No,No,31,1,move,CP,18,correct
No,No,31,1,move,CP,18,correct
Yes,Yes,32,1,nomove,DP,18,correct
Yes,Yes,32,1,nomove,DP,18,correct
Yes,Yes,32,1,nomove,DP,18,correct
Yes,Yes,32,1,nomove,DP,18,correct
Yes,Yes,32,1,nomove,DP,18,correct
No,No,33,1,nomove,unacc,18,correct
No,No,33,1,nomove,unacc,18,correct
No,No,33,1,nomove,unacc,18,correct
No,No,33,1,nomove,unacc,18,correct
No,No,33,1,nomove,unacc,18,correct
No,Yes,35,1,move,DP,18,incorrect
No,Yes,35,1,move,DP,18,incorrect
No,Yes,35,1,move,DP,18,incorrect
No,Yes,35,1,move,DP,18,incorrect
No,Yes,35,1,move,DP,18,incorrect
No,No,37,1,filler,none,18,correct
No,No,37,1,filler,none,18,correct
No,No,37,1,filler,none,18,correct
No,No,37,1,filler,none,18,correct
No,No,37,1,filler,none,18,correct
No,No,37,1,filler,none,18,correct
No,No,37,1,filler,none,18,correct
No,No,37,1,filler,none,18,correct
No,No,37,1,filler,none,18,correct
No,No,37,1,filler,none,18,correct
No,No,37,1,filler,none,18,correct
No,No,38,1,filler,none,18,correct
No,No,38,1,filler,none,18,correct
No,No,38,1,filler,none,18,correct
No,No,38,1,filler,none,18,correct
No,No,38,1,filler,none,18,correct
No,No,38,1,filler,none,18,correct
No,No,38,1,filler,none,18,correct
No,No,38,1,filler,none,18,correct
No,No,38,1,filler,none,18,correct
No,No,38,1,filler,none,18,correct
No,No,38,1,filler,none,18,correct
No,No,39,1,filler,none,18,correct
No,No,39,1,filler,none,18,correct
No,No,39,1,filler,none,18,correct
No,No,39,1,filler,none,18,correct
No,No,39,1,filler,none,18,correct
No,No,39,1,filler,none,18,correct
No,No,39,1,filler,none,18,correct
No,No,39,1,filler,none,18,correct
No,No,39,1,filler,none,18,correct
No,No,39,1,filler,none,18,correct
No,No,39,1,filler,none,18,correct
Yes,Yes,43,1,filler,none,18,correct
Yes,Yes,43,1,filler,none,18,correct
Yes,Yes,43,1,filler,none,18,correct
Yes,Yes,43,1,filler,none,18,correct
Yes,Yes,43,1,filler,none,18,correct
Yes,Yes,43,1,filler,none,18,correct
Yes,Yes,43,1,filler,none,18,correct
Yes,Yes,43,1,filler,none,18,correct
Yes,Yes,43,1,filler,none,18,correct
Yes,Yes,43,1,filler,none,18,correct
Yes,Yes,43,1,filler,none,18,correct
No,No,44,1,filler,none,18,correct
No,No,44,1,filler,none,18,correct
No,No,44,1,filler,none,18,correct
No,No,44,1,filler,none,18,correct
No,No,44,1,filler,none,18,correct
No,No,44,1,filler,none,18,correct
No,No,44,1,filler,none,18,correct
No,No,44,1,filler,none,18,correct
No,No,44,1,filler,none,18,correct
No,No,44,1,filler,none,18,correct
No,No,44,1,filler,none,18,correct
No,No,46,1,filler,none,18,correct
No,No,46,1,filler,none,18,correct
No,No,46,1,filler,none,18,correct
No,No,46,1,filler,none,18,correct
No,No,46,1,filler,none,18,correct
No,No,46,1,filler,none,18,correct
No,No,46,1,filler,none,18,correct
No,No,46,1,filler,none,18,correct
No,No,46,1,filler,none,18,correct
No,No,46,1,filler,none,18,correct
No,No,46,1,filler,none,18,correct
Yes,Yes,48,1,filler,none,18,correct
Yes,Yes,48,1,filler,none,18,correct
Yes,Yes,48,1,filler,none,18,correct
Yes,Yes,48,1,filler,none,18,correct
Yes,Yes,48,1,filler,none,18,correct
Yes,Yes,48,1,filler,none,18,correct
Yes,Yes,48,1,filler,none,18,correct
Yes,Yes,48,1,filler,none,18,correct
Yes,Yes,48,1,filler,none,18,correct
Yes,Yes,48,1,filler,none,18,correct
Yes,Yes,48,1,filler,none,18,correct
No,No,50,1,filler,none,18,correct
No,No,50,1,filler,none,18,correct
No,No,50,1,filler,none,18,correct
No,No,50,1,filler,none,18,correct
No,No,50,1,filler,none,18,correct
No,No,50,1,filler,none,18,correct
No,No,50,1,filler,none,18,correct
No,No,50,1,filler,none,18,correct
No,No,50,1,filler,none,18,correct
No,No,50,1,filler,none,18,correct
No,No,50,1,filler,none,18,correct
Yes,Yes,52,1,filler,none,18,correct
Yes,Yes,52,1,filler,none,18,correct
Yes,Yes,52,1,filler,none,18,correct
Yes,Yes,52,1,filler,none,18,correct
Yes,Yes,52,1,filler,none,18,correct
Yes,Yes,52,1,filler,none,18,correct
Yes,Yes,52,1,filler,none,18,correct
Yes,Yes,52,1,filler,none,18,correct
Yes,Yes,52,1,filler,none,18,correct
Yes,Yes,52,1,filler,none,18,correct
Yes,Yes,52,1,filler,none,18,correct
No,No,53,1,filler,none,18,correct
No,No,53,1,filler,none,18,correct
No,No,53,1,filler,none,18,correct
No,No,53,1,filler,none,18,correct
No,No,53,1,filler,none,18,correct
No,No,53,1,filler,none,18,correct
No,No,53,1,filler,none,18,correct
No,No,53,1,filler,none,18,correct
No,No,53,1,filler,none,18,correct
No,No,53,1,filler,none,18,correct
No,No,53,1,filler,none,18,correct
Yes,Yes,58,1,filler,none,18,correct
Yes,Yes,58,1,filler,none,18,correct
Yes,Yes,58,1,filler,none,18,correct
Yes,Yes,58,1,filler,none,18,correct
Yes,Yes,58,1,filler,none,18,correct
Yes,Yes,58,1,filler,none,18,correct
Yes,Yes,58,1,filler,none,18,correct
Yes,Yes,58,1,filler,none,18,correct
Yes,Yes,58,1,filler,none,18,correct
Yes,Yes,58,1,filler,none,18,correct
Yes,Yes,58,1,filler,none,18,correct
Yes,Yes,58,1,filler,none,18,correct
No,No,59,1,filler,none,18,correct
No,No,59,1,filler,none,18,correct
No,No,59,1,filler,none,18,correct
No,No,59,1,filler,none,18,correct
No,No,59,1,filler,none,18,correct
No,No,59,1,filler,none,18,correct
No,No,59,1,filler,none,18,correct
No,No,59,1,filler,none,18,correct
No,No,59,1,filler,none,18,correct
No,No,59,1,filler,none,18,correct
No,No,59,1,filler,none,18,correct
No,No,59,1,filler,none,18,correct
No,No,59,1,filler,none,18,correct
No,No,62,1,filler,none,18,correct
No,No,62,1,filler,none,18,correct
No,No,62,1,filler,none,18,correct
No,No,62,1,filler,none,18,correct
No,No,62,1,filler,none,18,correct
No,No,62,1,filler,none,18,correct
No,No,62,1,filler,none,18,correct
No,No,62,1,filler,none,18,correct
No,No,62,1,filler,none,18,correct
No,No,62,1,filler,none,18,correct
No,No,62,1,filler,none,18,correct
No,No,62,1,filler,none,18,correct
Yes,Yes,64,1,filler,none,18,correct
Yes,Yes,64,1,filler,none,18,correct
Yes,Yes,64,1,filler,none,18,correct
Yes,Yes,64,1,filler,none,18,correct
Yes,Yes,64,1,filler,none,18,correct
Yes,Yes,64,1,filler,none,18,correct
Yes,Yes,64,1,filler,none,18,correct
Yes,Yes,64,1,filler,none,18,correct
Yes,Yes,64,1,filler,none,18,correct
Yes,Yes,64,1,filler,none,18,correct
Yes,Yes,64,1,filler,none,18,correct
Yes,Yes,64,1,filler,none,18,correct
No,No,66,1,filler,none,18,correct
No,No,66,1,filler,none,18,correct
No,No,66,1,filler,none,18,correct
No,No,66,1,filler,none,18,correct
No,No,66,1,filler,none,18,correct
No,No,66,1,filler,none,18,correct
No,No,66,1,filler,none,18,correct
No,No,66,1,filler,none,18,correct
No,No,66,1,filler,none,18,correct
No,No,66,1,filler,none,18,correct
No,No,66,1,filler,none,18,correct
No,No,66,1,filler,none,18,correct
No,No,68,1,filler,none,18,correct
No,No,68,1,filler,none,18,correct
No,No,68,1,filler,none,18,correct
No,No,68,1,filler,none,18,correct
No,No,68,1,filler,none,18,correct
No,No,68,1,filler,none,18,correct
No,No,68,1,filler,none,18,correct
No,No,68,1,filler,none,18,correct
No,No,68,1,filler,none,18,correct
No,No,68,1,filler,none,18,correct
No,No,68,1,filler,none,18,correct
No,No,68,1,filler,none,18,correct
No,No,69,1,filler,none,18,correct
No,No,69,1,filler,none,18,correct
No,No,69,1,filler,none,18,correct
No,No,69,1,filler,none,18,correct
No,No,69,1,filler,none,18,correct
No,No,69,1,filler,none,18,correct
No,No,69,1,filler,none,18,correct
No,No,69,1,filler,none,18,correct
No,No,69,1,filler,none,18,correct
No,No,69,1,filler,none,18,correct
No,No,69,1,filler,none,18,correct
No,No,69,1,filler,none,18,correct
Yes,Yes,72,1,filler,none,18,correct
Yes,Yes,72,1,filler,none,18,correct
Yes,Yes,72,1,filler,none,18,correct
Yes,Yes,72,1,filler,none,18,correct
Yes,Yes,72,1,filler,none,18,correct
Yes,Yes,72,1,filler,none,18,correct
Yes,Yes,72,1,filler,none,18,correct
Yes,Yes,72,1,filler,none,18,correct
Yes,Yes,72,1,filler,none,18,correct
Yes,Yes,72,1,filler,none,18,correct
Yes,Yes,72,1,filler,none,18,correct
Yes,Yes,72,1,filler,none,18,correct
No,No,73,1,filler,none,18,correct
No,No,73,1,filler,none,18,correct
No,No,73,1,filler,none,18,correct
No,No,73,1,filler,none,18,correct
No,No,73,1,filler,none,18,correct
No,No,73,1,filler,none,18,correct
No,No,73,1,filler,none,18,correct
No,No,73,1,filler,none,18,correct
No,No,73,1,filler,none,18,correct
No,No,73,1,filler,none,18,correct
No,No,73,1,filler,none,18,correct
No,No,73,1,filler,none,18,correct
No,No,73,1,filler,none,18,correct
Yes,Yes,74,1,filler,none,18,correct
Yes,Yes,74,1,filler,none,18,correct
Yes,Yes,74,1,filler,none,18,correct
Yes,Yes,74,1,filler,none,18,correct
Yes,Yes,74,1,filler,none,18,correct
Yes,Yes,74,1,filler,none,18,correct
Yes,Yes,74,1,filler,none,18,correct
Yes,Yes,74,1,filler,none,18,correct
Yes,Yes,74,1,filler,none,18,correct
Yes,Yes,74,1,filler,none,18,correct
Yes,Yes,74,1,filler,none,18,correct
Yes,Yes,74,1,filler,none,18,correct
Yes,Yes,74,1,filler,none,18,correct
Yes,Yes,75,1,filler,none,18,correct
Yes,Yes,75,1,filler,none,18,correct
Yes,Yes,75,1,filler,none,18,correct
Yes,Yes,75,1,filler,none,18,correct
Yes,Yes,75,1,filler,none,18,correct
Yes,Yes,75,1,filler,none,18,correct
Yes,Yes,75,1,filler,none,18,correct
Yes,Yes,75,1,filler,none,18,correct
Yes,Yes,75,1,filler,none,18,correct
Yes,Yes,75,1,filler,none,18,correct
Yes,Yes,75,1,filler,none,18,correct
Yes,Yes,75,1,filler,none,18,correct
Yes,Yes,75,1,filler,none,18,correct
Yes,Yes,77,1,filler,none,18,correct
Yes,Yes,77,1,filler,none,18,correct
Yes,Yes,77,1,filler,none,18,correct
Yes,Yes,77,1,filler,none,18,correct
Yes,Yes,77,1,filler,none,18,correct
Yes,Yes,77,1,filler,none,18,correct
Yes,Yes,77,1,filler,none,18,correct
Yes,Yes,77,1,filler,none,18,correct
Yes,Yes,77,1,filler,none,18,correct
Yes,Yes,77,1,filler,none,18,correct
Yes,Yes,77,1,filler,none,18,correct
Yes,Yes,77,1,filler,none,18,correct
Yes,Yes,77,1,filler,none,18,correct
No,No,78,1,filler,none,18,correct
No,No,78,1,filler,none,18,correct
No,No,78,1,filler,none,18,correct
No,No,78,1,filler,none,18,correct
No,No,78,1,filler,none,18,correct
No,No,78,1,filler,none,18,correct
No,No,78,1,filler,none,18,correct
No,No,78,1,filler,none,18,correct
No,No,78,1,filler,none,18,correct
No,No,78,1,filler,none,18,correct
No,No,78,1,filler,none,18,correct
No,No,78,1,filler,none,18,correct
No,No,78,1,filler,none,18,correct
No,No,80,1,filler,none,18,correct
No,No,80,1,filler,none,18,correct
No,No,80,1,filler,none,18,correct
No,No,80,1,filler,none,18,correct
No,No,80,1,filler,none,18,correct
No,No,80,1,filler,none,18,correct
No,No,80,1,filler,none,18,correct
No,No,80,1,filler,none,18,correct
No,No,80,1,filler,none,18,correct
No,No,80,1,filler,none,18,correct
No,No,80,1,filler,none,18,correct
No,No,80,1,filler,none,18,correct
No,No,80,1,filler,none,18,correct
No,No,82,1,filler,none,18,correct
No,No,82,1,filler,none,18,correct
No,No,82,1,filler,none,18,correct
No,No,82,1,filler,none,18,correct
No,No,82,1,filler,none,18,correct
No,No,82,1,filler,none,18,correct
No,No,82,1,filler,none,18,correct
No,No,82,1,filler,none,18,correct
No,No,82,1,filler,none,18,correct
No,No,82,1,filler,none,18,correct
No,No,82,1,filler,none,18,correct
No,No,82,1,filler,none,18,correct
No,No,82,1,filler,none,18,correct
No,No,84,1,filler,none,18,correct
No,No,84,1,filler,none,18,correct
No,No,84,1,filler,none,18,correct
No,No,84,1,filler,none,18,correct
No,No,84,1,filler,none,18,correct
No,No,84,1,filler,none,18,correct
No,No,84,1,filler,none,18,correct
No,No,84,1,filler,none,18,correct
No,No,84,1,filler,none,18,correct
No,No,84,1,filler,none,18,correct
No,No,84,1,filler,none,18,correct
No,No,84,1,filler,none,18,correct
No,No,84,1,filler,none,18,correct
No,No,87,1,filler,none,18,correct
No,No,87,1,filler,none,18,correct
No,No,87,1,filler,none,18,correct
No,No,87,1,filler,none,18,correct
No,No,87,1,filler,none,18,correct
No,No,87,1,filler,none,18,correct
No,No,87,1,filler,none,18,correct
No,No,87,1,filler,none,18,correct
No,No,87,1,filler,none,18,correct
No,No,87,1,filler,none,18,correct
No,No,87,1,filler,none,18,correct
No,No,87,1,filler,none,18,correct
No,No,87,1,filler,none,18,correct
No,No,89,1,filler,none,18,correct
No,No,89,1,filler,none,18,correct
No,No,89,1,filler,none,18,correct
No,No,89,1,filler,none,18,correct
No,No,89,1,filler,none,18,correct
No,No,89,1,filler,none,18,correct
No,No,89,1,filler,none,18,correct
No,No,89,1,filler,none,18,correct
No,No,89,1,filler,none,18,correct
No,No,89,1,filler,none,18,correct
No,No,89,1,filler,none,18,correct
No,No,89,1,filler,none,18,correct
No,No,89,1,filler,none,18,correct
No,Yes,1,2,move,unacc,19,incorrect
No,Yes,1,2,move,unacc,19,incorrect
No,Yes,1,2,move,unacc,19,incorrect
No,Yes,1,2,move,unacc,19,incorrect
No,Yes,1,2,move,unacc,19,incorrect
Yes,Yes,2,2,move,CP,19,correct
Yes,Yes,2,2,move,CP,19,correct
Yes,Yes,2,2,move,CP,19,correct
Yes,Yes,2,2,move,CP,19,correct
Yes,Yes,2,2,move,CP,19,correct
No,No,5,2,nomove,CP,19,correct
No,No,5,2,nomove,CP,19,correct
No,No,5,2,nomove,CP,19,correct
No,No,5,2,nomove,CP,19,correct
No,No,5,2,nomove,CP,19,correct
No,Yes,6,2,move,DP,19,incorrect
No,Yes,6,2,move,DP,19,incorrect
No,Yes,6,2,move,DP,19,incorrect
No,Yes,6,2,move,DP,19,incorrect
No,Yes,6,2,move,DP,19,incorrect
No,Yes,7,2,move,unacc,19,incorrect
No,Yes,7,2,move,unacc,19,incorrect
No,Yes,7,2,move,unacc,19,incorrect
No,Yes,7,2,move,unacc,19,incorrect
No,Yes,7,2,move,unacc,19,incorrect
Yes,Yes,11,2,nomove,CP,19,correct
Yes,Yes,11,2,nomove,CP,19,correct
Yes,Yes,11,2,nomove,CP,19,correct
Yes,Yes,11,2,nomove,CP,19,correct
Yes,Yes,11,2,nomove,CP,19,correct
Yes,Yes,13,2,move,unacc,19,correct
Yes,Yes,13,2,move,unacc,19,correct
Yes,Yes,13,2,move,unacc,19,correct
Yes,Yes,13,2,move,unacc,19,correct
Yes,Yes,13,2,move,unacc,19,correct
Yes,Yes,14,2,move,CP,19,correct
Yes,Yes,14,2,move,CP,19,correct
Yes,Yes,14,2,move,CP,19,correct
Yes,Yes,14,2,move,CP,19,correct
Yes,Yes,14,2,move,CP,19,correct
Yes,Yes,17,2,nomove,unacc,19,correct
Yes,Yes,17,2,nomove,unacc,19,correct
Yes,Yes,17,2,nomove,unacc,19,correct
Yes,Yes,17,2,nomove,unacc,19,correct
Yes,Yes,17,2,nomove,unacc,19,correct
No,Yes,19,2,move,unacc,19,incorrect
No,Yes,19,2,move,unacc,19,incorrect
No,Yes,19,2,move,unacc,19,incorrect
No,Yes,19,2,move,unacc,19,incorrect
No,Yes,19,2,move,unacc,19,incorrect
Yes,Yes,21,2,nomove,DP,19,correct
Yes,Yes,21,2,nomove,DP,19,correct
Yes,Yes,21,2,nomove,DP,19,correct
Yes,Yes,21,2,nomove,DP,19,correct
Yes,Yes,21,2,nomove,DP,19,correct
Yes,Yes,22,2,nomove,unacc,19,correct
Yes,Yes,22,2,nomove,unacc,19,correct
Yes,Yes,22,2,nomove,unacc,19,correct
Yes,Yes,22,2,nomove,unacc,19,correct
Yes,Yes,22,2,nomove,unacc,19,correct
No,No,25,2,move,unacc,19,correct
No,No,25,2,move,unacc,19,correct
No,No,25,2,move,unacc,19,correct
No,No,25,2,move,unacc,19,correct
No,No,25,2,move,unacc,19,correct
Yes,Yes,30,2,move,DP,19,correct
Yes,Yes,30,2,move,DP,19,correct
Yes,Yes,30,2,move,DP,19,correct
Yes,Yes,30,2,move,DP,19,correct
Yes,Yes,30,2,move,DP,19,correct
No,No,31,2,move,unacc,19,correct
No,No,31,2,move,unacc,19,correct
No,No,31,2,move,unacc,19,correct
No,No,31,2,move,unacc,19,correct
No,No,31,2,move,unacc,19,correct
Yes,Yes,32,2,move,CP,19,correct
Yes,Yes,32,2,move,CP,19,correct
Yes,Yes,32,2,move,CP,19,correct
Yes,Yes,32,2,move,CP,19,correct
Yes,Yes,32,2,move,CP,19,correct
No,No,33,2,nomove,DP,19,correct
No,No,33,2,nomove,DP,19,correct
No,No,33,2,nomove,DP,19,correct
No,No,33,2,nomove,DP,19,correct
No,No,33,2,nomove,DP,19,correct
Yes,Yes,35,2,nomove,CP,19,correct
Yes,Yes,35,2,nomove,CP,19,correct
Yes,Yes,35,2,nomove,CP,19,correct
Yes,Yes,35,2,nomove,CP,19,correct
Yes,Yes,35,2,nomove,CP,19,correct
No,No,37,2,filler,none,19,correct
No,No,37,2,filler,none,19,correct
No,No,37,2,filler,none,19,correct
No,No,37,2,filler,none,19,correct
No,No,37,2,filler,none,19,correct
No,No,37,2,filler,none,19,correct
No,No,37,2,filler,none,19,correct
No,No,37,2,filler,none,19,correct
No,No,37,2,filler,none,19,correct
No,No,37,2,filler,none,19,correct
No,No,37,2,filler,none,19,correct
No,No,38,2,filler,none,19,correct
No,No,38,2,filler,none,19,correct
No,No,38,2,filler,none,19,correct
No,No,38,2,filler,none,19,correct
No,No,38,2,filler,none,19,correct
No,No,38,2,filler,none,19,correct
No,No,38,2,filler,none,19,correct
No,No,38,2,filler,none,19,correct
No,No,38,2,filler,none,19,correct
No,No,38,2,filler,none,19,correct
No,No,38,2,filler,none,19,correct
No,No,39,2,filler,none,19,correct
No,No,39,2,filler,none,19,correct
No,No,39,2,filler,none,19,correct
No,No,39,2,filler,none,19,correct
No,No,39,2,filler,none,19,correct
No,No,39,2,filler,none,19,correct
No,No,39,2,filler,none,19,correct
No,No,39,2,filler,none,19,correct
No,No,39,2,filler,none,19,correct
No,No,39,2,filler,none,19,correct
No,No,39,2,filler,none,19,correct
Yes,Yes,43,2,filler,none,19,correct
Yes,Yes,43,2,filler,none,19,correct
Yes,Yes,43,2,filler,none,19,correct
Yes,Yes,43,2,filler,none,19,correct
Yes,Yes,43,2,filler,none,19,correct
Yes,Yes,43,2,filler,none,19,correct
Yes,Yes,43,2,filler,none,19,correct
Yes,Yes,43,2,filler,none,19,correct
Yes,Yes,43,2,filler,none,19,correct
Yes,Yes,43,2,filler,none,19,correct
Yes,Yes,43,2,filler,none,19,correct
No,No,44,2,filler,none,19,correct
No,No,44,2,filler,none,19,correct
No,No,44,2,filler,none,19,correct
No,No,44,2,filler,none,19,correct
No,No,44,2,filler,none,19,correct
No,No,44,2,filler,none,19,correct
No,No,44,2,filler,none,19,correct
No,No,44,2,filler,none,19,correct
No,No,44,2,filler,none,19,correct
No,No,44,2,filler,none,19,correct
No,No,44,2,filler,none,19,correct
No,No,46,2,filler,none,19,correct
No,No,46,2,filler,none,19,correct
No,No,46,2,filler,none,19,correct
No,No,46,2,filler,none,19,correct
No,No,46,2,filler,none,19,correct
No,No,46,2,filler,none,19,correct
No,No,46,2,filler,none,19,correct
No,No,46,2,filler,none,19,correct
No,No,46,2,filler,none,19,correct
No,No,46,2,filler,none,19,correct
No,No,46,2,filler,none,19,correct
Yes,Yes,48,2,filler,none,19,correct
Yes,Yes,48,2,filler,none,19,correct
Yes,Yes,48,2,filler,none,19,correct
Yes,Yes,48,2,filler,none,19,correct
Yes,Yes,48,2,filler,none,19,correct
Yes,Yes,48,2,filler,none,19,correct
Yes,Yes,48,2,filler,none,19,correct
Yes,Yes,48,2,filler,none,19,correct
Yes,Yes,48,2,filler,none,19,correct
Yes,Yes,48,2,filler,none,19,correct
Yes,Yes,48,2,filler,none,19,correct
No,No,50,2,filler,none,19,correct
No,No,50,2,filler,none,19,correct
No,No,50,2,filler,none,19,correct
No,No,50,2,filler,none,19,correct
No,No,50,2,filler,none,19,correct
No,No,50,2,filler,none,19,correct
No,No,50,2,filler,none,19,correct
No,No,50,2,filler,none,19,correct
No,No,50,2,filler,none,19,correct
No,No,50,2,filler,none,19,correct
No,No,50,2,filler,none,19,correct
Yes,Yes,52,2,filler,none,19,correct
Yes,Yes,52,2,filler,none,19,correct
Yes,Yes,52,2,filler,none,19,correct
Yes,Yes,52,2,filler,none,19,correct
Yes,Yes,52,2,filler,none,19,correct
Yes,Yes,52,2,filler,none,19,correct
Yes,Yes,52,2,filler,none,19,correct
Yes,Yes,52,2,filler,none,19,correct
Yes,Yes,52,2,filler,none,19,correct
Yes,Yes,52,2,filler,none,19,correct
Yes,Yes,52,2,filler,none,19,correct
No,No,53,2,filler,none,19,correct
No,No,53,2,filler,none,19,correct
No,No,53,2,filler,none,19,correct
No,No,53,2,filler,none,19,correct
No,No,53,2,filler,none,19,correct
No,No,53,2,filler,none,19,correct
No,No,53,2,filler,none,19,correct
No,No,53,2,filler,none,19,correct
No,No,53,2,filler,none,19,correct
No,No,53,2,filler,none,19,correct
No,No,53,2,filler,none,19,correct
Yes,Yes,58,2,filler,none,19,correct
Yes,Yes,58,2,filler,none,19,correct
Yes,Yes,58,2,filler,none,19,correct
Yes,Yes,58,2,filler,none,19,correct
Yes,Yes,58,2,filler,none,19,correct
Yes,Yes,58,2,filler,none,19,correct
Yes,Yes,58,2,filler,none,19,correct
Yes,Yes,58,2,filler,none,19,correct
Yes,Yes,58,2,filler,none,19,correct
Yes,Yes,58,2,filler,none,19,correct
Yes,Yes,58,2,filler,none,19,correct
Yes,Yes,58,2,filler,none,19,correct
No,No,59,2,filler,none,19,correct
No,No,59,2,filler,none,19,correct
No,No,59,2,filler,none,19,correct
No,No,59,2,filler,none,19,correct
No,No,59,2,filler,none,19,correct
No,No,59,2,filler,none,19,correct
No,No,59,2,filler,none,19,correct
No,No,59,2,filler,none,19,correct
No,No,59,2,filler,none,19,correct
No,No,59,2,filler,none,19,correct
No,No,59,2,filler,none,19,correct
No,No,59,2,filler,none,19,correct
No,No,59,2,filler,none,19,correct
No,No,62,2,filler,none,19,correct
No,No,62,2,filler,none,19,correct
No,No,62,2,filler,none,19,correct
No,No,62,2,filler,none,19,correct
No,No,62,2,filler,none,19,correct
No,No,62,2,filler,none,19,correct
No,No,62,2,filler,none,19,correct
No,No,62,2,filler,none,19,correct
No,No,62,2,filler,none,19,correct
No,No,62,2,filler,none,19,correct
No,No,62,2,filler,none,19,correct
No,No,62,2,filler,none,19,correct
Yes,Yes,64,2,filler,none,19,correct
Yes,Yes,64,2,filler,none,19,correct
Yes,Yes,64,2,filler,none,19,correct
Yes,Yes,64,2,filler,none,19,correct
Yes,Yes,64,2,filler,none,19,correct
Yes,Yes,64,2,filler,none,19,correct
Yes,Yes,64,2,filler,none,19,correct
Yes,Yes,64,2,filler,none,19,correct
Yes,Yes,64,2,filler,none,19,correct
Yes,Yes,64,2,filler,none,19,correct
Yes,Yes,64,2,filler,none,19,correct
Yes,Yes,64,2,filler,none,19,correct
No,No,66,2,filler,none,19,correct
No,No,66,2,filler,none,19,correct
No,No,66,2,filler,none,19,correct
No,No,66,2,filler,none,19,correct
No,No,66,2,filler,none,19,correct
No,No,66,2,filler,none,19,correct
No,No,66,2,filler,none,19,correct
No,No,66,2,filler,none,19,correct
No,No,66,2,filler,none,19,correct
No,No,66,2,filler,none,19,correct
No,No,66,2,filler,none,19,correct
No,No,66,2,filler,none,19,correct
No,No,68,2,filler,none,19,correct
No,No,68,2,filler,none,19,correct
No,No,68,2,filler,none,19,correct
No,No,68,2,filler,none,19,correct
No,No,68,2,filler,none,19,correct
No,No,68,2,filler,none,19,correct
No,No,68,2,filler,none,19,correct
No,No,68,2,filler,none,19,correct
No,No,68,2,filler,none,19,correct
No,No,68,2,filler,none,19,correct
No,No,68,2,filler,none,19,correct
No,No,68,2,filler,none,19,correct
No,No,69,2,filler,none,19,correct
No,No,69,2,filler,none,19,correct
No,No,69,2,filler,none,19,correct
No,No,69,2,filler,none,19,correct
No,No,69,2,filler,none,19,correct
No,No,69,2,filler,none,19,correct
No,No,69,2,filler,none,19,correct
No,No,69,2,filler,none,19,correct
No,No,69,2,filler,none,19,correct
No,No,69,2,filler,none,19,correct
No,No,69,2,filler,none,19,correct
No,No,69,2,filler,none,19,correct
Yes,Yes,72,2,filler,none,19,correct
Yes,Yes,72,2,filler,none,19,correct
Yes,Yes,72,2,filler,none,19,correct
Yes,Yes,72,2,filler,none,19,correct
Yes,Yes,72,2,filler,none,19,correct
Yes,Yes,72,2,filler,none,19,correct
Yes,Yes,72,2,filler,none,19,correct
Yes,Yes,72,2,filler,none,19,correct
Yes,Yes,72,2,filler,none,19,correct
Yes,Yes,72,2,filler,none,19,correct
Yes,Yes,72,2,filler,none,19,correct
Yes,Yes,72,2,filler,none,19,correct
Yes,No,73,2,filler,none,19,incorrect
Yes,No,73,2,filler,none,19,incorrect
Yes,No,73,2,filler,none,19,incorrect
Yes,No,73,2,filler,none,19,incorrect
Yes,No,73,2,filler,none,19,incorrect
Yes,No,73,2,filler,none,19,incorrect
Yes,No,73,2,filler,none,19,incorrect
Yes,No,73,2,filler,none,19,incorrect
Yes,No,73,2,filler,none,19,incorrect
Yes,No,73,2,filler,none,19,incorrect
Yes,No,73,2,filler,none,19,incorrect
Yes,No,73,2,filler,none,19,incorrect
Yes,No,73,2,filler,none,19,incorrect
Yes,Yes,74,2,filler,none,19,correct
Yes,Yes,74,2,filler,none,19,correct
Yes,Yes,74,2,filler,none,19,correct
Yes,Yes,74,2,filler,none,19,correct
Yes,Yes,74,2,filler,none,19,correct
Yes,Yes,74,2,filler,none,19,correct
Yes,Yes,74,2,filler,none,19,correct
Yes,Yes,74,2,filler,none,19,correct
Yes,Yes,74,2,filler,none,19,correct
Yes,Yes,74,2,filler,none,19,correct
Yes,Yes,74,2,filler,none,19,correct
Yes,Yes,74,2,filler,none,19,correct
Yes,Yes,74,2,filler,none,19,correct
Yes,Yes,75,2,filler,none,19,correct
Yes,Yes,75,2,filler,none,19,correct
Yes,Yes,75,2,filler,none,19,correct
Yes,Yes,75,2,filler,none,19,correct
Yes,Yes,75,2,filler,none,19,correct
Yes,Yes,75,2,filler,none,19,correct
Yes,Yes,75,2,filler,none,19,correct
Yes,Yes,75,2,filler,none,19,correct
Yes,Yes,75,2,filler,none,19,correct
Yes,Yes,75,2,filler,none,19,correct
Yes,Yes,75,2,filler,none,19,correct
Yes,Yes,75,2,filler,none,19,correct
Yes,Yes,75,2,filler,none,19,correct
Yes,Yes,77,2,filler,none,19,correct
Yes,Yes,77,2,filler,none,19,correct
Yes,Yes,77,2,filler,none,19,correct
Yes,Yes,77,2,filler,none,19,correct
Yes,Yes,77,2,filler,none,19,correct
Yes,Yes,77,2,filler,none,19,correct
Yes,Yes,77,2,filler,none,19,correct
Yes,Yes,77,2,filler,none,19,correct
Yes,Yes,77,2,filler,none,19,correct
Yes,Yes,77,2,filler,none,19,correct
Yes,Yes,77,2,filler,none,19,correct
Yes,Yes,77,2,filler,none,19,correct
Yes,Yes,77,2,filler,none,19,correct
No,No,78,2,filler,none,19,correct
No,No,78,2,filler,none,19,correct
No,No,78,2,filler,none,19,correct
No,No,78,2,filler,none,19,correct
No,No,78,2,filler,none,19,correct
No,No,78,2,filler,none,19,correct
No,No,78,2,filler,none,19,correct
No,No,78,2,filler,none,19,correct
No,No,78,2,filler,none,19,correct
No,No,78,2,filler,none,19,correct
No,No,78,2,filler,none,19,correct
No,No,78,2,filler,none,19,correct
No,No,78,2,filler,none,19,correct
No,No,80,2,filler,none,19,correct
No,No,80,2,filler,none,19,correct
No,No,80,2,filler,none,19,correct
No,No,80,2,filler,none,19,correct
No,No,80,2,filler,none,19,correct
No,No,80,2,filler,none,19,correct
No,No,80,2,filler,none,19,correct
No,No,80,2,filler,none,19,correct
No,No,80,2,filler,none,19,correct
No,No,80,2,filler,none,19,correct
No,No,80,2,filler,none,19,correct
No,No,80,2,filler,none,19,correct
No,No,80,2,filler,none,19,correct
No,No,82,2,filler,none,19,correct
No,No,82,2,filler,none,19,correct
No,No,82,2,filler,none,19,correct
No,No,82,2,filler,none,19,correct
No,No,82,2,filler,none,19,correct
No,No,82,2,filler,none,19,correct
No,No,82,2,filler,none,19,correct
No,No,82,2,filler,none,19,correct
No,No,82,2,filler,none,19,correct
No,No,82,2,filler,none,19,correct
No,No,82,2,filler,none,19,correct
No,No,82,2,filler,none,19,correct
No,No,82,2,filler,none,19,correct
No,No,84,2,filler,none,19,correct
No,No,84,2,filler,none,19,correct
No,No,84,2,filler,none,19,correct
No,No,84,2,filler,none,19,correct
No,No,84,2,filler,none,19,correct
No,No,84,2,filler,none,19,correct
No,No,84,2,filler,none,19,correct
No,No,84,2,filler,none,19,correct
No,No,84,2,filler,none,19,correct
No,No,84,2,filler,none,19,correct
No,No,84,2,filler,none,19,correct
No,No,84,2,filler,none,19,correct
No,No,84,2,filler,none,19,correct
No,No,87,2,filler,none,19,correct
No,No,87,2,filler,none,19,correct
No,No,87,2,filler,none,19,correct
No,No,87,2,filler,none,19,correct
No,No,87,2,filler,none,19,correct
No,No,87,2,filler,none,19,correct
No,No,87,2,filler,none,19,correct
No,No,87,2,filler,none,19,correct
No,No,87,2,filler,none,19,correct
No,No,87,2,filler,none,19,correct
No,No,87,2,filler,none,19,correct
No,No,87,2,filler,none,19,correct
No,No,87,2,filler,none,19,correct
No,No,89,2,filler,none,19,correct
No,No,89,2,filler,none,19,correct
No,No,89,2,filler,none,19,correct
No,No,89,2,filler,none,19,correct
No,No,89,2,filler,none,19,correct
No,No,89,2,filler,none,19,correct
No,No,89,2,filler,none,19,correct
No,No,89,2,filler,none,19,correct
No,No,89,2,filler,none,19,correct
No,No,89,2,filler,none,19,correct
No,No,89,2,filler,none,19,correct
No,No,89,2,filler,none,19,correct
No,No,89,2,filler,none,19,correct
Yes,Yes,1,3,move,DP,20,correct
Yes,Yes,1,3,move,DP,20,correct
Yes,Yes,1,3,move,DP,20,correct
Yes,Yes,1,3,move,DP,20,correct
Yes,Yes,1,3,move,DP,20,correct
Yes,Yes,2,3,move,unacc,20,correct
Yes,Yes,2,3,move,unacc,20,correct
Yes,Yes,2,3,move,unacc,20,correct
Yes,Yes,2,3,move,unacc,20,correct
Yes,Yes,2,3,move,unacc,20,correct
No,No,5,3,nomove,unacc,20,correct
No,No,5,3,nomove,unacc,20,correct
No,No,5,3,nomove,unacc,20,correct
No,No,5,3,nomove,unacc,20,correct
No,No,5,3,nomove,unacc,20,correct
Yes,Yes,6,3,nomove,CP,20,correct
Yes,Yes,6,3,nomove,CP,20,correct
Yes,Yes,6,3,nomove,CP,20,correct
Yes,Yes,6,3,nomove,CP,20,correct
Yes,Yes,6,3,nomove,CP,20,correct
Yes,Yes,7,3,move,DP,20,correct
Yes,Yes,7,3,move,DP,20,correct
Yes,Yes,7,3,move,DP,20,correct
Yes,Yes,7,3,move,DP,20,correct
Yes,Yes,7,3,move,DP,20,correct
Yes,Yes,11,3,nomove,unacc,20,correct
Yes,Yes,11,3,nomove,unacc,20,correct
Yes,Yes,11,3,nomove,unacc,20,correct
Yes,Yes,11,3,nomove,unacc,20,correct
Yes,Yes,11,3,nomove,unacc,20,correct
Yes,Yes,13,3,move,DP,20,correct
Yes,Yes,13,3,move,DP,20,correct
Yes,Yes,13,3,move,DP,20,correct
Yes,Yes,13,3,move,DP,20,correct
Yes,Yes,13,3,move,DP,20,correct
Yes,Yes,14,3,move,unacc,20,correct
Yes,Yes,14,3,move,unacc,20,correct
Yes,Yes,14,3,move,unacc,20,correct
Yes,Yes,14,3,move,unacc,20,correct
Yes,Yes,14,3,move,unacc,20,correct
Yes,Yes,17,3,nomove,DP,20,correct
Yes,Yes,17,3,nomove,DP,20,correct
Yes,Yes,17,3,nomove,DP,20,correct
Yes,Yes,17,3,nomove,DP,20,correct
Yes,Yes,17,3,nomove,DP,20,correct
Yes,Yes,19,3,move,DP,20,correct
Yes,Yes,19,3,move,DP,20,correct
Yes,Yes,19,3,move,DP,20,correct
Yes,Yes,19,3,move,DP,20,correct
Yes,Yes,19,3,move,DP,20,correct
Yes,Yes,21,3,move,CP,20,correct
Yes,Yes,21,3,move,CP,20,correct
Yes,Yes,21,3,move,CP,20,correct
Yes,Yes,21,3,move,CP,20,correct
Yes,Yes,21,3,move,CP,20,correct
No,Yes,22,3,nomove,DP,20,incorrect
No,Yes,22,3,nomove,DP,20,incorrect
No,Yes,22,3,nomove,DP,20,incorrect
No,Yes,22,3,nomove,DP,20,incorrect
No,Yes,22,3,nomove,DP,20,incorrect
No,No,25,3,move,DP,20,correct
No,No,25,3,move,DP,20,correct
No,No,25,3,move,DP,20,correct
No,No,25,3,move,DP,20,correct
No,No,25,3,move,DP,20,correct
Yes,Yes,30,3,nomove,CP,20,correct
Yes,Yes,30,3,nomove,CP,20,correct
Yes,Yes,30,3,nomove,CP,20,correct
Yes,Yes,30,3,nomove,CP,20,correct
Yes,Yes,30,3,nomove,CP,20,correct
No,No,31,3,move,DP,20,correct
No,No,31,3,move,DP,20,correct
No,No,31,3,move,DP,20,correct
No,No,31,3,move,DP,20,correct
No,No,31,3,move,DP,20,correct
Yes,Yes,32,3,move,unacc,20,correct
Yes,Yes,32,3,move,unacc,20,correct
Yes,Yes,32,3,move,unacc,20,correct
Yes,Yes,32,3,move,unacc,20,correct
Yes,Yes,32,3,move,unacc,20,correct
No,No,33,3,move,CP,20,correct
No,No,33,3,move,CP,20,correct
No,No,33,3,move,CP,20,correct
No,No,33,3,move,CP,20,correct
No,No,33,3,move,CP,20,correct
Yes,Yes,35,3,nomove,unacc,20,correct
Yes,Yes,35,3,nomove,unacc,20,correct
Yes,Yes,35,3,nomove,unacc,20,correct
Yes,Yes,35,3,nomove,unacc,20,correct
Yes,Yes,35,3,nomove,unacc,20,correct
No,No,37,3,filler,none,20,correct
No,No,37,3,filler,none,20,correct
No,No,37,3,filler,none,20,correct
No,No,37,3,filler,none,20,correct
No,No,37,3,filler,none,20,correct
No,No,37,3,filler,none,20,correct
No,No,37,3,filler,none,20,correct
No,No,37,3,filler,none,20,correct
No,No,37,3,filler,none,20,correct
No,No,37,3,filler,none,20,correct
No,No,37,3,filler,none,20,correct
No,No,38,3,filler,none,20,correct
No,No,38,3,filler,none,20,correct
No,No,38,3,filler,none,20,correct
No,No,38,3,filler,none,20,correct
No,No,38,3,filler,none,20,correct
No,No,38,3,filler,none,20,correct
No,No,38,3,filler,none,20,correct
No,No,38,3,filler,none,20,correct
No,No,38,3,filler,none,20,correct
No,No,38,3,filler,none,20,correct
No,No,38,3,filler,none,20,correct
No,No,39,3,filler,none,20,correct
No,No,39,3,filler,none,20,correct
No,No,39,3,filler,none,20,correct
No,No,39,3,filler,none,20,correct
No,No,39,3,filler,none,20,correct
No,No,39,3,filler,none,20,correct
No,No,39,3,filler,none,20,correct
No,No,39,3,filler,none,20,correct
No,No,39,3,filler,none,20,correct
No,No,39,3,filler,none,20,correct
No,No,39,3,filler,none,20,correct
Yes,Yes,43,3,filler,none,20,correct
Yes,Yes,43,3,filler,none,20,correct
Yes,Yes,43,3,filler,none,20,correct
Yes,Yes,43,3,filler,none,20,correct
Yes,Yes,43,3,filler,none,20,correct
Yes,Yes,43,3,filler,none,20,correct
Yes,Yes,43,3,filler,none,20,correct
Yes,Yes,43,3,filler,none,20,correct
Yes,Yes,43,3,filler,none,20,correct
Yes,Yes,43,3,filler,none,20,correct
Yes,Yes,43,3,filler,none,20,correct
No,No,44,3,filler,none,20,correct
No,No,44,3,filler,none,20,correct
No,No,44,3,filler,none,20,correct
No,No,44,3,filler,none,20,correct
No,No,44,3,filler,none,20,correct
No,No,44,3,filler,none,20,correct
No,No,44,3,filler,none,20,correct
No,No,44,3,filler,none,20,correct
No,No,44,3,filler,none,20,correct
No,No,44,3,filler,none,20,correct
No,No,44,3,filler,none,20,correct
No,No,46,3,filler,none,20,correct
No,No,46,3,filler,none,20,correct
No,No,46,3,filler,none,20,correct
No,No,46,3,filler,none,20,correct
No,No,46,3,filler,none,20,correct
No,No,46,3,filler,none,20,correct
No,No,46,3,filler,none,20,correct
No,No,46,3,filler,none,20,correct
No,No,46,3,filler,none,20,correct
No,No,46,3,filler,none,20,correct
No,No,46,3,filler,none,20,correct
Yes,Yes,48,3,filler,none,20,correct
Yes,Yes,48,3,filler,none,20,correct
Yes,Yes,48,3,filler,none,20,correct
Yes,Yes,48,3,filler,none,20,correct
Yes,Yes,48,3,filler,none,20,correct
Yes,Yes,48,3,filler,none,20,correct
Yes,Yes,48,3,filler,none,20,correct
Yes,Yes,48,3,filler,none,20,correct
Yes,Yes,48,3,filler,none,20,correct
Yes,Yes,48,3,filler,none,20,correct
Yes,Yes,48,3,filler,none,20,correct
No,No,50,3,filler,none,20,correct
No,No,50,3,filler,none,20,correct
No,No,50,3,filler,none,20,correct
No,No,50,3,filler,none,20,correct
No,No,50,3,filler,none,20,correct
No,No,50,3,filler,none,20,correct
No,No,50,3,filler,none,20,correct
No,No,50,3,filler,none,20,correct
No,No,50,3,filler,none,20,correct
No,No,50,3,filler,none,20,correct
No,No,50,3,filler,none,20,correct
Yes,Yes,52,3,filler,none,20,correct
Yes,Yes,52,3,filler,none,20,correct
Yes,Yes,52,3,filler,none,20,correct
Yes,Yes,52,3,filler,none,20,correct
Yes,Yes,52,3,filler,none,20,correct
Yes,Yes,52,3,filler,none,20,correct
Yes,Yes,52,3,filler,none,20,correct
Yes,Yes,52,3,filler,none,20,correct
Yes,Yes,52,3,filler,none,20,correct
Yes,Yes,52,3,filler,none,20,correct
Yes,Yes,52,3,filler,none,20,correct
No,No,53,3,filler,none,20,correct
No,No,53,3,filler,none,20,correct
No,No,53,3,filler,none,20,correct
No,No,53,3,filler,none,20,correct
No,No,53,3,filler,none,20,correct
No,No,53,3,filler,none,20,correct
No,No,53,3,filler,none,20,correct
No,No,53,3,filler,none,20,correct
No,No,53,3,filler,none,20,correct
No,No,53,3,filler,none,20,correct
No,No,53,3,filler,none,20,correct
Yes,Yes,58,3,filler,none,20,correct
Yes,Yes,58,3,filler,none,20,correct
Yes,Yes,58,3,filler,none,20,correct
Yes,Yes,58,3,filler,none,20,correct
Yes,Yes,58,3,filler,none,20,correct
Yes,Yes,58,3,filler,none,20,correct
Yes,Yes,58,3,filler,none,20,correct
Yes,Yes,58,3,filler,none,20,correct
Yes,Yes,58,3,filler,none,20,correct
Yes,Yes,58,3,filler,none,20,correct
Yes,Yes,58,3,filler,none,20,correct
Yes,Yes,58,3,filler,none,20,correct
No,No,59,3,filler,none,20,correct
No,No,59,3,filler,none,20,correct
No,No,59,3,filler,none,20,correct
No,No,59,3,filler,none,20,correct
No,No,59,3,filler,none,20,correct
No,No,59,3,filler,none,20,correct
No,No,59,3,filler,none,20,correct
No,No,59,3,filler,none,20,correct
No,No,59,3,filler,none,20,correct
No,No,59,3,filler,none,20,correct
No,No,59,3,filler,none,20,correct
No,No,59,3,filler,none,20,correct
No,No,59,3,filler,none,20,correct
No,No,62,3,filler,none,20,correct
No,No,62,3,filler,none,20,correct
No,No,62,3,filler,none,20,correct
No,No,62,3,filler,none,20,correct
No,No,62,3,filler,none,20,correct
No,No,62,3,filler,none,20,correct
No,No,62,3,filler,none,20,correct
No,No,62,3,filler,none,20,correct
No,No,62,3,filler,none,20,correct
No,No,62,3,filler,none,20,correct
No,No,62,3,filler,none,20,correct
No,No,62,3,filler,none,20,correct
Yes,Yes,64,3,filler,none,20,correct
Yes,Yes,64,3,filler,none,20,correct
Yes,Yes,64,3,filler,none,20,correct
Yes,Yes,64,3,filler,none,20,correct
Yes,Yes,64,3,filler,none,20,correct
Yes,Yes,64,3,filler,none,20,correct
Yes,Yes,64,3,filler,none,20,correct
Yes,Yes,64,3,filler,none,20,correct
Yes,Yes,64,3,filler,none,20,correct
Yes,Yes,64,3,filler,none,20,correct
Yes,Yes,64,3,filler,none,20,correct
Yes,Yes,64,3,filler,none,20,correct
No,No,66,3,filler,none,20,correct
No,No,66,3,filler,none,20,correct
No,No,66,3,filler,none,20,correct
No,No,66,3,filler,none,20,correct
No,No,66,3,filler,none,20,correct
No,No,66,3,filler,none,20,correct
No,No,66,3,filler,none,20,correct
No,No,66,3,filler,none,20,correct
No,No,66,3,filler,none,20,correct
No,No,66,3,filler,none,20,correct
No,No,66,3,filler,none,20,correct
No,No,66,3,filler,none,20,correct
No,No,68,3,filler,none,20,correct
No,No,68,3,filler,none,20,correct
No,No,68,3,filler,none,20,correct
No,No,68,3,filler,none,20,correct
No,No,68,3,filler,none,20,correct
No,No,68,3,filler,none,20,correct
No,No,68,3,filler,none,20,correct
No,No,68,3,filler,none,20,correct
No,No,68,3,filler,none,20,correct
No,No,68,3,filler,none,20,correct
No,No,68,3,filler,none,20,correct
No,No,68,3,filler,none,20,correct
No,No,69,3,filler,none,20,correct
No,No,69,3,filler,none,20,correct
No,No,69,3,filler,none,20,correct
No,No,69,3,filler,none,20,correct
No,No,69,3,filler,none,20,correct
No,No,69,3,filler,none,20,correct
No,No,69,3,filler,none,20,correct
No,No,69,3,filler,none,20,correct
No,No,69,3,filler,none,20,correct
No,No,69,3,filler,none,20,correct
No,No,69,3,filler,none,20,correct
No,No,69,3,filler,none,20,correct
Yes,Yes,72,3,filler,none,20,correct
Yes,Yes,72,3,filler,none,20,correct
Yes,Yes,72,3,filler,none,20,correct
Yes,Yes,72,3,filler,none,20,correct
Yes,Yes,72,3,filler,none,20,correct
Yes,Yes,72,3,filler,none,20,correct
Yes,Yes,72,3,filler,none,20,correct
Yes,Yes,72,3,filler,none,20,correct
Yes,Yes,72,3,filler,none,20,correct
Yes,Yes,72,3,filler,none,20,correct
Yes,Yes,72,3,filler,none,20,correct
Yes,Yes,72,3,filler,none,20,correct
No,No,73,3,filler,none,20,correct
No,No,73,3,filler,none,20,correct
No,No,73,3,filler,none,20,correct
No,No,73,3,filler,none,20,correct
No,No,73,3,filler,none,20,correct
No,No,73,3,filler,none,20,correct
No,No,73,3,filler,none,20,correct
No,No,73,3,filler,none,20,correct
No,No,73,3,filler,none,20,correct
No,No,73,3,filler,none,20,correct
No,No,73,3,filler,none,20,correct
No,No,73,3,filler,none,20,correct
No,No,73,3,filler,none,20,correct
Yes,Yes,74,3,filler,none,20,correct
Yes,Yes,74,3,filler,none,20,correct
Yes,Yes,74,3,filler,none,20,correct
Yes,Yes,74,3,filler,none,20,correct
Yes,Yes,74,3,filler,none,20,correct
Yes,Yes,74,3,filler,none,20,correct
Yes,Yes,74,3,filler,none,20,correct
Yes,Yes,74,3,filler,none,20,correct
Yes,Yes,74,3,filler,none,20,correct
Yes,Yes,74,3,filler,none,20,correct
Yes,Yes,74,3,filler,none,20,correct
Yes,Yes,74,3,filler,none,20,correct
Yes,Yes,74,3,filler,none,20,correct
Yes,Yes,75,3,filler,none,20,correct
Yes,Yes,75,3,filler,none,20,correct
Yes,Yes,75,3,filler,none,20,correct
Yes,Yes,75,3,filler,none,20,correct
Yes,Yes,75,3,filler,none,20,correct
Yes,Yes,75,3,filler,none,20,correct
Yes,Yes,75,3,filler,none,20,correct
Yes,Yes,75,3,filler,none,20,correct
Yes,Yes,75,3,filler,none,20,correct
Yes,Yes,75,3,filler,none,20,correct
Yes,Yes,75,3,filler,none,20,correct
Yes,Yes,75,3,filler,none,20,correct
Yes,Yes,75,3,filler,none,20,correct
Yes,Yes,77,3,filler,none,20,correct
Yes,Yes,77,3,filler,none,20,correct
Yes,Yes,77,3,filler,none,20,correct
Yes,Yes,77,3,filler,none,20,correct
Yes,Yes,77,3,filler,none,20,correct
Yes,Yes,77,3,filler,none,20,correct
Yes,Yes,77,3,filler,none,20,correct
Yes,Yes,77,3,filler,none,20,correct
Yes,Yes,77,3,filler,none,20,correct
Yes,Yes,77,3,filler,none,20,correct
Yes,Yes,77,3,filler,none,20,correct
Yes,Yes,77,3,filler,none,20,correct
Yes,Yes,77,3,filler,none,20,correct
No,No,78,3,filler,none,20,correct
No,No,78,3,filler,none,20,correct
No,No,78,3,filler,none,20,correct
No,No,78,3,filler,none,20,correct
No,No,78,3,filler,none,20,correct
No,No,78,3,filler,none,20,correct
No,No,78,3,filler,none,20,correct
No,No,78,3,filler,none,20,correct
No,No,78,3,filler,none,20,correct
No,No,78,3,filler,none,20,correct
No,No,78,3,filler,none,20,correct
No,No,78,3,filler,none,20,correct
No,No,78,3,filler,none,20,correct
No,No,80,3,filler,none,20,correct
No,No,80,3,filler,none,20,correct
No,No,80,3,filler,none,20,correct
No,No,80,3,filler,none,20,correct
No,No,80,3,filler,none,20,correct
No,No,80,3,filler,none,20,correct
No,No,80,3,filler,none,20,correct
No,No,80,3,filler,none,20,correct
No,No,80,3,filler,none,20,correct
No,No,80,3,filler,none,20,correct
No,No,80,3,filler,none,20,correct
No,No,80,3,filler,none,20,correct
No,No,80,3,filler,none,20,correct
No,No,82,3,filler,none,20,correct
No,No,82,3,filler,none,20,correct
No,No,82,3,filler,none,20,correct
No,No,82,3,filler,none,20,correct
No,No,82,3,filler,none,20,correct
No,No,82,3,filler,none,20,correct
No,No,82,3,filler,none,20,correct
No,No,82,3,filler,none,20,correct
No,No,82,3,filler,none,20,correct
No,No,82,3,filler,none,20,correct
No,No,82,3,filler,none,20,correct
No,No,82,3,filler,none,20,correct
No,No,82,3,filler,none,20,correct
No,No,84,3,filler,none,20,correct
No,No,84,3,filler,none,20,correct
No,No,84,3,filler,none,20,correct
No,No,84,3,filler,none,20,correct
No,No,84,3,filler,none,20,correct
No,No,84,3,filler,none,20,correct
No,No,84,3,filler,none,20,correct
No,No,84,3,filler,none,20,correct
No,No,84,3,filler,none,20,correct
No,No,84,3,filler,none,20,correct
No,No,84,3,filler,none,20,correct
No,No,84,3,filler,none,20,correct
No,No,84,3,filler,none,20,correct
No,No,87,3,filler,none,20,correct
No,No,87,3,filler,none,20,correct
No,No,87,3,filler,none,20,correct
No,No,87,3,filler,none,20,correct
No,No,87,3,filler,none,20,correct
No,No,87,3,filler,none,20,correct
No,No,87,3,filler,none,20,correct
No,No,87,3,filler,none,20,correct
No,No,87,3,filler,none,20,correct
No,No,87,3,filler,none,20,correct
No,No,87,3,filler,none,20,correct
No,No,87,3,filler,none,20,correct
No,No,87,3,filler,none,20,correct
No,No,89,3,filler,none,20,correct
No,No,89,3,filler,none,20,correct
No,No,89,3,filler,none,20,correct
No,No,89,3,filler,none,20,correct
No,No,89,3,filler,none,20,correct
No,No,89,3,filler,none,20,correct
No,No,89,3,filler,none,20,correct
No,No,89,3,filler,none,20,correct
No,No,89,3,filler,none,20,correct
No,No,89,3,filler,none,20,correct
No,No,89,3,filler,none,20,correct
No,No,89,3,filler,none,20,correct
No,No,89,3,filler,none,20,correct
Yes,Yes,1,5,nomove,unacc,22,correct
Yes,Yes,1,5,nomove,unacc,22,correct
Yes,Yes,1,5,nomove,unacc,22,correct
Yes,Yes,1,5,nomove,unacc,22,correct
Yes,Yes,1,5,nomove,unacc,22,correct
Yes,Yes,2,5,nomove,CP,22,correct
Yes,Yes,2,5,nomove,CP,22,correct
Yes,Yes,2,5,nomove,CP,22,correct
Yes,Yes,2,5,nomove,CP,22,correct
Yes,Yes,2,5,nomove,CP,22,correct
No,No,5,5,move,CP,22,correct
No,No,5,5,move,CP,22,correct
No,No,5,5,move,CP,22,correct
No,No,5,5,move,CP,22,correct
No,No,5,5,move,CP,22,correct
Yes,Yes,6,5,nomove,DP,22,correct
Yes,Yes,6,5,nomove,DP,22,correct
Yes,Yes,6,5,nomove,DP,22,correct
Yes,Yes,6,5,nomove,DP,22,correct
Yes,Yes,6,5,nomove,DP,22,correct
Yes,Yes,7,5,nomove,unacc,22,correct
Yes,Yes,7,5,nomove,unacc,22,correct
Yes,Yes,7,5,nomove,unacc,22,correct
Yes,Yes,7,5,nomove,unacc,22,correct
Yes,Yes,7,5,nomove,unacc,22,correct
Yes,Yes,11,5,move,CP,22,correct
Yes,Yes,11,5,move,CP,22,correct
Yes,Yes,11,5,move,CP,22,correct
Yes,Yes,11,5,move,CP,22,correct
Yes,Yes,11,5,move,CP,22,correct
Yes,Yes,13,5,nomove,unacc,22,correct
Yes,Yes,13,5,nomove,unacc,22,correct
Yes,Yes,13,5,nomove,unacc,22,correct
Yes,Yes,13,5,nomove,unacc,22,correct
Yes,Yes,13,5,nomove,unacc,22,correct
Yes,Yes,14,5,nomove,CP,22,correct
Yes,Yes,14,5,nomove,CP,22,correct
Yes,Yes,14,5,nomove,CP,22,correct
Yes,Yes,14,5,nomove,CP,22,correct
Yes,Yes,14,5,nomove,CP,22,correct
Yes,Yes,17,5,move,unacc,22,correct
Yes,Yes,17,5,move,unacc,22,correct
Yes,Yes,17,5,move,unacc,22,correct
Yes,Yes,17,5,move,unacc,22,correct
Yes,Yes,17,5,move,unacc,22,correct
Yes,Yes,19,5,nomove,unacc,22,correct
Yes,Yes,19,5,nomove,unacc,22,correct
Yes,Yes,19,5,nomove,unacc,22,correct
Yes,Yes,19,5,nomove,unacc,22,correct
Yes,Yes,19,5,nomove,unacc,22,correct
Yes,Yes,21,5,move,DP,22,correct
Yes,Yes,21,5,move,DP,22,correct
Yes,Yes,21,5,move,DP,22,correct
Yes,Yes,21,5,move,DP,22,correct
Yes,Yes,21,5,move,DP,22,correct
No,Yes,22,5,move,unacc,22,incorrect
No,Yes,22,5,move,unacc,22,incorrect
No,Yes,22,5,move,unacc,22,incorrect
No,Yes,22,5,move,unacc,22,incorrect
No,Yes,22,5,move,unacc,22,incorrect
No,No,25,5,nomove,unacc,22,correct
No,No,25,5,nomove,unacc,22,correct
No,No,25,5,nomove,unacc,22,correct
No,No,25,5,nomove,unacc,22,correct
No,No,25,5,nomove,unacc,22,correct
Yes,Yes,30,5,nomove,DP,22,correct
Yes,Yes,30,5,nomove,DP,22,correct
Yes,Yes,30,5,nomove,DP,22,correct
Yes,Yes,30,5,nomove,DP,22,correct
Yes,Yes,30,5,nomove,DP,22,correct
No,No,31,5,nomove,unacc,22,correct
No,No,31,5,nomove,unacc,22,correct
No,No,31,5,nomove,unacc,22,correct
No,No,31,5,nomove,unacc,22,correct
No,No,31,5,nomove,unacc,22,correct
Yes,Yes,32,5,nomove,CP,22,correct
Yes,Yes,32,5,nomove,CP,22,correct
Yes,Yes,32,5,nomove,CP,22,correct
Yes,Yes,32,5,nomove,CP,22,correct
Yes,Yes,32,5,nomove,CP,22,correct
No,No,33,5,move,DP,22,correct
No,No,33,5,move,DP,22,correct
No,No,33,5,move,DP,22,correct
No,No,33,5,move,DP,22,correct
No,No,33,5,move,DP,22,correct
Yes,Yes,35,5,move,CP,22,correct
Yes,Yes,35,5,move,CP,22,correct
Yes,Yes,35,5,move,CP,22,correct
Yes,Yes,35,5,move,CP,22,correct
Yes,Yes,35,5,move,CP,22,correct
No,No,37,5,filler,none,22,correct
No,No,37,5,filler,none,22,correct
No,No,37,5,filler,none,22,correct
No,No,37,5,filler,none,22,correct
No,No,37,5,filler,none,22,correct
No,No,37,5,filler,none,22,correct
No,No,37,5,filler,none,22,correct
No,No,37,5,filler,none,22,correct
No,No,37,5,filler,none,22,correct
No,No,37,5,filler,none,22,correct
No,No,37,5,filler,none,22,correct
No,No,38,5,filler,none,22,correct
No,No,38,5,filler,none,22,correct
No,No,38,5,filler,none,22,correct
No,No,38,5,filler,none,22,correct
No,No,38,5,filler,none,22,correct
No,No,38,5,filler,none,22,correct
No,No,38,5,filler,none,22,correct
No,No,38,5,filler,none,22,correct
No,No,38,5,filler,none,22,correct
No,No,38,5,filler,none,22,correct
No,No,38,5,filler,none,22,correct
No,No,39,5,filler,none,22,correct
No,No,39,5,filler,none,22,correct
No,No,39,5,filler,none,22,correct
No,No,39,5,filler,none,22,correct
No,No,39,5,filler,none,22,correct
No,No,39,5,filler,none,22,correct
No,No,39,5,filler,none,22,correct
No,No,39,5,filler,none,22,correct
No,No,39,5,filler,none,22,correct
No,No,39,5,filler,none,22,correct
No,No,39,5,filler,none,22,correct
Yes,Yes,43,5,filler,none,22,correct
Yes,Yes,43,5,filler,none,22,correct
Yes,Yes,43,5,filler,none,22,correct
Yes,Yes,43,5,filler,none,22,correct
Yes,Yes,43,5,filler,none,22,correct
Yes,Yes,43,5,filler,none,22,correct
Yes,Yes,43,5,filler,none,22,correct
Yes,Yes,43,5,filler,none,22,correct
Yes,Yes,43,5,filler,none,22,correct
Yes,Yes,43,5,filler,none,22,correct
Yes,Yes,43,5,filler,none,22,correct
No,No,44,5,filler,none,22,correct
No,No,44,5,filler,none,22,correct
No,No,44,5,filler,none,22,correct
No,No,44,5,filler,none,22,correct
No,No,44,5,filler,none,22,correct
No,No,44,5,filler,none,22,correct
No,No,44,5,filler,none,22,correct
No,No,44,5,filler,none,22,correct
No,No,44,5,filler,none,22,correct
No,No,44,5,filler,none,22,correct
No,No,44,5,filler,none,22,correct
No,No,46,5,filler,none,22,correct
No,No,46,5,filler,none,22,correct
No,No,46,5,filler,none,22,correct
No,No,46,5,filler,none,22,correct
No,No,46,5,filler,none,22,correct
No,No,46,5,filler,none,22,correct
No,No,46,5,filler,none,22,correct
No,No,46,5,filler,none,22,correct
No,No,46,5,filler,none,22,correct
No,No,46,5,filler,none,22,correct
No,No,46,5,filler,none,22,correct
Yes,Yes,48,5,filler,none,22,correct
Yes,Yes,48,5,filler,none,22,correct
Yes,Yes,48,5,filler,none,22,correct
Yes,Yes,48,5,filler,none,22,correct
Yes,Yes,48,5,filler,none,22,correct
Yes,Yes,48,5,filler,none,22,correct
Yes,Yes,48,5,filler,none,22,correct
Yes,Yes,48,5,filler,none,22,correct
Yes,Yes,48,5,filler,none,22,correct
Yes,Yes,48,5,filler,none,22,correct
Yes,Yes,48,5,filler,none,22,correct
No,No,50,5,filler,none,22,correct
No,No,50,5,filler,none,22,correct
No,No,50,5,filler,none,22,correct
No,No,50,5,filler,none,22,correct
No,No,50,5,filler,none,22,correct
No,No,50,5,filler,none,22,correct
No,No,50,5,filler,none,22,correct
No,No,50,5,filler,none,22,correct
No,No,50,5,filler,none,22,correct
No,No,50,5,filler,none,22,correct
No,No,50,5,filler,none,22,correct
Yes,Yes,52,5,filler,none,22,correct
Yes,Yes,52,5,filler,none,22,correct
Yes,Yes,52,5,filler,none,22,correct
Yes,Yes,52,5,filler,none,22,correct
Yes,Yes,52,5,filler,none,22,correct
Yes,Yes,52,5,filler,none,22,correct
Yes,Yes,52,5,filler,none,22,correct
Yes,Yes,52,5,filler,none,22,correct
Yes,Yes,52,5,filler,none,22,correct
Yes,Yes,52,5,filler,none,22,correct
Yes,Yes,52,5,filler,none,22,correct
No,No,53,5,filler,none,22,correct
No,No,53,5,filler,none,22,correct
No,No,53,5,filler,none,22,correct
No,No,53,5,filler,none,22,correct
No,No,53,5,filler,none,22,correct
No,No,53,5,filler,none,22,correct
No,No,53,5,filler,none,22,correct
No,No,53,5,filler,none,22,correct
No,No,53,5,filler,none,22,correct
No,No,53,5,filler,none,22,correct
No,No,53,5,filler,none,22,correct
Yes,Yes,58,5,filler,none,22,correct
Yes,Yes,58,5,filler,none,22,correct
Yes,Yes,58,5,filler,none,22,correct
Yes,Yes,58,5,filler,none,22,correct
Yes,Yes,58,5,filler,none,22,correct
Yes,Yes,58,5,filler,none,22,correct
Yes,Yes,58,5,filler,none,22,correct
Yes,Yes,58,5,filler,none,22,correct
Yes,Yes,58,5,filler,none,22,correct
Yes,Yes,58,5,filler,none,22,correct
Yes,Yes,58,5,filler,none,22,correct
Yes,Yes,58,5,filler,none,22,correct
No,No,59,5,filler,none,22,correct
No,No,59,5,filler,none,22,correct
No,No,59,5,filler,none,22,correct
No,No,59,5,filler,none,22,correct
No,No,59,5,filler,none,22,correct
No,No,59,5,filler,none,22,correct
No,No,59,5,filler,none,22,correct
No,No,59,5,filler,none,22,correct
No,No,59,5,filler,none,22,correct
No,No,59,5,filler,none,22,correct
No,No,59,5,filler,none,22,correct
No,No,59,5,filler,none,22,correct
No,No,59,5,filler,none,22,correct
No,No,62,5,filler,none,22,correct
No,No,62,5,filler,none,22,correct
No,No,62,5,filler,none,22,correct
No,No,62,5,filler,none,22,correct
No,No,62,5,filler,none,22,correct
No,No,62,5,filler,none,22,correct
No,No,62,5,filler,none,22,correct
No,No,62,5,filler,none,22,correct
No,No,62,5,filler,none,22,correct
No,No,62,5,filler,none,22,correct
No,No,62,5,filler,none,22,correct
No,No,62,5,filler,none,22,correct
Yes,Yes,64,5,filler,none,22,correct
Yes,Yes,64,5,filler,none,22,correct
Yes,Yes,64,5,filler,none,22,correct
Yes,Yes,64,5,filler,none,22,correct
Yes,Yes,64,5,filler,none,22,correct
Yes,Yes,64,5,filler,none,22,correct
Yes,Yes,64,5,filler,none,22,correct
Yes,Yes,64,5,filler,none,22,correct
Yes,Yes,64,5,filler,none,22,correct
Yes,Yes,64,5,filler,none,22,correct
Yes,Yes,64,5,filler,none,22,correct
Yes,Yes,64,5,filler,none,22,correct
No,No,66,5,filler,none,22,correct
No,No,66,5,filler,none,22,correct
No,No,66,5,filler,none,22,correct
No,No,66,5,filler,none,22,correct
No,No,66,5,filler,none,22,correct
No,No,66,5,filler,none,22,correct
No,No,66,5,filler,none,22,correct
No,No,66,5,filler,none,22,correct
No,No,66,5,filler,none,22,correct
No,No,66,5,filler,none,22,correct
No,No,66,5,filler,none,22,correct
No,No,66,5,filler,none,22,correct
No,No,68,5,filler,none,22,correct
No,No,68,5,filler,none,22,correct
No,No,68,5,filler,none,22,correct
No,No,68,5,filler,none,22,correct
No,No,68,5,filler,none,22,correct
No,No,68,5,filler,none,22,correct
No,No,68,5,filler,none,22,correct
No,No,68,5,filler,none,22,correct
No,No,68,5,filler,none,22,correct
No,No,68,5,filler,none,22,correct
No,No,68,5,filler,none,22,correct
No,No,68,5,filler,none,22,correct
No,No,69,5,filler,none,22,correct
No,No,69,5,filler,none,22,correct
No,No,69,5,filler,none,22,correct
No,No,69,5,filler,none,22,correct
No,No,69,5,filler,none,22,correct
No,No,69,5,filler,none,22,correct
No,No,69,5,filler,none,22,correct
No,No,69,5,filler,none,22,correct
No,No,69,5,filler,none,22,correct
No,No,69,5,filler,none,22,correct
No,No,69,5,filler,none,22,correct
No,No,69,5,filler,none,22,correct
Yes,Yes,72,5,filler,none,22,correct
Yes,Yes,72,5,filler,none,22,correct
Yes,Yes,72,5,filler,none,22,correct
Yes,Yes,72,5,filler,none,22,correct
Yes,Yes,72,5,filler,none,22,correct
Yes,Yes,72,5,filler,none,22,correct
Yes,Yes,72,5,filler,none,22,correct
Yes,Yes,72,5,filler,none,22,correct
Yes,Yes,72,5,filler,none,22,correct
Yes,Yes,72,5,filler,none,22,correct
Yes,Yes,72,5,filler,none,22,correct
Yes,Yes,72,5,filler,none,22,correct
Yes,No,73,5,filler,none,22,incorrect
Yes,No,73,5,filler,none,22,incorrect
Yes,No,73,5,filler,none,22,incorrect
Yes,No,73,5,filler,none,22,incorrect
Yes,No,73,5,filler,none,22,incorrect
Yes,No,73,5,filler,none,22,incorrect
Yes,No,73,5,filler,none,22,incorrect
Yes,No,73,5,filler,none,22,incorrect
Yes,No,73,5,filler,none,22,incorrect
Yes,No,73,5,filler,none,22,incorrect
Yes,No,73,5,filler,none,22,incorrect
Yes,No,73,5,filler,none,22,incorrect
Yes,No,73,5,filler,none,22,incorrect
Yes,Yes,74,5,filler,none,22,correct
Yes,Yes,74,5,filler,none,22,correct
Yes,Yes,74,5,filler,none,22,correct
Yes,Yes,74,5,filler,none,22,correct
Yes,Yes,74,5,filler,none,22,correct
Yes,Yes,74,5,filler,none,22,correct
Yes,Yes,74,5,filler,none,22,correct
Yes,Yes,74,5,filler,none,22,correct
Yes,Yes,74,5,filler,none,22,correct
Yes,Yes,74,5,filler,none,22,correct
Yes,Yes,74,5,filler,none,22,correct
Yes,Yes,74,5,filler,none,22,correct
Yes,Yes,74,5,filler,none,22,correct
Yes,Yes,75,5,filler,none,22,correct
Yes,Yes,75,5,filler,none,22,correct
Yes,Yes,75,5,filler,none,22,correct
Yes,Yes,75,5,filler,none,22,correct
Yes,Yes,75,5,filler,none,22,correct
Yes,Yes,75,5,filler,none,22,correct
Yes,Yes,75,5,filler,none,22,correct
Yes,Yes,75,5,filler,none,22,correct
Yes,Yes,75,5,filler,none,22,correct
Yes,Yes,75,5,filler,none,22,correct
Yes,Yes,75,5,filler,none,22,correct
Yes,Yes,75,5,filler,none,22,correct
Yes,Yes,75,5,filler,none,22,correct
Yes,Yes,77,5,filler,none,22,correct
Yes,Yes,77,5,filler,none,22,correct
Yes,Yes,77,5,filler,none,22,correct
Yes,Yes,77,5,filler,none,22,correct
Yes,Yes,77,5,filler,none,22,correct
Yes,Yes,77,5,filler,none,22,correct
Yes,Yes,77,5,filler,none,22,correct
Yes,Yes,77,5,filler,none,22,correct
Yes,Yes,77,5,filler,none,22,correct
Yes,Yes,77,5,filler,none,22,correct
Yes,Yes,77,5,filler,none,22,correct
Yes,Yes,77,5,filler,none,22,correct
Yes,Yes,77,5,filler,none,22,correct
No,No,78,5,filler,none,22,correct
No,No,78,5,filler,none,22,correct
No,No,78,5,filler,none,22,correct
No,No,78,5,filler,none,22,correct
No,No,78,5,filler,none,22,correct
No,No,78,5,filler,none,22,correct
No,No,78,5,filler,none,22,correct
No,No,78,5,filler,none,22,correct
No,No,78,5,filler,none,22,correct
No,No,78,5,filler,none,22,correct
No,No,78,5,filler,none,22,correct
No,No,78,5,filler,none,22,correct
No,No,78,5,filler,none,22,correct
No,No,80,5,filler,none,22,correct
No,No,80,5,filler,none,22,correct
No,No,80,5,filler,none,22,correct
No,No,80,5,filler,none,22,correct
No,No,80,5,filler,none,22,correct
No,No,80,5,filler,none,22,correct
No,No,80,5,filler,none,22,correct
No,No,80,5,filler,none,22,correct
No,No,80,5,filler,none,22,correct
No,No,80,5,filler,none,22,correct
No,No,80,5,filler,none,22,correct
No,No,80,5,filler,none,22,correct
No,No,80,5,filler,none,22,correct
No,No,82,5,filler,none,22,correct
No,No,82,5,filler,none,22,correct
No,No,82,5,filler,none,22,correct
No,No,82,5,filler,none,22,correct
No,No,82,5,filler,none,22,correct
No,No,82,5,filler,none,22,correct
No,No,82,5,filler,none,22,correct
No,No,82,5,filler,none,22,correct
No,No,82,5,filler,none,22,correct
No,No,82,5,filler,none,22,correct
No,No,82,5,filler,none,22,correct
No,No,82,5,filler,none,22,correct
No,No,82,5,filler,none,22,correct
No,No,84,5,filler,none,22,correct
No,No,84,5,filler,none,22,correct
No,No,84,5,filler,none,22,correct
No,No,84,5,filler,none,22,correct
No,No,84,5,filler,none,22,correct
No,No,84,5,filler,none,22,correct
No,No,84,5,filler,none,22,correct
No,No,84,5,filler,none,22,correct
No,No,84,5,filler,none,22,correct
No,No,84,5,filler,none,22,correct
No,No,84,5,filler,none,22,correct
No,No,84,5,filler,none,22,correct
No,No,84,5,filler,none,22,correct
No,No,87,5,filler,none,22,correct
No,No,87,5,filler,none,22,correct
No,No,87,5,filler,none,22,correct
No,No,87,5,filler,none,22,correct
No,No,87,5,filler,none,22,correct
No,No,87,5,filler,none,22,correct
No,No,87,5,filler,none,22,correct
No,No,87,5,filler,none,22,correct
No,No,87,5,filler,none,22,correct
No,No,87,5,filler,none,22,correct
No,No,87,5,filler,none,22,correct
No,No,87,5,filler,none,22,correct
No,No,87,5,filler,none,22,correct
No,No,89,5,filler,none,22,correct
No,No,89,5,filler,none,22,correct
No,No,89,5,filler,none,22,correct
No,No,89,5,filler,none,22,correct
No,No,89,5,filler,none,22,correct
No,No,89,5,filler,none,22,correct
No,No,89,5,filler,none,22,correct
No,No,89,5,filler,none,22,correct
No,No,89,5,filler,none,22,correct
No,No,89,5,filler,none,22,correct
No,No,89,5,filler,none,22,correct
No,No,89,5,filler,none,22,correct
No,No,89,5,filler,none,22,correct
Yes,Yes,1,6,nomove,DP,23,correct
Yes,Yes,1,6,nomove,DP,23,correct
Yes,Yes,1,6,nomove,DP,23,correct
Yes,Yes,1,6,nomove,DP,23,correct
Yes,Yes,1,6,nomove,DP,23,correct
Yes,Yes,2,6,nomove,unacc,23,correct
Yes,Yes,2,6,nomove,unacc,23,correct
Yes,Yes,2,6,nomove,unacc,23,correct
Yes,Yes,2,6,nomove,unacc,23,correct
Yes,Yes,2,6,nomove,unacc,23,correct
No,No,5,6,move,unacc,23,correct
No,No,5,6,move,unacc,23,correct
No,No,5,6,move,unacc,23,correct
No,No,5,6,move,unacc,23,correct
No,No,5,6,move,unacc,23,correct
Yes,Yes,6,6,move,CP,23,correct
Yes,Yes,6,6,move,CP,23,correct
Yes,Yes,6,6,move,CP,23,correct
Yes,Yes,6,6,move,CP,23,correct
Yes,Yes,6,6,move,CP,23,correct
Yes,Yes,7,6,nomove,DP,23,correct
Yes,Yes,7,6,nomove,DP,23,correct
Yes,Yes,7,6,nomove,DP,23,correct
Yes,Yes,7,6,nomove,DP,23,correct
Yes,Yes,7,6,nomove,DP,23,correct
Yes,Yes,11,6,move,unacc,23,correct
Yes,Yes,11,6,move,unacc,23,correct
Yes,Yes,11,6,move,unacc,23,correct
Yes,Yes,11,6,move,unacc,23,correct
Yes,Yes,11,6,move,unacc,23,correct
Yes,Yes,13,6,nomove,DP,23,correct
Yes,Yes,13,6,nomove,DP,23,correct
Yes,Yes,13,6,nomove,DP,23,correct
Yes,Yes,13,6,nomove,DP,23,correct
Yes,Yes,13,6,nomove,DP,23,correct
No,Yes,14,6,nomove,unacc,23,incorrect
No,Yes,14,6,nomove,unacc,23,incorrect
No,Yes,14,6,nomove,unacc,23,incorrect
No,Yes,14,6,nomove,unacc,23,incorrect
No,Yes,14,6,nomove,unacc,23,incorrect
Yes,Yes,17,6,move,DP,23,correct
Yes,Yes,17,6,move,DP,23,correct
Yes,Yes,17,6,move,DP,23,correct
Yes,Yes,17,6,move,DP,23,correct
Yes,Yes,17,6,move,DP,23,correct
No,Yes,19,6,nomove,DP,23,incorrect
No,Yes,19,6,nomove,DP,23,incorrect
No,Yes,19,6,nomove,DP,23,incorrect
No,Yes,19,6,nomove,DP,23,incorrect
No,Yes,19,6,nomove,DP,23,incorrect
No,Yes,21,6,nomove,CP,23,incorrect
No,Yes,21,6,nomove,CP,23,incorrect
No,Yes,21,6,nomove,CP,23,incorrect
No,Yes,21,6,nomove,CP,23,incorrect
No,Yes,21,6,nomove,CP,23,incorrect
Yes,Yes,22,6,move,DP,23,correct
Yes,Yes,22,6,move,DP,23,correct
Yes,Yes,22,6,move,DP,23,correct
Yes,Yes,22,6,move,DP,23,correct
Yes,Yes,22,6,move,DP,23,correct
No,No,25,6,nomove,DP,23,correct
No,No,25,6,nomove,DP,23,correct
No,No,25,6,nomove,DP,23,correct
No,No,25,6,nomove,DP,23,correct
No,No,25,6,nomove,DP,23,correct
Yes,Yes,30,6,move,CP,23,correct
Yes,Yes,30,6,move,CP,23,correct
Yes,Yes,30,6,move,CP,23,correct
Yes,Yes,30,6,move,CP,23,correct
Yes,Yes,30,6,move,CP,23,correct
No,No,31,6,nomove,DP,23,correct
No,No,31,6,nomove,DP,23,correct
No,No,31,6,nomove,DP,23,correct
No,No,31,6,nomove,DP,23,correct
No,No,31,6,nomove,DP,23,correct
Yes,Yes,32,6,nomove,unacc,23,correct
Yes,Yes,32,6,nomove,unacc,23,correct
Yes,Yes,32,6,nomove,unacc,23,correct
Yes,Yes,32,6,nomove,unacc,23,correct
Yes,Yes,32,6,nomove,unacc,23,correct
No,No,33,6,nomove,CP,23,correct
No,No,33,6,nomove,CP,23,correct
No,No,33,6,nomove,CP,23,correct
No,No,33,6,nomove,CP,23,correct
No,No,33,6,nomove,CP,23,correct
Yes,Yes,35,6,move,unacc,23,correct
Yes,Yes,35,6,move,unacc,23,correct
Yes,Yes,35,6,move,unacc,23,correct
Yes,Yes,35,6,move,unacc,23,correct
Yes,Yes,35,6,move,unacc,23,correct
No,No,37,6,filler,none,23,correct
No,No,37,6,filler,none,23,correct
No,No,37,6,filler,none,23,correct
No,No,37,6,filler,none,23,correct
No,No,37,6,filler,none,23,correct
No,No,37,6,filler,none,23,correct
No,No,37,6,filler,none,23,correct
No,No,37,6,filler,none,23,correct
No,No,37,6,filler,none,23,correct
No,No,37,6,filler,none,23,correct
No,No,37,6,filler,none,23,correct
No,No,38,6,filler,none,23,correct
No,No,38,6,filler,none,23,correct
No,No,38,6,filler,none,23,correct
No,No,38,6,filler,none,23,correct
No,No,38,6,filler,none,23,correct
No,No,38,6,filler,none,23,correct
No,No,38,6,filler,none,23,correct
No,No,38,6,filler,none,23,correct
No,No,38,6,filler,none,23,correct
No,No,38,6,filler,none,23,correct
No,No,38,6,filler,none,23,correct
No,No,39,6,filler,none,23,correct
No,No,39,6,filler,none,23,correct
No,No,39,6,filler,none,23,correct
No,No,39,6,filler,none,23,correct
No,No,39,6,filler,none,23,correct
No,No,39,6,filler,none,23,correct
No,No,39,6,filler,none,23,correct
No,No,39,6,filler,none,23,correct
No,No,39,6,filler,none,23,correct
No,No,39,6,filler,none,23,correct
No,No,39,6,filler,none,23,correct
Yes,Yes,43,6,filler,none,23,correct
Yes,Yes,43,6,filler,none,23,correct
Yes,Yes,43,6,filler,none,23,correct
Yes,Yes,43,6,filler,none,23,correct
Yes,Yes,43,6,filler,none,23,correct
Yes,Yes,43,6,filler,none,23,correct
Yes,Yes,43,6,filler,none,23,correct
Yes,Yes,43,6,filler,none,23,correct
Yes,Yes,43,6,filler,none,23,correct
Yes,Yes,43,6,filler,none,23,correct
Yes,Yes,43,6,filler,none,23,correct
No,No,44,6,filler,none,23,correct
No,No,44,6,filler,none,23,correct
No,No,44,6,filler,none,23,correct
No,No,44,6,filler,none,23,correct
No,No,44,6,filler,none,23,correct
No,No,44,6,filler,none,23,correct
No,No,44,6,filler,none,23,correct
No,No,44,6,filler,none,23,correct
No,No,44,6,filler,none,23,correct
No,No,44,6,filler,none,23,correct
No,No,44,6,filler,none,23,correct
No,No,46,6,filler,none,23,correct
No,No,46,6,filler,none,23,correct
No,No,46,6,filler,none,23,correct
No,No,46,6,filler,none,23,correct
No,No,46,6,filler,none,23,correct
No,No,46,6,filler,none,23,correct
No,No,46,6,filler,none,23,correct
No,No,46,6,filler,none,23,correct
No,No,46,6,filler,none,23,correct
No,No,46,6,filler,none,23,correct
No,No,46,6,filler,none,23,correct
Yes,Yes,48,6,filler,none,23,correct
Yes,Yes,48,6,filler,none,23,correct
Yes,Yes,48,6,filler,none,23,correct
Yes,Yes,48,6,filler,none,23,correct
Yes,Yes,48,6,filler,none,23,correct
Yes,Yes,48,6,filler,none,23,correct
Yes,Yes,48,6,filler,none,23,correct
Yes,Yes,48,6,filler,none,23,correct
Yes,Yes,48,6,filler,none,23,correct
Yes,Yes,48,6,filler,none,23,correct
Yes,Yes,48,6,filler,none,23,correct
No,No,50,6,filler,none,23,correct
No,No,50,6,filler,none,23,correct
No,No,50,6,filler,none,23,correct
No,No,50,6,filler,none,23,correct
No,No,50,6,filler,none,23,correct
No,No,50,6,filler,none,23,correct
No,No,50,6,filler,none,23,correct
No,No,50,6,filler,none,23,correct
No,No,50,6,filler,none,23,correct
No,No,50,6,filler,none,23,correct
No,No,50,6,filler,none,23,correct
Yes,Yes,52,6,filler,none,23,correct
Yes,Yes,52,6,filler,none,23,correct
Yes,Yes,52,6,filler,none,23,correct
Yes,Yes,52,6,filler,none,23,correct
Yes,Yes,52,6,filler,none,23,correct
Yes,Yes,52,6,filler,none,23,correct
Yes,Yes,52,6,filler,none,23,correct
Yes,Yes,52,6,filler,none,23,correct
Yes,Yes,52,6,filler,none,23,correct
Yes,Yes,52,6,filler,none,23,correct
Yes,Yes,52,6,filler,none,23,correct
No,No,53,6,filler,none,23,correct
No,No,53,6,filler,none,23,correct
No,No,53,6,filler,none,23,correct
No,No,53,6,filler,none,23,correct
No,No,53,6,filler,none,23,correct
No,No,53,6,filler,none,23,correct
No,No,53,6,filler,none,23,correct
No,No,53,6,filler,none,23,correct
No,No,53,6,filler,none,23,correct
No,No,53,6,filler,none,23,correct
No,No,53,6,filler,none,23,correct
Yes,Yes,58,6,filler,none,23,correct
Yes,Yes,58,6,filler,none,23,correct
Yes,Yes,58,6,filler,none,23,correct
Yes,Yes,58,6,filler,none,23,correct
Yes,Yes,58,6,filler,none,23,correct
Yes,Yes,58,6,filler,none,23,correct
Yes,Yes,58,6,filler,none,23,correct
Yes,Yes,58,6,filler,none,23,correct
Yes,Yes,58,6,filler,none,23,correct
Yes,Yes,58,6,filler,none,23,correct
Yes,Yes,58,6,filler,none,23,correct
Yes,Yes,58,6,filler,none,23,correct
No,No,59,6,filler,none,23,correct
No,No,59,6,filler,none,23,correct
No,No,59,6,filler,none,23,correct
No,No,59,6,filler,none,23,correct
No,No,59,6,filler,none,23,correct
No,No,59,6,filler,none,23,correct
No,No,59,6,filler,none,23,correct
No,No,59,6,filler,none,23,correct
No,No,59,6,filler,none,23,correct
No,No,59,6,filler,none,23,correct
No,No,59,6,filler,none,23,correct
No,No,59,6,filler,none,23,correct
No,No,59,6,filler,none,23,correct
Yes,No,62,6,filler,none,23,incorrect
Yes,No,62,6,filler,none,23,incorrect
Yes,No,62,6,filler,none,23,incorrect
Yes,No,62,6,filler,none,23,incorrect
Yes,No,62,6,filler,none,23,incorrect
Yes,No,62,6,filler,none,23,incorrect
Yes,No,62,6,filler,none,23,incorrect
Yes,No,62,6,filler,none,23,incorrect
Yes,No,62,6,filler,none,23,incorrect
Yes,No,62,6,filler,none,23,incorrect
Yes,No,62,6,filler,none,23,incorrect
Yes,No,62,6,filler,none,23,incorrect
Yes,Yes,64,6,filler,none,23,correct
Yes,Yes,64,6,filler,none,23,correct
Yes,Yes,64,6,filler,none,23,correct
Yes,Yes,64,6,filler,none,23,correct
Yes,Yes,64,6,filler,none,23,correct
Yes,Yes,64,6,filler,none,23,correct
Yes,Yes,64,6,filler,none,23,correct
Yes,Yes,64,6,filler,none,23,correct
Yes,Yes,64,6,filler,none,23,correct
Yes,Yes,64,6,filler,none,23,correct
Yes,Yes,64,6,filler,none,23,correct
Yes,Yes,64,6,filler,none,23,correct
No,No,66,6,filler,none,23,correct
No,No,66,6,filler,none,23,correct
No,No,66,6,filler,none,23,correct
No,No,66,6,filler,none,23,correct
No,No,66,6,filler,none,23,correct
No,No,66,6,filler,none,23,correct
No,No,66,6,filler,none,23,correct
No,No,66,6,filler,none,23,correct
No,No,66,6,filler,none,23,correct
No,No,66,6,filler,none,23,correct
No,No,66,6,filler,none,23,correct
No,No,66,6,filler,none,23,correct
No,No,68,6,filler,none,23,correct
No,No,68,6,filler,none,23,correct
No,No,68,6,filler,none,23,correct
No,No,68,6,filler,none,23,correct
No,No,68,6,filler,none,23,correct
No,No,68,6,filler,none,23,correct
No,No,68,6,filler,none,23,correct
No,No,68,6,filler,none,23,correct
No,No,68,6,filler,none,23,correct
No,No,68,6,filler,none,23,correct
No,No,68,6,filler,none,23,correct
No,No,68,6,filler,none,23,correct
No,No,69,6,filler,none,23,correct
No,No,69,6,filler,none,23,correct
No,No,69,6,filler,none,23,correct
No,No,69,6,filler,none,23,correct
No,No,69,6,filler,none,23,correct
No,No,69,6,filler,none,23,correct
No,No,69,6,filler,none,23,correct
No,No,69,6,filler,none,23,correct
No,No,69,6,filler,none,23,correct
No,No,69,6,filler,none,23,correct
No,No,69,6,filler,none,23,correct
No,No,69,6,filler,none,23,correct
Yes,Yes,72,6,filler,none,23,correct
Yes,Yes,72,6,filler,none,23,correct
Yes,Yes,72,6,filler,none,23,correct
Yes,Yes,72,6,filler,none,23,correct
Yes,Yes,72,6,filler,none,23,correct
Yes,Yes,72,6,filler,none,23,correct
Yes,Yes,72,6,filler,none,23,correct
Yes,Yes,72,6,filler,none,23,correct
Yes,Yes,72,6,filler,none,23,correct
Yes,Yes,72,6,filler,none,23,correct
Yes,Yes,72,6,filler,none,23,correct
Yes,Yes,72,6,filler,none,23,correct
No,No,73,6,filler,none,23,correct
No,No,73,6,filler,none,23,correct
No,No,73,6,filler,none,23,correct
No,No,73,6,filler,none,23,correct
No,No,73,6,filler,none,23,correct
No,No,73,6,filler,none,23,correct
No,No,73,6,filler,none,23,correct
No,No,73,6,filler,none,23,correct
No,No,73,6,filler,none,23,correct
No,No,73,6,filler,none,23,correct
No,No,73,6,filler,none,23,correct
No,No,73,6,filler,none,23,correct
No,No,73,6,filler,none,23,correct
Yes,Yes,74,6,filler,none,23,correct
Yes,Yes,74,6,filler,none,23,correct
Yes,Yes,74,6,filler,none,23,correct
Yes,Yes,74,6,filler,none,23,correct
Yes,Yes,74,6,filler,none,23,correct
Yes,Yes,74,6,filler,none,23,correct
Yes,Yes,74,6,filler,none,23,correct
Yes,Yes,74,6,filler,none,23,correct
Yes,Yes,74,6,filler,none,23,correct
Yes,Yes,74,6,filler,none,23,correct
Yes,Yes,74,6,filler,none,23,correct
Yes,Yes,74,6,filler,none,23,correct
Yes,Yes,74,6,filler,none,23,correct
Yes,Yes,75,6,filler,none,23,correct
Yes,Yes,75,6,filler,none,23,correct
Yes,Yes,75,6,filler,none,23,correct
Yes,Yes,75,6,filler,none,23,correct
Yes,Yes,75,6,filler,none,23,correct
Yes,Yes,75,6,filler,none,23,correct
Yes,Yes,75,6,filler,none,23,correct
Yes,Yes,75,6,filler,none,23,correct
Yes,Yes,75,6,filler,none,23,correct
Yes,Yes,75,6,filler,none,23,correct
Yes,Yes,75,6,filler,none,23,correct
Yes,Yes,75,6,filler,none,23,correct
Yes,Yes,75,6,filler,none,23,correct
Yes,Yes,77,6,filler,none,23,correct
Yes,Yes,77,6,filler,none,23,correct
Yes,Yes,77,6,filler,none,23,correct
Yes,Yes,77,6,filler,none,23,correct
Yes,Yes,77,6,filler,none,23,correct
Yes,Yes,77,6,filler,none,23,correct
Yes,Yes,77,6,filler,none,23,correct
Yes,Yes,77,6,filler,none,23,correct
Yes,Yes,77,6,filler,none,23,correct
Yes,Yes,77,6,filler,none,23,correct
Yes,Yes,77,6,filler,none,23,correct
Yes,Yes,77,6,filler,none,23,correct
Yes,Yes,77,6,filler,none,23,correct
No,No,78,6,filler,none,23,correct
No,No,78,6,filler,none,23,correct
No,No,78,6,filler,none,23,correct
No,No,78,6,filler,none,23,correct
No,No,78,6,filler,none,23,correct
No,No,78,6,filler,none,23,correct
No,No,78,6,filler,none,23,correct
No,No,78,6,filler,none,23,correct
No,No,78,6,filler,none,23,correct
No,No,78,6,filler,none,23,correct
No,No,78,6,filler,none,23,correct
No,No,78,6,filler,none,23,correct
No,No,78,6,filler,none,23,correct
No,No,80,6,filler,none,23,correct
No,No,80,6,filler,none,23,correct
No,No,80,6,filler,none,23,correct
No,No,80,6,filler,none,23,correct
No,No,80,6,filler,none,23,correct
No,No,80,6,filler,none,23,correct
No,No,80,6,filler,none,23,correct
No,No,80,6,filler,none,23,correct
No,No,80,6,filler,none,23,correct
No,No,80,6,filler,none,23,correct
No,No,80,6,filler,none,23,correct
No,No,80,6,filler,none,23,correct
No,No,80,6,filler,none,23,correct
No,No,82,6,filler,none,23,correct
No,No,82,6,filler,none,23,correct
No,No,82,6,filler,none,23,correct
No,No,82,6,filler,none,23,correct
No,No,82,6,filler,none,23,correct
No,No,82,6,filler,none,23,correct
No,No,82,6,filler,none,23,correct
No,No,82,6,filler,none,23,correct
No,No,82,6,filler,none,23,correct
No,No,82,6,filler,none,23,correct
No,No,82,6,filler,none,23,correct
No,No,82,6,filler,none,23,correct
No,No,82,6,filler,none,23,correct
No,No,84,6,filler,none,23,correct
No,No,84,6,filler,none,23,correct
No,No,84,6,filler,none,23,correct
No,No,84,6,filler,none,23,correct
No,No,84,6,filler,none,23,correct
No,No,84,6,filler,none,23,correct
No,No,84,6,filler,none,23,correct
No,No,84,6,filler,none,23,correct
No,No,84,6,filler,none,23,correct
No,No,84,6,filler,none,23,correct
No,No,84,6,filler,none,23,correct
No,No,84,6,filler,none,23,correct
No,No,84,6,filler,none,23,correct
No,No,87,6,filler,none,23,correct
No,No,87,6,filler,none,23,correct
No,No,87,6,filler,none,23,correct
No,No,87,6,filler,none,23,correct
No,No,87,6,filler,none,23,correct
No,No,87,6,filler,none,23,correct
No,No,87,6,filler,none,23,correct
No,No,87,6,filler,none,23,correct
No,No,87,6,filler,none,23,correct
No,No,87,6,filler,none,23,correct
No,No,87,6,filler,none,23,correct
No,No,87,6,filler,none,23,correct
No,No,87,6,filler,none,23,correct
No,No,89,6,filler,none,23,correct
No,No,89,6,filler,none,23,correct
No,No,89,6,filler,none,23,correct
No,No,89,6,filler,none,23,correct
No,No,89,6,filler,none,23,correct
No,No,89,6,filler,none,23,correct
No,No,89,6,filler,none,23,correct
No,No,89,6,filler,none,23,correct
No,No,89,6,filler,none,23,correct
No,No,89,6,filler,none,23,correct
No,No,89,6,filler,none,23,correct
No,No,89,6,filler,none,23,correct
No,No,89,6,filler,none,23,correct
Yes,Yes,1,1,move,CP,24,correct
Yes,Yes,1,1,move,CP,24,correct
Yes,Yes,1,1,move,CP,24,correct
Yes,Yes,1,1,move,CP,24,correct
Yes,Yes,1,1,move,CP,24,correct
Yes,Yes,2,1,nomove,DP,24,correct
Yes,Yes,2,1,nomove,DP,24,correct
Yes,Yes,2,1,nomove,DP,24,correct
Yes,Yes,2,1,nomove,DP,24,correct
Yes,Yes,2,1,nomove,DP,24,correct
No,No,5,1,move,DP,24,correct
No,No,5,1,move,DP,24,correct
No,No,5,1,move,DP,24,correct
No,No,5,1,move,DP,24,correct
No,No,5,1,move,DP,24,correct
Yes,Yes,6,1,move,unacc,24,correct
Yes,Yes,6,1,move,unacc,24,correct
Yes,Yes,6,1,move,unacc,24,correct
Yes,Yes,6,1,move,unacc,24,correct
Yes,Yes,6,1,move,unacc,24,correct
No,Yes,7,1,move,CP,24,incorrect
No,Yes,7,1,move,CP,24,incorrect
No,Yes,7,1,move,CP,24,incorrect
No,Yes,7,1,move,CP,24,incorrect
No,Yes,7,1,move,CP,24,incorrect
Yes,Yes,11,1,move,DP,24,correct
Yes,Yes,11,1,move,DP,24,correct
Yes,Yes,11,1,move,DP,24,correct
Yes,Yes,11,1,move,DP,24,correct
Yes,Yes,11,1,move,DP,24,correct
Yes,Yes,13,1,move,CP,24,correct
Yes,Yes,13,1,move,CP,24,correct
Yes,Yes,13,1,move,CP,24,correct
Yes,Yes,13,1,move,CP,24,correct
Yes,Yes,13,1,move,CP,24,correct
Yes,Yes,14,1,nomove,DP,24,correct
Yes,Yes,14,1,nomove,DP,24,correct
Yes,Yes,14,1,nomove,DP,24,correct
Yes,Yes,14,1,nomove,DP,24,correct
Yes,Yes,14,1,nomove,DP,24,correct
Yes,Yes,17,1,nomove,CP,24,correct
Yes,Yes,17,1,nomove,CP,24,correct
Yes,Yes,17,1,nomove,CP,24,correct
Yes,Yes,17,1,nomove,CP,24,correct
Yes,Yes,17,1,nomove,CP,24,correct
Yes,Yes,19,1,move,CP,24,correct
Yes,Yes,19,1,move,CP,24,correct
Yes,Yes,19,1,move,CP,24,correct
Yes,Yes,19,1,move,CP,24,correct
Yes,Yes,19,1,move,CP,24,correct
Yes,Yes,21,1,nomove,unacc,24,correct
Yes,Yes,21,1,nomove,unacc,24,correct
Yes,Yes,21,1,nomove,unacc,24,correct
Yes,Yes,21,1,nomove,unacc,24,correct
Yes,Yes,21,1,nomove,unacc,24,correct
Yes,Yes,22,1,nomove,CP,24,correct
Yes,Yes,22,1,nomove,CP,24,correct
Yes,Yes,22,1,nomove,CP,24,correct
Yes,Yes,22,1,nomove,CP,24,correct
Yes,Yes,22,1,nomove,CP,24,correct
No,No,25,1,move,CP,24,correct
No,No,25,1,move,CP,24,correct
No,No,25,1,move,CP,24,correct
No,No,25,1,move,CP,24,correct
No,No,25,1,move,CP,24,correct
Yes,Yes,30,1,move,unacc,24,correct
Yes,Yes,30,1,move,unacc,24,correct
Yes,Yes,30,1,move,unacc,24,correct
Yes,Yes,30,1,move,unacc,24,correct
Yes,Yes,30,1,move,unacc,24,correct
No,No,31,1,move,CP,24,correct
No,No,31,1,move,CP,24,correct
No,No,31,1,move,CP,24,correct
No,No,31,1,move,CP,24,correct
No,No,31,1,move,CP,24,correct
Yes,Yes,32,1,nomove,DP,24,correct
Yes,Yes,32,1,nomove,DP,24,correct
Yes,Yes,32,1,nomove,DP,24,correct
Yes,Yes,32,1,nomove,DP,24,correct
Yes,Yes,32,1,nomove,DP,24,correct
No,No,33,1,nomove,unacc,24,correct
No,No,33,1,nomove,unacc,24,correct
No,No,33,1,nomove,unacc,24,correct
No,No,33,1,nomove,unacc,24,correct
No,No,33,1,nomove,unacc,24,correct
Yes,Yes,35,1,move,DP,24,correct
Yes,Yes,35,1,move,DP,24,correct
Yes,Yes,35,1,move,DP,24,correct
Yes,Yes,35,1,move,DP,24,correct
Yes,Yes,35,1,move,DP,24,correct
No,No,37,1,filler,none,24,correct
No,No,37,1,filler,none,24,correct
No,No,37,1,filler,none,24,correct
No,No,37,1,filler,none,24,correct
No,No,37,1,filler,none,24,correct
No,No,37,1,filler,none,24,correct
No,No,37,1,filler,none,24,correct
No,No,37,1,filler,none,24,correct
No,No,37,1,filler,none,24,correct
No,No,37,1,filler,none,24,correct
No,No,37,1,filler,none,24,correct
No,No,38,1,filler,none,24,correct
No,No,38,1,filler,none,24,correct
No,No,38,1,filler,none,24,correct
No,No,38,1,filler,none,24,correct
No,No,38,1,filler,none,24,correct
No,No,38,1,filler,none,24,correct
No,No,38,1,filler,none,24,correct
No,No,38,1,filler,none,24,correct
No,No,38,1,filler,none,24,correct
No,No,38,1,filler,none,24,correct
No,No,38,1,filler,none,24,correct
No,No,39,1,filler,none,24,correct
No,No,39,1,filler,none,24,correct
No,No,39,1,filler,none,24,correct
No,No,39,1,filler,none,24,correct
No,No,39,1,filler,none,24,correct
No,No,39,1,filler,none,24,correct
No,No,39,1,filler,none,24,correct
No,No,39,1,filler,none,24,correct
No,No,39,1,filler,none,24,correct
No,No,39,1,filler,none,24,correct
No,No,39,1,filler,none,24,correct
Yes,Yes,43,1,filler,none,24,correct
Yes,Yes,43,1,filler,none,24,correct
Yes,Yes,43,1,filler,none,24,correct
Yes,Yes,43,1,filler,none,24,correct
Yes,Yes,43,1,filler,none,24,correct
Yes,Yes,43,1,filler,none,24,correct
Yes,Yes,43,1,filler,none,24,correct
Yes,Yes,43,1,filler,none,24,correct
Yes,Yes,43,1,filler,none,24,correct
Yes,Yes,43,1,filler,none,24,correct
Yes,Yes,43,1,filler,none,24,correct
No,No,44,1,filler,none,24,correct
No,No,44,1,filler,none,24,correct
No,No,44,1,filler,none,24,correct
No,No,44,1,filler,none,24,correct
No,No,44,1,filler,none,24,correct
No,No,44,1,filler,none,24,correct
No,No,44,1,filler,none,24,correct
No,No,44,1,filler,none,24,correct
No,No,44,1,filler,none,24,correct
No,No,44,1,filler,none,24,correct
No,No,44,1,filler,none,24,correct
No,No,46,1,filler,none,24,correct
No,No,46,1,filler,none,24,correct
No,No,46,1,filler,none,24,correct
No,No,46,1,filler,none,24,correct
No,No,46,1,filler,none,24,correct
No,No,46,1,filler,none,24,correct
No,No,46,1,filler,none,24,correct
No,No,46,1,filler,none,24,correct
No,No,46,1,filler,none,24,correct
No,No,46,1,filler,none,24,correct
No,No,46,1,filler,none,24,correct
Yes,Yes,48,1,filler,none,24,correct
Yes,Yes,48,1,filler,none,24,correct
Yes,Yes,48,1,filler,none,24,correct
Yes,Yes,48,1,filler,none,24,correct
Yes,Yes,48,1,filler,none,24,correct
Yes,Yes,48,1,filler,none,24,correct
Yes,Yes,48,1,filler,none,24,correct
Yes,Yes,48,1,filler,none,24,correct
Yes,Yes,48,1,filler,none,24,correct
Yes,Yes,48,1,filler,none,24,correct
Yes,Yes,48,1,filler,none,24,correct
Yes,No,50,1,filler,none,24,incorrect
Yes,No,50,1,filler,none,24,incorrect
Yes,No,50,1,filler,none,24,incorrect
Yes,No,50,1,filler,none,24,incorrect
Yes,No,50,1,filler,none,24,incorrect
Yes,No,50,1,filler,none,24,incorrect
Yes,No,50,1,filler,none,24,incorrect
Yes,No,50,1,filler,none,24,incorrect
Yes,No,50,1,filler,none,24,incorrect
Yes,No,50,1,filler,none,24,incorrect
Yes,No,50,1,filler,none,24,incorrect
Yes,Yes,52,1,filler,none,24,correct
Yes,Yes,52,1,filler,none,24,correct
Yes,Yes,52,1,filler,none,24,correct
Yes,Yes,52,1,filler,none,24,correct
Yes,Yes,52,1,filler,none,24,correct
Yes,Yes,52,1,filler,none,24,correct
Yes,Yes,52,1,filler,none,24,correct
Yes,Yes,52,1,filler,none,24,correct
Yes,Yes,52,1,filler,none,24,correct
Yes,Yes,52,1,filler,none,24,correct
Yes,Yes,52,1,filler,none,24,correct
No,No,53,1,filler,none,24,correct
No,No,53,1,filler,none,24,correct
No,No,53,1,filler,none,24,correct
No,No,53,1,filler,none,24,correct
No,No,53,1,filler,none,24,correct
No,No,53,1,filler,none,24,correct
No,No,53,1,filler,none,24,correct
No,No,53,1,filler,none,24,correct
No,No,53,1,filler,none,24,correct
No,No,53,1,filler,none,24,correct
No,No,53,1,filler,none,24,correct
Yes,Yes,58,1,filler,none,24,correct
Yes,Yes,58,1,filler,none,24,correct
Yes,Yes,58,1,filler,none,24,correct
Yes,Yes,58,1,filler,none,24,correct
Yes,Yes,58,1,filler,none,24,correct
Yes,Yes,58,1,filler,none,24,correct
Yes,Yes,58,1,filler,none,24,correct
Yes,Yes,58,1,filler,none,24,correct
Yes,Yes,58,1,filler,none,24,correct
Yes,Yes,58,1,filler,none,24,correct
Yes,Yes,58,1,filler,none,24,correct
Yes,Yes,58,1,filler,none,24,correct
No,No,59,1,filler,none,24,correct
No,No,59,1,filler,none,24,correct
No,No,59,1,filler,none,24,correct
No,No,59,1,filler,none,24,correct
No,No,59,1,filler,none,24,correct
No,No,59,1,filler,none,24,correct
No,No,59,1,filler,none,24,correct
No,No,59,1,filler,none,24,correct
No,No,59,1,filler,none,24,correct
No,No,59,1,filler,none,24,correct
No,No,59,1,filler,none,24,correct
No,No,59,1,filler,none,24,correct
No,No,59,1,filler,none,24,correct
No,No,62,1,filler,none,24,correct
No,No,62,1,filler,none,24,correct
No,No,62,1,filler,none,24,correct
No,No,62,1,filler,none,24,correct
No,No,62,1,filler,none,24,correct
No,No,62,1,filler,none,24,correct
No,No,62,1,filler,none,24,correct
No,No,62,1,filler,none,24,correct
No,No,62,1,filler,none,24,correct
No,No,62,1,filler,none,24,correct
No,No,62,1,filler,none,24,correct
No,No,62,1,filler,none,24,correct
Yes,Yes,64,1,filler,none,24,correct
Yes,Yes,64,1,filler,none,24,correct
Yes,Yes,64,1,filler,none,24,correct
Yes,Yes,64,1,filler,none,24,correct
Yes,Yes,64,1,filler,none,24,correct
Yes,Yes,64,1,filler,none,24,correct
Yes,Yes,64,1,filler,none,24,correct
Yes,Yes,64,1,filler,none,24,correct
Yes,Yes,64,1,filler,none,24,correct
Yes,Yes,64,1,filler,none,24,correct
Yes,Yes,64,1,filler,none,24,correct
Yes,Yes,64,1,filler,none,24,correct
No,No,66,1,filler,none,24,correct
No,No,66,1,filler,none,24,correct
No,No,66,1,filler,none,24,correct
No,No,66,1,filler,none,24,correct
No,No,66,1,filler,none,24,correct
No,No,66,1,filler,none,24,correct
No,No,66,1,filler,none,24,correct
No,No,66,1,filler,none,24,correct
No,No,66,1,filler,none,24,correct
No,No,66,1,filler,none,24,correct
No,No,66,1,filler,none,24,correct
No,No,66,1,filler,none,24,correct
No,No,68,1,filler,none,24,correct
No,No,68,1,filler,none,24,correct
No,No,68,1,filler,none,24,correct
No,No,68,1,filler,none,24,correct
No,No,68,1,filler,none,24,correct
No,No,68,1,filler,none,24,correct
No,No,68,1,filler,none,24,correct
No,No,68,1,filler,none,24,correct
No,No,68,1,filler,none,24,correct
No,No,68,1,filler,none,24,correct
No,No,68,1,filler,none,24,correct
No,No,68,1,filler,none,24,correct
Yes,Yes,72,1,filler,none,24,correct
Yes,Yes,72,1,filler,none,24,correct
Yes,Yes,72,1,filler,none,24,correct
Yes,Yes,72,1,filler,none,24,correct
Yes,Yes,72,1,filler,none,24,correct
Yes,Yes,72,1,filler,none,24,correct
Yes,Yes,72,1,filler,none,24,correct
Yes,Yes,72,1,filler,none,24,correct
Yes,Yes,72,1,filler,none,24,correct
Yes,Yes,72,1,filler,none,24,correct
Yes,Yes,72,1,filler,none,24,correct
Yes,Yes,72,1,filler,none,24,correct
Yes,No,73,1,filler,none,24,incorrect
Yes,No,73,1,filler,none,24,incorrect
Yes,No,73,1,filler,none,24,incorrect
Yes,No,73,1,filler,none,24,incorrect
Yes,No,73,1,filler,none,24,incorrect
Yes,No,73,1,filler,none,24,incorrect
Yes,No,73,1,filler,none,24,incorrect
Yes,No,73,1,filler,none,24,incorrect
Yes,No,73,1,filler,none,24,incorrect
Yes,No,73,1,filler,none,24,incorrect
Yes,No,73,1,filler,none,24,incorrect
Yes,No,73,1,filler,none,24,incorrect
Yes,No,73,1,filler,none,24,incorrect
Yes,Yes,74,1,filler,none,24,correct
Yes,Yes,74,1,filler,none,24,correct
Yes,Yes,74,1,filler,none,24,correct
Yes,Yes,74,1,filler,none,24,correct
Yes,Yes,74,1,filler,none,24,correct
Yes,Yes,74,1,filler,none,24,correct
Yes,Yes,74,1,filler,none,24,correct
Yes,Yes,74,1,filler,none,24,correct
Yes,Yes,74,1,filler,none,24,correct
Yes,Yes,74,1,filler,none,24,correct
Yes,Yes,74,1,filler,none,24,correct
Yes,Yes,74,1,filler,none,24,correct
Yes,Yes,74,1,filler,none,24,correct
Yes,Yes,75,1,filler,none,24,correct
Yes,Yes,75,1,filler,none,24,correct
Yes,Yes,75,1,filler,none,24,correct
Yes,Yes,75,1,filler,none,24,correct
Yes,Yes,75,1,filler,none,24,correct
Yes,Yes,75,1,filler,none,24,correct
Yes,Yes,75,1,filler,none,24,correct
Yes,Yes,75,1,filler,none,24,correct
Yes,Yes,75,1,filler,none,24,correct
Yes,Yes,75,1,filler,none,24,correct
Yes,Yes,75,1,filler,none,24,correct
Yes,Yes,75,1,filler,none,24,correct
Yes,Yes,75,1,filler,none,24,correct
Yes,Yes,77,1,filler,none,24,correct
Yes,Yes,77,1,filler,none,24,correct
Yes,Yes,77,1,filler,none,24,correct
Yes,Yes,77,1,filler,none,24,correct
Yes,Yes,77,1,filler,none,24,correct
Yes,Yes,77,1,filler,none,24,correct
Yes,Yes,77,1,filler,none,24,correct
Yes,Yes,77,1,filler,none,24,correct
Yes,Yes,77,1,filler,none,24,correct
Yes,Yes,77,1,filler,none,24,correct
Yes,Yes,77,1,filler,none,24,correct
Yes,Yes,77,1,filler,none,24,correct
Yes,Yes,77,1,filler,none,24,correct
No,No,78,1,filler,none,24,correct
No,No,78,1,filler,none,24,correct
No,No,78,1,filler,none,24,correct
No,No,78,1,filler,none,24,correct
No,No,78,1,filler,none,24,correct
No,No,78,1,filler,none,24,correct
No,No,78,1,filler,none,24,correct
No,No,78,1,filler,none,24,correct
No,No,78,1,filler,none,24,correct
No,No,78,1,filler,none,24,correct
No,No,78,1,filler,none,24,correct
No,No,78,1,filler,none,24,correct
No,No,78,1,filler,none,24,correct
No,No,80,1,filler,none,24,correct
No,No,80,1,filler,none,24,correct
No,No,80,1,filler,none,24,correct
No,No,80,1,filler,none,24,correct
No,No,80,1,filler,none,24,correct
No,No,80,1,filler,none,24,correct
No,No,80,1,filler,none,24,correct
No,No,80,1,filler,none,24,correct
No,No,80,1,filler,none,24,correct
No,No,80,1,filler,none,24,correct
No,No,80,1,filler,none,24,correct
No,No,80,1,filler,none,24,correct
No,No,80,1,filler,none,24,correct
No,No,82,1,filler,none,24,correct
No,No,82,1,filler,none,24,correct
No,No,82,1,filler,none,24,correct
No,No,82,1,filler,none,24,correct
No,No,82,1,filler,none,24,correct
No,No,82,1,filler,none,24,correct
No,No,82,1,filler,none,24,correct
No,No,82,1,filler,none,24,correct
No,No,82,1,filler,none,24,correct
No,No,82,1,filler,none,24,correct
No,No,82,1,filler,none,24,correct
No,No,82,1,filler,none,24,correct
No,No,82,1,filler,none,24,correct
No,No,84,1,filler,none,24,correct
No,No,84,1,filler,none,24,correct
No,No,84,1,filler,none,24,correct
No,No,84,1,filler,none,24,correct
No,No,84,1,filler,none,24,correct
No,No,84,1,filler,none,24,correct
No,No,84,1,filler,none,24,correct
No,No,84,1,filler,none,24,correct
No,No,84,1,filler,none,24,correct
No,No,84,1,filler,none,24,correct
No,No,84,1,filler,none,24,correct
No,No,84,1,filler,none,24,correct
No,No,84,1,filler,none,24,correct
No,No,87,1,filler,none,24,correct
No,No,87,1,filler,none,24,correct
No,No,87,1,filler,none,24,correct
No,No,87,1,filler,none,24,correct
No,No,87,1,filler,none,24,correct
No,No,87,1,filler,none,24,correct
No,No,87,1,filler,none,24,correct
No,No,87,1,filler,none,24,correct
No,No,87,1,filler,none,24,correct
No,No,87,1,filler,none,24,correct
No,No,87,1,filler,none,24,correct
No,No,87,1,filler,none,24,correct
No,No,87,1,filler,none,24,correct
No,No,89,1,filler,none,24,correct
No,No,89,1,filler,none,24,correct
No,No,89,1,filler,none,24,correct
No,No,89,1,filler,none,24,correct
No,No,89,1,filler,none,24,correct
No,No,89,1,filler,none,24,correct
No,No,89,1,filler,none,24,correct
No,No,89,1,filler,none,24,correct
No,No,89,1,filler,none,24,correct
No,No,89,1,filler,none,24,correct
No,No,89,1,filler,none,24,correct
No,No,89,1,filler,none,24,correct
No,No,89,1,filler,none,24,correct
Yes,Yes,1,2,move,unacc,25,correct
Yes,Yes,1,2,move,unacc,25,correct
Yes,Yes,1,2,move,unacc,25,correct
Yes,Yes,1,2,move,unacc,25,correct
Yes,Yes,1,2,move,unacc,25,correct
Yes,Yes,2,2,move,CP,25,correct
Yes,Yes,2,2,move,CP,25,correct
Yes,Yes,2,2,move,CP,25,correct
Yes,Yes,2,2,move,CP,25,correct
Yes,Yes,2,2,move,CP,25,correct
No,No,5,2,nomove,CP,25,correct
No,No,5,2,nomove,CP,25,correct
No,No,5,2,nomove,CP,25,correct
No,No,5,2,nomove,CP,25,correct
No,No,5,2,nomove,CP,25,correct
Yes,Yes,6,2,move,DP,25,correct
Yes,Yes,6,2,move,DP,25,correct
Yes,Yes,6,2,move,DP,25,correct
Yes,Yes,6,2,move,DP,25,correct
Yes,Yes,6,2,move,DP,25,correct
Yes,Yes,7,2,move,unacc,25,correct
Yes,Yes,7,2,move,unacc,25,correct
Yes,Yes,7,2,move,unacc,25,correct
Yes,Yes,7,2,move,unacc,25,correct
Yes,Yes,7,2,move,unacc,25,correct
Yes,Yes,11,2,nomove,CP,25,correct
Yes,Yes,11,2,nomove,CP,25,correct
Yes,Yes,11,2,nomove,CP,25,correct
Yes,Yes,11,2,nomove,CP,25,correct
Yes,Yes,11,2,nomove,CP,25,correct
Yes,Yes,13,2,move,unacc,25,correct
Yes,Yes,13,2,move,unacc,25,correct
Yes,Yes,13,2,move,unacc,25,correct
Yes,Yes,13,2,move,unacc,25,correct
Yes,Yes,13,2,move,unacc,25,correct
Yes,Yes,14,2,move,CP,25,correct
Yes,Yes,14,2,move,CP,25,correct
Yes,Yes,14,2,move,CP,25,correct
Yes,Yes,14,2,move,CP,25,correct
Yes,Yes,14,2,move,CP,25,correct
Yes,Yes,17,2,nomove,unacc,25,correct
Yes,Yes,17,2,nomove,unacc,25,correct
Yes,Yes,17,2,nomove,unacc,25,correct
Yes,Yes,17,2,nomove,unacc,25,correct
Yes,Yes,17,2,nomove,unacc,25,correct
Yes,Yes,19,2,move,unacc,25,correct
Yes,Yes,19,2,move,unacc,25,correct
Yes,Yes,19,2,move,unacc,25,correct
Yes,Yes,19,2,move,unacc,25,correct
Yes,Yes,19,2,move,unacc,25,correct
Yes,Yes,21,2,nomove,DP,25,correct
Yes,Yes,21,2,nomove,DP,25,correct
Yes,Yes,21,2,nomove,DP,25,correct
Yes,Yes,21,2,nomove,DP,25,correct
Yes,Yes,21,2,nomove,DP,25,correct
Yes,Yes,22,2,nomove,unacc,25,correct
Yes,Yes,22,2,nomove,unacc,25,correct
Yes,Yes,22,2,nomove,unacc,25,correct
Yes,Yes,22,2,nomove,unacc,25,correct
Yes,Yes,22,2,nomove,unacc,25,correct
No,No,25,2,move,unacc,25,correct
No,No,25,2,move,unacc,25,correct
No,No,25,2,move,unacc,25,correct
No,No,25,2,move,unacc,25,correct
No,No,25,2,move,unacc,25,correct
Yes,Yes,30,2,move,DP,25,correct
Yes,Yes,30,2,move,DP,25,correct
Yes,Yes,30,2,move,DP,25,correct
Yes,Yes,30,2,move,DP,25,correct
Yes,Yes,30,2,move,DP,25,correct
No,No,31,2,move,unacc,25,correct
No,No,31,2,move,unacc,25,correct
No,No,31,2,move,unacc,25,correct
No,No,31,2,move,unacc,25,correct
No,No,31,2,move,unacc,25,correct
Yes,Yes,32,2,move,CP,25,correct
Yes,Yes,32,2,move,CP,25,correct
Yes,Yes,32,2,move,CP,25,correct
Yes,Yes,32,2,move,CP,25,correct
Yes,Yes,32,2,move,CP,25,correct
No,No,33,2,nomove,DP,25,correct
No,No,33,2,nomove,DP,25,correct
No,No,33,2,nomove,DP,25,correct
No,No,33,2,nomove,DP,25,correct
No,No,33,2,nomove,DP,25,correct
Yes,Yes,35,2,nomove,CP,25,correct
Yes,Yes,35,2,nomove,CP,25,correct
Yes,Yes,35,2,nomove,CP,25,correct
Yes,Yes,35,2,nomove,CP,25,correct
Yes,Yes,35,2,nomove,CP,25,correct
No,No,37,2,filler,none,25,correct
No,No,37,2,filler,none,25,correct
No,No,37,2,filler,none,25,correct
No,No,37,2,filler,none,25,correct
No,No,37,2,filler,none,25,correct
No,No,37,2,filler,none,25,correct
No,No,37,2,filler,none,25,correct
No,No,37,2,filler,none,25,correct
No,No,37,2,filler,none,25,correct
No,No,37,2,filler,none,25,correct
No,No,37,2,filler,none,25,correct
No,No,38,2,filler,none,25,correct
No,No,38,2,filler,none,25,correct
No,No,38,2,filler,none,25,correct
No,No,38,2,filler,none,25,correct
No,No,38,2,filler,none,25,correct
No,No,38,2,filler,none,25,correct
No,No,38,2,filler,none,25,correct
No,No,38,2,filler,none,25,correct
No,No,38,2,filler,none,25,correct
No,No,38,2,filler,none,25,correct
No,No,38,2,filler,none,25,correct
No,No,39,2,filler,none,25,correct
No,No,39,2,filler,none,25,correct
No,No,39,2,filler,none,25,correct
No,No,39,2,filler,none,25,correct
No,No,39,2,filler,none,25,correct
No,No,39,2,filler,none,25,correct
No,No,39,2,filler,none,25,correct
No,No,39,2,filler,none,25,correct
No,No,39,2,filler,none,25,correct
No,No,39,2,filler,none,25,correct
No,No,39,2,filler,none,25,correct
Yes,Yes,43,2,filler,none,25,correct
Yes,Yes,43,2,filler,none,25,correct
Yes,Yes,43,2,filler,none,25,correct
Yes,Yes,43,2,filler,none,25,correct
Yes,Yes,43,2,filler,none,25,correct
Yes,Yes,43,2,filler,none,25,correct
Yes,Yes,43,2,filler,none,25,correct
Yes,Yes,43,2,filler,none,25,correct
Yes,Yes,43,2,filler,none,25,correct
Yes,Yes,43,2,filler,none,25,correct
Yes,Yes,43,2,filler,none,25,correct
No,No,44,2,filler,none,25,correct
No,No,44,2,filler,none,25,correct
No,No,44,2,filler,none,25,correct
No,No,44,2,filler,none,25,correct
No,No,44,2,filler,none,25,correct
No,No,44,2,filler,none,25,correct
No,No,44,2,filler,none,25,correct
No,No,44,2,filler,none,25,correct
No,No,44,2,filler,none,25,correct
No,No,44,2,filler,none,25,correct
No,No,44,2,filler,none,25,correct
No,No,46,2,filler,none,25,correct
No,No,46,2,filler,none,25,correct
No,No,46,2,filler,none,25,correct
No,No,46,2,filler,none,25,correct
No,No,46,2,filler,none,25,correct
No,No,46,2,filler,none,25,correct
No,No,46,2,filler,none,25,correct
No,No,46,2,filler,none,25,correct
No,No,46,2,filler,none,25,correct
No,No,46,2,filler,none,25,correct
No,No,46,2,filler,none,25,correct
Yes,Yes,48,2,filler,none,25,correct
Yes,Yes,48,2,filler,none,25,correct
Yes,Yes,48,2,filler,none,25,correct
Yes,Yes,48,2,filler,none,25,correct
Yes,Yes,48,2,filler,none,25,correct
Yes,Yes,48,2,filler,none,25,correct
Yes,Yes,48,2,filler,none,25,correct
Yes,Yes,48,2,filler,none,25,correct
Yes,Yes,48,2,filler,none,25,correct
Yes,Yes,48,2,filler,none,25,correct
Yes,Yes,48,2,filler,none,25,correct
No,No,50,2,filler,none,25,correct
No,No,50,2,filler,none,25,correct
No,No,50,2,filler,none,25,correct
No,No,50,2,filler,none,25,correct
No,No,50,2,filler,none,25,correct
No,No,50,2,filler,none,25,correct
No,No,50,2,filler,none,25,correct
No,No,50,2,filler,none,25,correct
No,No,50,2,filler,none,25,correct
No,No,50,2,filler,none,25,correct
No,No,50,2,filler,none,25,correct
Yes,Yes,52,2,filler,none,25,correct
Yes,Yes,52,2,filler,none,25,correct
Yes,Yes,52,2,filler,none,25,correct
Yes,Yes,52,2,filler,none,25,correct
Yes,Yes,52,2,filler,none,25,correct
Yes,Yes,52,2,filler,none,25,correct
Yes,Yes,52,2,filler,none,25,correct
Yes,Yes,52,2,filler,none,25,correct
Yes,Yes,52,2,filler,none,25,correct
Yes,Yes,52,2,filler,none,25,correct
Yes,Yes,52,2,filler,none,25,correct
No,No,53,2,filler,none,25,correct
No,No,53,2,filler,none,25,correct
No,No,53,2,filler,none,25,correct
No,No,53,2,filler,none,25,correct
No,No,53,2,filler,none,25,correct
No,No,53,2,filler,none,25,correct
No,No,53,2,filler,none,25,correct
No,No,53,2,filler,none,25,correct
No,No,53,2,filler,none,25,correct
No,No,53,2,filler,none,25,correct
No,No,53,2,filler,none,25,correct
Yes,Yes,58,2,filler,none,25,correct
Yes,Yes,58,2,filler,none,25,correct
Yes,Yes,58,2,filler,none,25,correct
Yes,Yes,58,2,filler,none,25,correct
Yes,Yes,58,2,filler,none,25,correct
Yes,Yes,58,2,filler,none,25,correct
Yes,Yes,58,2,filler,none,25,correct
Yes,Yes,58,2,filler,none,25,correct
Yes,Yes,58,2,filler,none,25,correct
Yes,Yes,58,2,filler,none,25,correct
Yes,Yes,58,2,filler,none,25,correct
Yes,Yes,58,2,filler,none,25,correct
No,No,59,2,filler,none,25,correct
No,No,59,2,filler,none,25,correct
No,No,59,2,filler,none,25,correct
No,No,59,2,filler,none,25,correct
No,No,59,2,filler,none,25,correct
No,No,59,2,filler,none,25,correct
No,No,59,2,filler,none,25,correct
No,No,59,2,filler,none,25,correct
No,No,59,2,filler,none,25,correct
No,No,59,2,filler,none,25,correct
No,No,59,2,filler,none,25,correct
No,No,59,2,filler,none,25,correct
No,No,59,2,filler,none,25,correct
No,No,62,2,filler,none,25,correct
No,No,62,2,filler,none,25,correct
No,No,62,2,filler,none,25,correct
No,No,62,2,filler,none,25,correct
No,No,62,2,filler,none,25,correct
No,No,62,2,filler,none,25,correct
No,No,62,2,filler,none,25,correct
No,No,62,2,filler,none,25,correct
No,No,62,2,filler,none,25,correct
No,No,62,2,filler,none,25,correct
No,No,62,2,filler,none,25,correct
No,No,62,2,filler,none,25,correct
Yes,Yes,64,2,filler,none,25,correct
Yes,Yes,64,2,filler,none,25,correct
Yes,Yes,64,2,filler,none,25,correct
Yes,Yes,64,2,filler,none,25,correct
Yes,Yes,64,2,filler,none,25,correct
Yes,Yes,64,2,filler,none,25,correct
Yes,Yes,64,2,filler,none,25,correct
Yes,Yes,64,2,filler,none,25,correct
Yes,Yes,64,2,filler,none,25,correct
Yes,Yes,64,2,filler,none,25,correct
Yes,Yes,64,2,filler,none,25,correct
Yes,Yes,64,2,filler,none,25,correct
No,No,66,2,filler,none,25,correct
No,No,66,2,filler,none,25,correct
No,No,66,2,filler,none,25,correct
No,No,66,2,filler,none,25,correct
No,No,66,2,filler,none,25,correct
No,No,66,2,filler,none,25,correct
No,No,66,2,filler,none,25,correct
No,No,66,2,filler,none,25,correct
No,No,66,2,filler,none,25,correct
No,No,66,2,filler,none,25,correct
No,No,66,2,filler,none,25,correct
No,No,66,2,filler,none,25,correct
No,No,68,2,filler,none,25,correct
No,No,68,2,filler,none,25,correct
No,No,68,2,filler,none,25,correct
No,No,68,2,filler,none,25,correct
No,No,68,2,filler,none,25,correct
No,No,68,2,filler,none,25,correct
No,No,68,2,filler,none,25,correct
No,No,68,2,filler,none,25,correct
No,No,68,2,filler,none,25,correct
No,No,68,2,filler,none,25,correct
No,No,68,2,filler,none,25,correct
No,No,68,2,filler,none,25,correct
No,No,69,2,filler,none,25,correct
No,No,69,2,filler,none,25,correct
No,No,69,2,filler,none,25,correct
No,No,69,2,filler,none,25,correct
No,No,69,2,filler,none,25,correct
No,No,69,2,filler,none,25,correct
No,No,69,2,filler,none,25,correct
No,No,69,2,filler,none,25,correct
No,No,69,2,filler,none,25,correct
No,No,69,2,filler,none,25,correct
No,No,69,2,filler,none,25,correct
No,No,69,2,filler,none,25,correct
Yes,Yes,72,2,filler,none,25,correct
Yes,Yes,72,2,filler,none,25,correct
Yes,Yes,72,2,filler,none,25,correct
Yes,Yes,72,2,filler,none,25,correct
Yes,Yes,72,2,filler,none,25,correct
Yes,Yes,72,2,filler,none,25,correct
Yes,Yes,72,2,filler,none,25,correct
Yes,Yes,72,2,filler,none,25,correct
Yes,Yes,72,2,filler,none,25,correct
Yes,Yes,72,2,filler,none,25,correct
Yes,Yes,72,2,filler,none,25,correct
Yes,Yes,72,2,filler,none,25,correct
No,No,73,2,filler,none,25,correct
No,No,73,2,filler,none,25,correct
No,No,73,2,filler,none,25,correct
No,No,73,2,filler,none,25,correct
No,No,73,2,filler,none,25,correct
No,No,73,2,filler,none,25,correct
No,No,73,2,filler,none,25,correct
No,No,73,2,filler,none,25,correct
No,No,73,2,filler,none,25,correct
No,No,73,2,filler,none,25,correct
No,No,73,2,filler,none,25,correct
No,No,73,2,filler,none,25,correct
No,No,73,2,filler,none,25,correct
Yes,Yes,74,2,filler,none,25,correct
Yes,Yes,74,2,filler,none,25,correct
Yes,Yes,74,2,filler,none,25,correct
Yes,Yes,74,2,filler,none,25,correct
Yes,Yes,74,2,filler,none,25,correct
Yes,Yes,74,2,filler,none,25,correct
Yes,Yes,74,2,filler,none,25,correct
Yes,Yes,74,2,filler,none,25,correct
Yes,Yes,74,2,filler,none,25,correct
Yes,Yes,74,2,filler,none,25,correct
Yes,Yes,74,2,filler,none,25,correct
Yes,Yes,74,2,filler,none,25,correct
Yes,Yes,74,2,filler,none,25,correct
Yes,Yes,75,2,filler,none,25,correct
Yes,Yes,75,2,filler,none,25,correct
Yes,Yes,75,2,filler,none,25,correct
Yes,Yes,75,2,filler,none,25,correct
Yes,Yes,75,2,filler,none,25,correct
Yes,Yes,75,2,filler,none,25,correct
Yes,Yes,75,2,filler,none,25,correct
Yes,Yes,75,2,filler,none,25,correct
Yes,Yes,75,2,filler,none,25,correct
Yes,Yes,75,2,filler,none,25,correct
Yes,Yes,75,2,filler,none,25,correct
Yes,Yes,75,2,filler,none,25,correct
Yes,Yes,75,2,filler,none,25,correct
Yes,Yes,77,2,filler,none,25,correct
Yes,Yes,77,2,filler,none,25,correct
Yes,Yes,77,2,filler,none,25,correct
Yes,Yes,77,2,filler,none,25,correct
Yes,Yes,77,2,filler,none,25,correct
Yes,Yes,77,2,filler,none,25,correct
Yes,Yes,77,2,filler,none,25,correct
Yes,Yes,77,2,filler,none,25,correct
Yes,Yes,77,2,filler,none,25,correct
Yes,Yes,77,2,filler,none,25,correct
Yes,Yes,77,2,filler,none,25,correct
Yes,Yes,77,2,filler,none,25,correct
Yes,Yes,77,2,filler,none,25,correct
No,No,78,2,filler,none,25,correct
No,No,78,2,filler,none,25,correct
No,No,78,2,filler,none,25,correct
No,No,78,2,filler,none,25,correct
No,No,78,2,filler,none,25,correct
No,No,78,2,filler,none,25,correct
No,No,78,2,filler,none,25,correct
No,No,78,2,filler,none,25,correct
No,No,78,2,filler,none,25,correct
No,No,78,2,filler,none,25,correct
No,No,78,2,filler,none,25,correct
No,No,78,2,filler,none,25,correct
No,No,78,2,filler,none,25,correct
No,No,80,2,filler,none,25,correct
No,No,80,2,filler,none,25,correct
No,No,80,2,filler,none,25,correct
No,No,80,2,filler,none,25,correct
No,No,80,2,filler,none,25,correct
No,No,80,2,filler,none,25,correct
No,No,80,2,filler,none,25,correct
No,No,80,2,filler,none,25,correct
No,No,80,2,filler,none,25,correct
No,No,80,2,filler,none,25,correct
No,No,80,2,filler,none,25,correct
No,No,80,2,filler,none,25,correct
No,No,80,2,filler,none,25,correct
No,No,82,2,filler,none,25,correct
No,No,82,2,filler,none,25,correct
No,No,82,2,filler,none,25,correct
No,No,82,2,filler,none,25,correct
No,No,82,2,filler,none,25,correct
No,No,82,2,filler,none,25,correct
No,No,82,2,filler,none,25,correct
No,No,82,2,filler,none,25,correct
No,No,82,2,filler,none,25,correct
No,No,82,2,filler,none,25,correct
No,No,82,2,filler,none,25,correct
No,No,82,2,filler,none,25,correct
No,No,82,2,filler,none,25,correct
No,No,84,2,filler,none,25,correct
No,No,84,2,filler,none,25,correct
No,No,84,2,filler,none,25,correct
No,No,84,2,filler,none,25,correct
No,No,84,2,filler,none,25,correct
No,No,84,2,filler,none,25,correct
No,No,84,2,filler,none,25,correct
No,No,84,2,filler,none,25,correct
No,No,84,2,filler,none,25,correct
No,No,84,2,filler,none,25,correct
No,No,84,2,filler,none,25,correct
No,No,84,2,filler,none,25,correct
No,No,84,2,filler,none,25,correct
No,No,87,2,filler,none,25,correct
No,No,87,2,filler,none,25,correct
No,No,87,2,filler,none,25,correct
No,No,87,2,filler,none,25,correct
No,No,87,2,filler,none,25,correct
No,No,87,2,filler,none,25,correct
No,No,87,2,filler,none,25,correct
No,No,87,2,filler,none,25,correct
No,No,87,2,filler,none,25,correct
No,No,87,2,filler,none,25,correct
No,No,87,2,filler,none,25,correct
No,No,87,2,filler,none,25,correct
No,No,87,2,filler,none,25,correct
No,No,89,2,filler,none,25,correct
No,No,89,2,filler,none,25,correct
No,No,89,2,filler,none,25,correct
No,No,89,2,filler,none,25,correct
No,No,89,2,filler,none,25,correct
No,No,89,2,filler,none,25,correct
No,No,89,2,filler,none,25,correct
No,No,89,2,filler,none,25,correct
No,No,89,2,filler,none,25,correct
No,No,89,2,filler,none,25,correct
No,No,89,2,filler,none,25,correct
No,No,89,2,filler,none,25,correct
No,No,89,2,filler,none,25,correct
Yes,Yes,1,3,move,DP,26,correct
Yes,Yes,1,3,move,DP,26,correct
Yes,Yes,1,3,move,DP,26,correct
Yes,Yes,1,3,move,DP,26,correct
Yes,Yes,1,3,move,DP,26,correct
Yes,Yes,2,3,move,unacc,26,correct
Yes,Yes,2,3,move,unacc,26,correct
Yes,Yes,2,3,move,unacc,26,correct
Yes,Yes,2,3,move,unacc,26,correct
Yes,Yes,2,3,move,unacc,26,correct
No,No,5,3,nomove,unacc,26,correct
No,No,5,3,nomove,unacc,26,correct
No,No,5,3,nomove,unacc,26,correct
No,No,5,3,nomove,unacc,26,correct
No,No,5,3,nomove,unacc,26,correct
Yes,Yes,6,3,nomove,CP,26,correct
Yes,Yes,6,3,nomove,CP,26,correct
Yes,Yes,6,3,nomove,CP,26,correct
Yes,Yes,6,3,nomove,CP,26,correct
Yes,Yes,6,3,nomove,CP,26,correct
Yes,Yes,7,3,move,DP,26,correct
Yes,Yes,7,3,move,DP,26,correct
Yes,Yes,7,3,move,DP,26,correct
Yes,Yes,7,3,move,DP,26,correct
Yes,Yes,7,3,move,DP,26,correct
Yes,Yes,11,3,nomove,unacc,26,correct
Yes,Yes,11,3,nomove,unacc,26,correct
Yes,Yes,11,3,nomove,unacc,26,correct
Yes,Yes,11,3,nomove,unacc,26,correct
Yes,Yes,11,3,nomove,unacc,26,correct
Yes,Yes,13,3,move,DP,26,correct
Yes,Yes,13,3,move,DP,26,correct
Yes,Yes,13,3,move,DP,26,correct
Yes,Yes,13,3,move,DP,26,correct
Yes,Yes,13,3,move,DP,26,correct
Yes,Yes,14,3,move,unacc,26,correct
Yes,Yes,14,3,move,unacc,26,correct
Yes,Yes,14,3,move,unacc,26,correct
Yes,Yes,14,3,move,unacc,26,correct
Yes,Yes,14,3,move,unacc,26,correct
Yes,Yes,17,3,nomove,DP,26,correct
Yes,Yes,17,3,nomove,DP,26,correct
Yes,Yes,17,3,nomove,DP,26,correct
Yes,Yes,17,3,nomove,DP,26,correct
Yes,Yes,17,3,nomove,DP,26,correct
Yes,Yes,19,3,move,DP,26,correct
Yes,Yes,19,3,move,DP,26,correct
Yes,Yes,19,3,move,DP,26,correct
Yes,Yes,19,3,move,DP,26,correct
Yes,Yes,19,3,move,DP,26,correct
Yes,Yes,21,3,move,CP,26,correct
Yes,Yes,21,3,move,CP,26,correct
Yes,Yes,21,3,move,CP,26,correct
Yes,Yes,21,3,move,CP,26,correct
Yes,Yes,21,3,move,CP,26,correct
No,Yes,22,3,nomove,DP,26,incorrect
No,Yes,22,3,nomove,DP,26,incorrect
No,Yes,22,3,nomove,DP,26,incorrect
No,Yes,22,3,nomove,DP,26,incorrect
No,Yes,22,3,nomove,DP,26,incorrect
No,No,25,3,move,DP,26,correct
No,No,25,3,move,DP,26,correct
No,No,25,3,move,DP,26,correct
No,No,25,3,move,DP,26,correct
No,No,25,3,move,DP,26,correct
Yes,Yes,30,3,nomove,CP,26,correct
Yes,Yes,30,3,nomove,CP,26,correct
Yes,Yes,30,3,nomove,CP,26,correct
Yes,Yes,30,3,nomove,CP,26,correct
Yes,Yes,30,3,nomove,CP,26,correct
No,No,31,3,move,DP,26,correct
No,No,31,3,move,DP,26,correct
No,No,31,3,move,DP,26,correct
No,No,31,3,move,DP,26,correct
No,No,31,3,move,DP,26,correct
Yes,Yes,32,3,move,unacc,26,correct
Yes,Yes,32,3,move,unacc,26,correct
Yes,Yes,32,3,move,unacc,26,correct
Yes,Yes,32,3,move,unacc,26,correct
Yes,Yes,32,3,move,unacc,26,correct
No,No,33,3,move,CP,26,correct
No,No,33,3,move,CP,26,correct
No,No,33,3,move,CP,26,correct
No,No,33,3,move,CP,26,correct
No,No,33,3,move,CP,26,correct
Yes,Yes,35,3,nomove,unacc,26,correct
Yes,Yes,35,3,nomove,unacc,26,correct
Yes,Yes,35,3,nomove,unacc,26,correct
Yes,Yes,35,3,nomove,unacc,26,correct
Yes,Yes,35,3,nomove,unacc,26,correct
No,No,37,3,filler,none,26,correct
No,No,37,3,filler,none,26,correct
No,No,37,3,filler,none,26,correct
No,No,37,3,filler,none,26,correct
No,No,37,3,filler,none,26,correct
No,No,37,3,filler,none,26,correct
No,No,37,3,filler,none,26,correct
No,No,37,3,filler,none,26,correct
No,No,37,3,filler,none,26,correct
No,No,37,3,filler,none,26,correct
No,No,37,3,filler,none,26,correct
No,No,38,3,filler,none,26,correct
No,No,38,3,filler,none,26,correct
No,No,38,3,filler,none,26,correct
No,No,38,3,filler,none,26,correct
No,No,38,3,filler,none,26,correct
No,No,38,3,filler,none,26,correct
No,No,38,3,filler,none,26,correct
No,No,38,3,filler,none,26,correct
No,No,38,3,filler,none,26,correct
No,No,38,3,filler,none,26,correct
No,No,38,3,filler,none,26,correct
No,No,39,3,filler,none,26,correct
No,No,39,3,filler,none,26,correct
No,No,39,3,filler,none,26,correct
No,No,39,3,filler,none,26,correct
No,No,39,3,filler,none,26,correct
No,No,39,3,filler,none,26,correct
No,No,39,3,filler,none,26,correct
No,No,39,3,filler,none,26,correct
No,No,39,3,filler,none,26,correct
No,No,39,3,filler,none,26,correct
No,No,39,3,filler,none,26,correct
Yes,Yes,43,3,filler,none,26,correct
Yes,Yes,43,3,filler,none,26,correct
Yes,Yes,43,3,filler,none,26,correct
Yes,Yes,43,3,filler,none,26,correct
Yes,Yes,43,3,filler,none,26,correct
Yes,Yes,43,3,filler,none,26,correct
Yes,Yes,43,3,filler,none,26,correct
Yes,Yes,43,3,filler,none,26,correct
Yes,Yes,43,3,filler,none,26,correct
Yes,Yes,43,3,filler,none,26,correct
Yes,Yes,43,3,filler,none,26,correct
No,No,44,3,filler,none,26,correct
No,No,44,3,filler,none,26,correct
No,No,44,3,filler,none,26,correct
No,No,44,3,filler,none,26,correct
No,No,44,3,filler,none,26,correct
No,No,44,3,filler,none,26,correct
No,No,44,3,filler,none,26,correct
No,No,44,3,filler,none,26,correct
No,No,44,3,filler,none,26,correct
No,No,44,3,filler,none,26,correct
No,No,44,3,filler,none,26,correct
No,No,46,3,filler,none,26,correct
No,No,46,3,filler,none,26,correct
No,No,46,3,filler,none,26,correct
No,No,46,3,filler,none,26,correct
No,No,46,3,filler,none,26,correct
No,No,46,3,filler,none,26,correct
No,No,46,3,filler,none,26,correct
No,No,46,3,filler,none,26,correct
No,No,46,3,filler,none,26,correct
No,No,46,3,filler,none,26,correct
No,No,46,3,filler,none,26,correct
Yes,Yes,48,3,filler,none,26,correct
Yes,Yes,48,3,filler,none,26,correct
Yes,Yes,48,3,filler,none,26,correct
Yes,Yes,48,3,filler,none,26,correct
Yes,Yes,48,3,filler,none,26,correct
Yes,Yes,48,3,filler,none,26,correct
Yes,Yes,48,3,filler,none,26,correct
Yes,Yes,48,3,filler,none,26,correct
Yes,Yes,48,3,filler,none,26,correct
Yes,Yes,48,3,filler,none,26,correct
Yes,Yes,48,3,filler,none,26,correct
No,No,50,3,filler,none,26,correct
No,No,50,3,filler,none,26,correct
No,No,50,3,filler,none,26,correct
No,No,50,3,filler,none,26,correct
No,No,50,3,filler,none,26,correct
No,No,50,3,filler,none,26,correct
No,No,50,3,filler,none,26,correct
No,No,50,3,filler,none,26,correct
No,No,50,3,filler,none,26,correct
No,No,50,3,filler,none,26,correct
No,No,50,3,filler,none,26,correct
Yes,Yes,52,3,filler,none,26,correct
Yes,Yes,52,3,filler,none,26,correct
Yes,Yes,52,3,filler,none,26,correct
Yes,Yes,52,3,filler,none,26,correct
Yes,Yes,52,3,filler,none,26,correct
Yes,Yes,52,3,filler,none,26,correct
Yes,Yes,52,3,filler,none,26,correct
Yes,Yes,52,3,filler,none,26,correct
Yes,Yes,52,3,filler,none,26,correct
Yes,Yes,52,3,filler,none,26,correct
Yes,Yes,52,3,filler,none,26,correct
No,No,53,3,filler,none,26,correct
No,No,53,3,filler,none,26,correct
No,No,53,3,filler,none,26,correct
No,No,53,3,filler,none,26,correct
No,No,53,3,filler,none,26,correct
No,No,53,3,filler,none,26,correct
No,No,53,3,filler,none,26,correct
No,No,53,3,filler,none,26,correct
No,No,53,3,filler,none,26,correct
No,No,53,3,filler,none,26,correct
No,No,53,3,filler,none,26,correct
No,Yes,58,3,filler,none,26,incorrect
No,Yes,58,3,filler,none,26,incorrect
No,Yes,58,3,filler,none,26,incorrect
No,Yes,58,3,filler,none,26,incorrect
No,Yes,58,3,filler,none,26,incorrect
No,Yes,58,3,filler,none,26,incorrect
No,Yes,58,3,filler,none,26,incorrect
No,Yes,58,3,filler,none,26,incorrect
No,Yes,58,3,filler,none,26,incorrect
No,Yes,58,3,filler,none,26,incorrect
No,Yes,58,3,filler,none,26,incorrect
No,Yes,58,3,filler,none,26,incorrect
No,No,59,3,filler,none,26,correct
No,No,59,3,filler,none,26,correct
No,No,59,3,filler,none,26,correct
No,No,59,3,filler,none,26,correct
No,No,59,3,filler,none,26,correct
No,No,59,3,filler,none,26,correct
No,No,59,3,filler,none,26,correct
No,No,59,3,filler,none,26,correct
No,No,59,3,filler,none,26,correct
No,No,59,3,filler,none,26,correct
No,No,59,3,filler,none,26,correct
No,No,59,3,filler,none,26,correct
No,No,59,3,filler,none,26,correct
No,No,62,3,filler,none,26,correct
No,No,62,3,filler,none,26,correct
No,No,62,3,filler,none,26,correct
No,No,62,3,filler,none,26,correct
No,No,62,3,filler,none,26,correct
No,No,62,3,filler,none,26,correct
No,No,62,3,filler,none,26,correct
No,No,62,3,filler,none,26,correct
No,No,62,3,filler,none,26,correct
No,No,62,3,filler,none,26,correct
No,No,62,3,filler,none,26,correct
No,No,62,3,filler,none,26,correct
Yes,Yes,64,3,filler,none,26,correct
Yes,Yes,64,3,filler,none,26,correct
Yes,Yes,64,3,filler,none,26,correct
Yes,Yes,64,3,filler,none,26,correct
Yes,Yes,64,3,filler,none,26,correct
Yes,Yes,64,3,filler,none,26,correct
Yes,Yes,64,3,filler,none,26,correct
Yes,Yes,64,3,filler,none,26,correct
Yes,Yes,64,3,filler,none,26,correct
Yes,Yes,64,3,filler,none,26,correct
Yes,Yes,64,3,filler,none,26,correct
Yes,Yes,64,3,filler,none,26,correct
No,No,66,3,filler,none,26,correct
No,No,66,3,filler,none,26,correct
No,No,66,3,filler,none,26,correct
No,No,66,3,filler,none,26,correct
No,No,66,3,filler,none,26,correct
No,No,66,3,filler,none,26,correct
No,No,66,3,filler,none,26,correct
No,No,66,3,filler,none,26,correct
No,No,66,3,filler,none,26,correct
No,No,66,3,filler,none,26,correct
No,No,66,3,filler,none,26,correct
No,No,66,3,filler,none,26,correct
No,No,68,3,filler,none,26,correct
No,No,68,3,filler,none,26,correct
No,No,68,3,filler,none,26,correct
No,No,68,3,filler,none,26,correct
No,No,68,3,filler,none,26,correct
No,No,68,3,filler,none,26,correct
No,No,68,3,filler,none,26,correct
No,No,68,3,filler,none,26,correct
No,No,68,3,filler,none,26,correct
No,No,68,3,filler,none,26,correct
No,No,68,3,filler,none,26,correct
No,No,68,3,filler,none,26,correct
No,No,69,3,filler,none,26,correct
No,No,69,3,filler,none,26,correct
No,No,69,3,filler,none,26,correct
No,No,69,3,filler,none,26,correct
No,No,69,3,filler,none,26,correct
No,No,69,3,filler,none,26,correct
No,No,69,3,filler,none,26,correct
No,No,69,3,filler,none,26,correct
No,No,69,3,filler,none,26,correct
No,No,69,3,filler,none,26,correct
No,No,69,3,filler,none,26,correct
No,No,69,3,filler,none,26,correct
Yes,Yes,72,3,filler,none,26,correct
Yes,Yes,72,3,filler,none,26,correct
Yes,Yes,72,3,filler,none,26,correct
Yes,Yes,72,3,filler,none,26,correct
Yes,Yes,72,3,filler,none,26,correct
Yes,Yes,72,3,filler,none,26,correct
Yes,Yes,72,3,filler,none,26,correct
Yes,Yes,72,3,filler,none,26,correct
Yes,Yes,72,3,filler,none,26,correct
Yes,Yes,72,3,filler,none,26,correct
Yes,Yes,72,3,filler,none,26,correct
Yes,Yes,72,3,filler,none,26,correct
No,No,73,3,filler,none,26,correct
No,No,73,3,filler,none,26,correct
No,No,73,3,filler,none,26,correct
No,No,73,3,filler,none,26,correct
No,No,73,3,filler,none,26,correct
No,No,73,3,filler,none,26,correct
No,No,73,3,filler,none,26,correct
No,No,73,3,filler,none,26,correct
No,No,73,3,filler,none,26,correct
No,No,73,3,filler,none,26,correct
No,No,73,3,filler,none,26,correct
No,No,73,3,filler,none,26,correct
No,No,73,3,filler,none,26,correct
Yes,Yes,74,3,filler,none,26,correct
Yes,Yes,74,3,filler,none,26,correct
Yes,Yes,74,3,filler,none,26,correct
Yes,Yes,74,3,filler,none,26,correct
Yes,Yes,74,3,filler,none,26,correct
Yes,Yes,74,3,filler,none,26,correct
Yes,Yes,74,3,filler,none,26,correct
Yes,Yes,74,3,filler,none,26,correct
Yes,Yes,74,3,filler,none,26,correct
Yes,Yes,74,3,filler,none,26,correct
Yes,Yes,74,3,filler,none,26,correct
Yes,Yes,74,3,filler,none,26,correct
Yes,Yes,74,3,filler,none,26,correct
Yes,Yes,75,3,filler,none,26,correct
Yes,Yes,75,3,filler,none,26,correct
Yes,Yes,75,3,filler,none,26,correct
Yes,Yes,75,3,filler,none,26,correct
Yes,Yes,75,3,filler,none,26,correct
Yes,Yes,75,3,filler,none,26,correct
Yes,Yes,75,3,filler,none,26,correct
Yes,Yes,75,3,filler,none,26,correct
Yes,Yes,75,3,filler,none,26,correct
Yes,Yes,75,3,filler,none,26,correct
Yes,Yes,75,3,filler,none,26,correct
Yes,Yes,75,3,filler,none,26,correct
Yes,Yes,75,3,filler,none,26,correct
Yes,Yes,77,3,filler,none,26,correct
Yes,Yes,77,3,filler,none,26,correct
Yes,Yes,77,3,filler,none,26,correct
Yes,Yes,77,3,filler,none,26,correct
Yes,Yes,77,3,filler,none,26,correct
Yes,Yes,77,3,filler,none,26,correct
Yes,Yes,77,3,filler,none,26,correct
Yes,Yes,77,3,filler,none,26,correct
Yes,Yes,77,3,filler,none,26,correct
Yes,Yes,77,3,filler,none,26,correct
Yes,Yes,77,3,filler,none,26,correct
Yes,Yes,77,3,filler,none,26,correct
Yes,Yes,77,3,filler,none,26,correct
No,No,78,3,filler,none,26,correct
No,No,78,3,filler,none,26,correct
No,No,78,3,filler,none,26,correct
No,No,78,3,filler,none,26,correct
No,No,78,3,filler,none,26,correct
No,No,78,3,filler,none,26,correct
No,No,78,3,filler,none,26,correct
No,No,78,3,filler,none,26,correct
No,No,78,3,filler,none,26,correct
No,No,78,3,filler,none,26,correct
No,No,78,3,filler,none,26,correct
No,No,78,3,filler,none,26,correct
No,No,78,3,filler,none,26,correct
No,No,80,3,filler,none,26,correct
No,No,80,3,filler,none,26,correct
No,No,80,3,filler,none,26,correct
No,No,80,3,filler,none,26,correct
No,No,80,3,filler,none,26,correct
No,No,80,3,filler,none,26,correct
No,No,80,3,filler,none,26,correct
No,No,80,3,filler,none,26,correct
No,No,80,3,filler,none,26,correct
No,No,80,3,filler,none,26,correct
No,No,80,3,filler,none,26,correct
No,No,80,3,filler,none,26,correct
No,No,80,3,filler,none,26,correct
No,No,82,3,filler,none,26,correct
No,No,82,3,filler,none,26,correct
No,No,82,3,filler,none,26,correct
No,No,82,3,filler,none,26,correct
No,No,82,3,filler,none,26,correct
No,No,82,3,filler,none,26,correct
No,No,82,3,filler,none,26,correct
No,No,82,3,filler,none,26,correct
No,No,82,3,filler,none,26,correct
No,No,82,3,filler,none,26,correct
No,No,82,3,filler,none,26,correct
No,No,82,3,filler,none,26,correct
No,No,82,3,filler,none,26,correct
No,No,84,3,filler,none,26,correct
No,No,84,3,filler,none,26,correct
No,No,84,3,filler,none,26,correct
No,No,84,3,filler,none,26,correct
No,No,84,3,filler,none,26,correct
No,No,84,3,filler,none,26,correct
No,No,84,3,filler,none,26,correct
No,No,84,3,filler,none,26,correct
No,No,84,3,filler,none,26,correct
No,No,84,3,filler,none,26,correct
No,No,84,3,filler,none,26,correct
No,No,84,3,filler,none,26,correct
No,No,84,3,filler,none,26,correct
No,No,87,3,filler,none,26,correct
No,No,87,3,filler,none,26,correct
No,No,87,3,filler,none,26,correct
No,No,87,3,filler,none,26,correct
No,No,87,3,filler,none,26,correct
No,No,87,3,filler,none,26,correct
No,No,87,3,filler,none,26,correct
No,No,87,3,filler,none,26,correct
No,No,87,3,filler,none,26,correct
No,No,87,3,filler,none,26,correct
No,No,87,3,filler,none,26,correct
No,No,87,3,filler,none,26,correct
No,No,87,3,filler,none,26,correct
No,No,89,3,filler,none,26,correct
No,No,89,3,filler,none,26,correct
No,No,89,3,filler,none,26,correct
No,No,89,3,filler,none,26,correct
No,No,89,3,filler,none,26,correct
No,No,89,3,filler,none,26,correct
No,No,89,3,filler,none,26,correct
No,No,89,3,filler,none,26,correct
No,No,89,3,filler,none,26,correct
No,No,89,3,filler,none,26,correct
No,No,89,3,filler,none,26,correct
No,No,89,3,filler,none,26,correct
No,No,89,3,filler,none,26,correct
No,Yes,1,4,nomove,CP,27,incorrect
No,Yes,1,4,nomove,CP,27,incorrect
No,Yes,1,4,nomove,CP,27,incorrect
No,Yes,1,4,nomove,CP,27,incorrect
No,Yes,1,4,nomove,CP,27,incorrect
Yes,Yes,2,4,move,DP,27,correct
Yes,Yes,2,4,move,DP,27,correct
Yes,Yes,2,4,move,DP,27,correct
Yes,Yes,2,4,move,DP,27,correct
Yes,Yes,2,4,move,DP,27,correct
No,No,5,4,nomove,DP,27,correct
No,No,5,4,nomove,DP,27,correct
No,No,5,4,nomove,DP,27,correct
No,No,5,4,nomove,DP,27,correct
No,No,5,4,nomove,DP,27,correct
Yes,Yes,6,4,nomove,unacc,27,correct
Yes,Yes,6,4,nomove,unacc,27,correct
Yes,Yes,6,4,nomove,unacc,27,correct
Yes,Yes,6,4,nomove,unacc,27,correct
Yes,Yes,6,4,nomove,unacc,27,correct
Yes,Yes,7,4,nomove,CP,27,correct
Yes,Yes,7,4,nomove,CP,27,correct
Yes,Yes,7,4,nomove,CP,27,correct
Yes,Yes,7,4,nomove,CP,27,correct
Yes,Yes,7,4,nomove,CP,27,correct
Yes,Yes,11,4,nomove,DP,27,correct
Yes,Yes,11,4,nomove,DP,27,correct
Yes,Yes,11,4,nomove,DP,27,correct
Yes,Yes,11,4,nomove,DP,27,correct
Yes,Yes,11,4,nomove,DP,27,correct
Yes,Yes,13,4,nomove,CP,27,correct
Yes,Yes,13,4,nomove,CP,27,correct
Yes,Yes,13,4,nomove,CP,27,correct
Yes,Yes,13,4,nomove,CP,27,correct
Yes,Yes,13,4,nomove,CP,27,correct
No,Yes,14,4,move,DP,27,incorrect
No,Yes,14,4,move,DP,27,incorrect
No,Yes,14,4,move,DP,27,incorrect
No,Yes,14,4,move,DP,27,incorrect
No,Yes,14,4,move,DP,27,incorrect
Yes,Yes,17,4,move,CP,27,correct
Yes,Yes,17,4,move,CP,27,correct
Yes,Yes,17,4,move,CP,27,correct
Yes,Yes,17,4,move,CP,27,correct
Yes,Yes,17,4,move,CP,27,correct
No,Yes,19,4,nomove,CP,27,incorrect
No,Yes,19,4,nomove,CP,27,incorrect
No,Yes,19,4,nomove,CP,27,incorrect
No,Yes,19,4,nomove,CP,27,incorrect
No,Yes,19,4,nomove,CP,27,incorrect
Yes,Yes,21,4,move,unacc,27,correct
Yes,Yes,21,4,move,unacc,27,correct
Yes,Yes,21,4,move,unacc,27,correct
Yes,Yes,21,4,move,unacc,27,correct
Yes,Yes,21,4,move,unacc,27,correct
No,Yes,22,4,move,CP,27,incorrect
No,Yes,22,4,move,CP,27,incorrect
No,Yes,22,4,move,CP,27,incorrect
No,Yes,22,4,move,CP,27,incorrect
No,Yes,22,4,move,CP,27,incorrect
Yes,No,25,4,nomove,CP,27,incorrect
Yes,No,25,4,nomove,CP,27,incorrect
Yes,No,25,4,nomove,CP,27,incorrect
Yes,No,25,4,nomove,CP,27,incorrect
Yes,No,25,4,nomove,CP,27,incorrect
Yes,Yes,30,4,nomove,unacc,27,correct
Yes,Yes,30,4,nomove,unacc,27,correct
Yes,Yes,30,4,nomove,unacc,27,correct
Yes,Yes,30,4,nomove,unacc,27,correct
Yes,Yes,30,4,nomove,unacc,27,correct
No,No,31,4,nomove,CP,27,correct
No,No,31,4,nomove,CP,27,correct
No,No,31,4,nomove,CP,27,correct
No,No,31,4,nomove,CP,27,correct
No,No,31,4,nomove,CP,27,correct
No,Yes,32,4,move,DP,27,incorrect
No,Yes,32,4,move,DP,27,incorrect
No,Yes,32,4,move,DP,27,incorrect
No,Yes,32,4,move,DP,27,incorrect
No,Yes,32,4,move,DP,27,incorrect
No,No,33,4,move,unacc,27,correct
No,No,33,4,move,unacc,27,correct
No,No,33,4,move,unacc,27,correct
No,No,33,4,move,unacc,27,correct
No,No,33,4,move,unacc,27,correct
No,Yes,35,4,nomove,DP,27,incorrect
No,Yes,35,4,nomove,DP,27,incorrect
No,Yes,35,4,nomove,DP,27,incorrect
No,Yes,35,4,nomove,DP,27,incorrect
No,Yes,35,4,nomove,DP,27,incorrect
No,No,37,4,filler,none,27,correct
No,No,37,4,filler,none,27,correct
No,No,37,4,filler,none,27,correct
No,No,37,4,filler,none,27,correct
No,No,37,4,filler,none,27,correct
No,No,37,4,filler,none,27,correct
No,No,37,4,filler,none,27,correct
No,No,37,4,filler,none,27,correct
No,No,37,4,filler,none,27,correct
No,No,37,4,filler,none,27,correct
No,No,37,4,filler,none,27,correct
No,No,38,4,filler,none,27,correct
No,No,38,4,filler,none,27,correct
No,No,38,4,filler,none,27,correct
No,No,38,4,filler,none,27,correct
No,No,38,4,filler,none,27,correct
No,No,38,4,filler,none,27,correct
No,No,38,4,filler,none,27,correct
No,No,38,4,filler,none,27,correct
No,No,38,4,filler,none,27,correct
No,No,38,4,filler,none,27,correct
No,No,38,4,filler,none,27,correct
Yes,No,39,4,filler,none,27,incorrect
Yes,No,39,4,filler,none,27,incorrect
Yes,No,39,4,filler,none,27,incorrect
Yes,No,39,4,filler,none,27,incorrect
Yes,No,39,4,filler,none,27,incorrect
Yes,No,39,4,filler,none,27,incorrect
Yes,No,39,4,filler,none,27,incorrect
Yes,No,39,4,filler,none,27,incorrect
Yes,No,39,4,filler,none,27,incorrect
Yes,No,39,4,filler,none,27,incorrect
Yes,No,39,4,filler,none,27,incorrect
Yes,Yes,43,4,filler,none,27,correct
Yes,Yes,43,4,filler,none,27,correct
Yes,Yes,43,4,filler,none,27,correct
Yes,Yes,43,4,filler,none,27,correct
Yes,Yes,43,4,filler,none,27,correct
Yes,Yes,43,4,filler,none,27,correct
Yes,Yes,43,4,filler,none,27,correct
Yes,Yes,43,4,filler,none,27,correct
Yes,Yes,43,4,filler,none,27,correct
Yes,Yes,43,4,filler,none,27,correct
Yes,Yes,43,4,filler,none,27,correct
No,No,44,4,filler,none,27,correct
No,No,44,4,filler,none,27,correct
No,No,44,4,filler,none,27,correct
No,No,44,4,filler,none,27,correct
No,No,44,4,filler,none,27,correct
No,No,44,4,filler,none,27,correct
No,No,44,4,filler,none,27,correct
No,No,44,4,filler,none,27,correct
No,No,44,4,filler,none,27,correct
No,No,44,4,filler,none,27,correct
No,No,44,4,filler,none,27,correct
No,No,46,4,filler,none,27,correct
No,No,46,4,filler,none,27,correct
No,No,46,4,filler,none,27,correct
No,No,46,4,filler,none,27,correct
No,No,46,4,filler,none,27,correct
No,No,46,4,filler,none,27,correct
No,No,46,4,filler,none,27,correct
No,No,46,4,filler,none,27,correct
No,No,46,4,filler,none,27,correct
No,No,46,4,filler,none,27,correct
No,No,46,4,filler,none,27,correct
Yes,Yes,48,4,filler,none,27,correct
Yes,Yes,48,4,filler,none,27,correct
Yes,Yes,48,4,filler,none,27,correct
Yes,Yes,48,4,filler,none,27,correct
Yes,Yes,48,4,filler,none,27,correct
Yes,Yes,48,4,filler,none,27,correct
Yes,Yes,48,4,filler,none,27,correct
Yes,Yes,48,4,filler,none,27,correct
Yes,Yes,48,4,filler,none,27,correct
Yes,Yes,48,4,filler,none,27,correct
Yes,Yes,48,4,filler,none,27,correct
No,No,50,4,filler,none,27,correct
No,No,50,4,filler,none,27,correct
No,No,50,4,filler,none,27,correct
No,No,50,4,filler,none,27,correct
No,No,50,4,filler,none,27,correct
No,No,50,4,filler,none,27,correct
No,No,50,4,filler,none,27,correct
No,No,50,4,filler,none,27,correct
No,No,50,4,filler,none,27,correct
No,No,50,4,filler,none,27,correct
No,No,50,4,filler,none,27,correct
Yes,Yes,52,4,filler,none,27,correct
Yes,Yes,52,4,filler,none,27,correct
Yes,Yes,52,4,filler,none,27,correct
Yes,Yes,52,4,filler,none,27,correct
Yes,Yes,52,4,filler,none,27,correct
Yes,Yes,52,4,filler,none,27,correct
Yes,Yes,52,4,filler,none,27,correct
Yes,Yes,52,4,filler,none,27,correct
Yes,Yes,52,4,filler,none,27,correct
Yes,Yes,52,4,filler,none,27,correct
Yes,Yes,52,4,filler,none,27,correct
No,No,53,4,filler,none,27,correct
No,No,53,4,filler,none,27,correct
No,No,53,4,filler,none,27,correct
No,No,53,4,filler,none,27,correct
No,No,53,4,filler,none,27,correct
No,No,53,4,filler,none,27,correct
No,No,53,4,filler,none,27,correct
No,No,53,4,filler,none,27,correct
No,No,53,4,filler,none,27,correct
No,No,53,4,filler,none,27,correct
No,No,53,4,filler,none,27,correct
Yes,Yes,58,4,filler,none,27,correct
Yes,Yes,58,4,filler,none,27,correct
Yes,Yes,58,4,filler,none,27,correct
Yes,Yes,58,4,filler,none,27,correct
Yes,Yes,58,4,filler,none,27,correct
Yes,Yes,58,4,filler,none,27,correct
Yes,Yes,58,4,filler,none,27,correct
Yes,Yes,58,4,filler,none,27,correct
Yes,Yes,58,4,filler,none,27,correct
Yes,Yes,58,4,filler,none,27,correct
Yes,Yes,58,4,filler,none,27,correct
Yes,Yes,58,4,filler,none,27,correct
No,No,59,4,filler,none,27,correct
No,No,59,4,filler,none,27,correct
No,No,59,4,filler,none,27,correct
No,No,59,4,filler,none,27,correct
No,No,59,4,filler,none,27,correct
No,No,59,4,filler,none,27,correct
No,No,59,4,filler,none,27,correct
No,No,59,4,filler,none,27,correct
No,No,59,4,filler,none,27,correct
No,No,59,4,filler,none,27,correct
No,No,59,4,filler,none,27,correct
No,No,59,4,filler,none,27,correct
No,No,59,4,filler,none,27,correct
No,No,62,4,filler,none,27,correct
No,No,62,4,filler,none,27,correct
No,No,62,4,filler,none,27,correct
No,No,62,4,filler,none,27,correct
No,No,62,4,filler,none,27,correct
No,No,62,4,filler,none,27,correct
No,No,62,4,filler,none,27,correct
No,No,62,4,filler,none,27,correct
No,No,62,4,filler,none,27,correct
No,No,62,4,filler,none,27,correct
No,No,62,4,filler,none,27,correct
No,No,62,4,filler,none,27,correct
Yes,Yes,64,4,filler,none,27,correct
Yes,Yes,64,4,filler,none,27,correct
Yes,Yes,64,4,filler,none,27,correct
Yes,Yes,64,4,filler,none,27,correct
Yes,Yes,64,4,filler,none,27,correct
Yes,Yes,64,4,filler,none,27,correct
Yes,Yes,64,4,filler,none,27,correct
Yes,Yes,64,4,filler,none,27,correct
Yes,Yes,64,4,filler,none,27,correct
Yes,Yes,64,4,filler,none,27,correct
Yes,Yes,64,4,filler,none,27,correct
Yes,Yes,64,4,filler,none,27,correct
No,No,66,4,filler,none,27,correct
No,No,66,4,filler,none,27,correct
No,No,66,4,filler,none,27,correct
No,No,66,4,filler,none,27,correct
No,No,66,4,filler,none,27,correct
No,No,66,4,filler,none,27,correct
No,No,66,4,filler,none,27,correct
No,No,66,4,filler,none,27,correct
No,No,66,4,filler,none,27,correct
No,No,66,4,filler,none,27,correct
No,No,66,4,filler,none,27,correct
No,No,66,4,filler,none,27,correct
No,No,68,4,filler,none,27,correct
No,No,68,4,filler,none,27,correct
No,No,68,4,filler,none,27,correct
No,No,68,4,filler,none,27,correct
No,No,68,4,filler,none,27,correct
No,No,68,4,filler,none,27,correct
No,No,68,4,filler,none,27,correct
No,No,68,4,filler,none,27,correct
No,No,68,4,filler,none,27,correct
No,No,68,4,filler,none,27,correct
No,No,68,4,filler,none,27,correct
No,No,68,4,filler,none,27,correct
No,No,69,4,filler,none,27,correct
No,No,69,4,filler,none,27,correct
No,No,69,4,filler,none,27,correct
No,No,69,4,filler,none,27,correct
No,No,69,4,filler,none,27,correct
No,No,69,4,filler,none,27,correct
No,No,69,4,filler,none,27,correct
No,No,69,4,filler,none,27,correct
No,No,69,4,filler,none,27,correct
No,No,69,4,filler,none,27,correct
No,No,69,4,filler,none,27,correct
No,No,69,4,filler,none,27,correct
Yes,Yes,72,4,filler,none,27,correct
Yes,Yes,72,4,filler,none,27,correct
Yes,Yes,72,4,filler,none,27,correct
Yes,Yes,72,4,filler,none,27,correct
Yes,Yes,72,4,filler,none,27,correct
Yes,Yes,72,4,filler,none,27,correct
Yes,Yes,72,4,filler,none,27,correct
Yes,Yes,72,4,filler,none,27,correct
Yes,Yes,72,4,filler,none,27,correct
Yes,Yes,72,4,filler,none,27,correct
Yes,Yes,72,4,filler,none,27,correct
Yes,Yes,72,4,filler,none,27,correct
Yes,No,73,4,filler,none,27,incorrect
Yes,No,73,4,filler,none,27,incorrect
Yes,No,73,4,filler,none,27,incorrect
Yes,No,73,4,filler,none,27,incorrect
Yes,No,73,4,filler,none,27,incorrect
Yes,No,73,4,filler,none,27,incorrect
Yes,No,73,4,filler,none,27,incorrect
Yes,No,73,4,filler,none,27,incorrect
Yes,No,73,4,filler,none,27,incorrect
Yes,No,73,4,filler,none,27,incorrect
Yes,No,73,4,filler,none,27,incorrect
Yes,No,73,4,filler,none,27,incorrect
Yes,No,73,4,filler,none,27,incorrect
Yes,Yes,74,4,filler,none,27,correct
Yes,Yes,74,4,filler,none,27,correct
Yes,Yes,74,4,filler,none,27,correct
Yes,Yes,74,4,filler,none,27,correct
Yes,Yes,74,4,filler,none,27,correct
Yes,Yes,74,4,filler,none,27,correct
Yes,Yes,74,4,filler,none,27,correct
Yes,Yes,74,4,filler,none,27,correct
Yes,Yes,74,4,filler,none,27,correct
Yes,Yes,74,4,filler,none,27,correct
Yes,Yes,74,4,filler,none,27,correct
Yes,Yes,74,4,filler,none,27,correct
Yes,Yes,74,4,filler,none,27,correct
Yes,Yes,75,4,filler,none,27,correct
Yes,Yes,75,4,filler,none,27,correct
Yes,Yes,75,4,filler,none,27,correct
Yes,Yes,75,4,filler,none,27,correct
Yes,Yes,75,4,filler,none,27,correct
Yes,Yes,75,4,filler,none,27,correct
Yes,Yes,75,4,filler,none,27,correct
Yes,Yes,75,4,filler,none,27,correct
Yes,Yes,75,4,filler,none,27,correct
Yes,Yes,75,4,filler,none,27,correct
Yes,Yes,75,4,filler,none,27,correct
Yes,Yes,75,4,filler,none,27,correct
Yes,Yes,75,4,filler,none,27,correct
Yes,Yes,77,4,filler,none,27,correct
Yes,Yes,77,4,filler,none,27,correct
Yes,Yes,77,4,filler,none,27,correct
Yes,Yes,77,4,filler,none,27,correct
Yes,Yes,77,4,filler,none,27,correct
Yes,Yes,77,4,filler,none,27,correct
Yes,Yes,77,4,filler,none,27,correct
Yes,Yes,77,4,filler,none,27,correct
Yes,Yes,77,4,filler,none,27,correct
Yes,Yes,77,4,filler,none,27,correct
Yes,Yes,77,4,filler,none,27,correct
Yes,Yes,77,4,filler,none,27,correct
Yes,Yes,77,4,filler,none,27,correct
No,No,78,4,filler,none,27,correct
No,No,78,4,filler,none,27,correct
No,No,78,4,filler,none,27,correct
No,No,78,4,filler,none,27,correct
No,No,78,4,filler,none,27,correct
No,No,78,4,filler,none,27,correct
No,No,78,4,filler,none,27,correct
No,No,78,4,filler,none,27,correct
No,No,78,4,filler,none,27,correct
No,No,78,4,filler,none,27,correct
No,No,78,4,filler,none,27,correct
No,No,78,4,filler,none,27,correct
No,No,78,4,filler,none,27,correct
No,No,80,4,filler,none,27,correct
No,No,80,4,filler,none,27,correct
No,No,80,4,filler,none,27,correct
No,No,80,4,filler,none,27,correct
No,No,80,4,filler,none,27,correct
No,No,80,4,filler,none,27,correct
No,No,80,4,filler,none,27,correct
No,No,80,4,filler,none,27,correct
No,No,80,4,filler,none,27,correct
No,No,80,4,filler,none,27,correct
No,No,80,4,filler,none,27,correct
No,No,80,4,filler,none,27,correct
No,No,80,4,filler,none,27,correct
No,No,82,4,filler,none,27,correct
No,No,82,4,filler,none,27,correct
No,No,82,4,filler,none,27,correct
No,No,82,4,filler,none,27,correct
No,No,82,4,filler,none,27,correct
No,No,82,4,filler,none,27,correct
No,No,82,4,filler,none,27,correct
No,No,82,4,filler,none,27,correct
No,No,82,4,filler,none,27,correct
No,No,82,4,filler,none,27,correct
No,No,82,4,filler,none,27,correct
No,No,82,4,filler,none,27,correct
No,No,82,4,filler,none,27,correct
No,No,84,4,filler,none,27,correct
No,No,84,4,filler,none,27,correct
No,No,84,4,filler,none,27,correct
No,No,84,4,filler,none,27,correct
No,No,84,4,filler,none,27,correct
No,No,84,4,filler,none,27,correct
No,No,84,4,filler,none,27,correct
No,No,84,4,filler,none,27,correct
No,No,84,4,filler,none,27,correct
No,No,84,4,filler,none,27,correct
No,No,84,4,filler,none,27,correct
No,No,84,4,filler,none,27,correct
No,No,84,4,filler,none,27,correct
No,No,87,4,filler,none,27,correct
No,No,87,4,filler,none,27,correct
No,No,87,4,filler,none,27,correct
No,No,87,4,filler,none,27,correct
No,No,87,4,filler,none,27,correct
No,No,87,4,filler,none,27,correct
No,No,87,4,filler,none,27,correct
No,No,87,4,filler,none,27,correct
No,No,87,4,filler,none,27,correct
No,No,87,4,filler,none,27,correct
No,No,87,4,filler,none,27,correct
No,No,87,4,filler,none,27,correct
No,No,87,4,filler,none,27,correct
No,No,89,4,filler,none,27,correct
No,No,89,4,filler,none,27,correct
No,No,89,4,filler,none,27,correct
No,No,89,4,filler,none,27,correct
No,No,89,4,filler,none,27,correct
No,No,89,4,filler,none,27,correct
No,No,89,4,filler,none,27,correct
No,No,89,4,filler,none,27,correct
No,No,89,4,filler,none,27,correct
No,No,89,4,filler,none,27,correct
No,No,89,4,filler,none,27,correct
No,No,89,4,filler,none,27,correct
No,No,89,4,filler,none,27,correct
Yes,Yes,1,5,nomove,unacc,28,correct
Yes,Yes,1,5,nomove,unacc,28,correct
Yes,Yes,1,5,nomove,unacc,28,correct
Yes,Yes,1,5,nomove,unacc,28,correct
Yes,Yes,1,5,nomove,unacc,28,correct
Yes,Yes,2,5,nomove,CP,28,correct
Yes,Yes,2,5,nomove,CP,28,correct
Yes,Yes,2,5,nomove,CP,28,correct
Yes,Yes,2,5,nomove,CP,28,correct
Yes,Yes,2,5,nomove,CP,28,correct
No,No,5,5,move,CP,28,correct
No,No,5,5,move,CP,28,correct
No,No,5,5,move,CP,28,correct
No,No,5,5,move,CP,28,correct
No,No,5,5,move,CP,28,correct
Yes,Yes,6,5,nomove,DP,28,correct
Yes,Yes,6,5,nomove,DP,28,correct
Yes,Yes,6,5,nomove,DP,28,correct
Yes,Yes,6,5,nomove,DP,28,correct
Yes,Yes,6,5,nomove,DP,28,correct
Yes,Yes,7,5,nomove,unacc,28,correct
Yes,Yes,7,5,nomove,unacc,28,correct
Yes,Yes,7,5,nomove,unacc,28,correct
Yes,Yes,7,5,nomove,unacc,28,correct
Yes,Yes,7,5,nomove,unacc,28,correct
Yes,Yes,11,5,move,CP,28,correct
Yes,Yes,11,5,move,CP,28,correct
Yes,Yes,11,5,move,CP,28,correct
Yes,Yes,11,5,move,CP,28,correct
Yes,Yes,11,5,move,CP,28,correct
Yes,Yes,13,5,nomove,unacc,28,correct
Yes,Yes,13,5,nomove,unacc,28,correct
Yes,Yes,13,5,nomove,unacc,28,correct
Yes,Yes,13,5,nomove,unacc,28,correct
Yes,Yes,13,5,nomove,unacc,28,correct
Yes,Yes,14,5,nomove,CP,28,correct
Yes,Yes,14,5,nomove,CP,28,correct
Yes,Yes,14,5,nomove,CP,28,correct
Yes,Yes,14,5,nomove,CP,28,correct
Yes,Yes,14,5,nomove,CP,28,correct
Yes,Yes,17,5,move,unacc,28,correct
Yes,Yes,17,5,move,unacc,28,correct
Yes,Yes,17,5,move,unacc,28,correct
Yes,Yes,17,5,move,unacc,28,correct
Yes,Yes,17,5,move,unacc,28,correct
Yes,Yes,19,5,nomove,unacc,28,correct
Yes,Yes,19,5,nomove,unacc,28,correct
Yes,Yes,19,5,nomove,unacc,28,correct
Yes,Yes,19,5,nomove,unacc,28,correct
Yes,Yes,19,5,nomove,unacc,28,correct
Yes,Yes,21,5,move,DP,28,correct
Yes,Yes,21,5,move,DP,28,correct
Yes,Yes,21,5,move,DP,28,correct
Yes,Yes,21,5,move,DP,28,correct
Yes,Yes,21,5,move,DP,28,correct
Yes,Yes,22,5,move,unacc,28,correct
Yes,Yes,22,5,move,unacc,28,correct
Yes,Yes,22,5,move,unacc,28,correct
Yes,Yes,22,5,move,unacc,28,correct
Yes,Yes,22,5,move,unacc,28,correct
No,No,25,5,nomove,unacc,28,correct
No,No,25,5,nomove,unacc,28,correct
No,No,25,5,nomove,unacc,28,correct
No,No,25,5,nomove,unacc,28,correct
No,No,25,5,nomove,unacc,28,correct
Yes,Yes,30,5,nomove,DP,28,correct
Yes,Yes,30,5,nomove,DP,28,correct
Yes,Yes,30,5,nomove,DP,28,correct
Yes,Yes,30,5,nomove,DP,28,correct
Yes,Yes,30,5,nomove,DP,28,correct
No,No,31,5,nomove,unacc,28,correct
No,No,31,5,nomove,unacc,28,correct
No,No,31,5,nomove,unacc,28,correct
No,No,31,5,nomove,unacc,28,correct
No,No,31,5,nomove,unacc,28,correct
Yes,Yes,32,5,nomove,CP,28,correct
Yes,Yes,32,5,nomove,CP,28,correct
Yes,Yes,32,5,nomove,CP,28,correct
Yes,Yes,32,5,nomove,CP,28,correct
Yes,Yes,32,5,nomove,CP,28,correct
No,No,33,5,move,DP,28,correct
No,No,33,5,move,DP,28,correct
No,No,33,5,move,DP,28,correct
No,No,33,5,move,DP,28,correct
No,No,33,5,move,DP,28,correct
Yes,Yes,35,5,move,CP,28,correct
Yes,Yes,35,5,move,CP,28,correct
Yes,Yes,35,5,move,CP,28,correct
Yes,Yes,35,5,move,CP,28,correct
Yes,Yes,35,5,move,CP,28,correct
No,No,37,5,filler,none,28,correct
No,No,37,5,filler,none,28,correct
No,No,37,5,filler,none,28,correct
No,No,37,5,filler,none,28,correct
No,No,37,5,filler,none,28,correct
No,No,37,5,filler,none,28,correct
No,No,37,5,filler,none,28,correct
No,No,37,5,filler,none,28,correct
No,No,37,5,filler,none,28,correct
No,No,37,5,filler,none,28,correct
No,No,37,5,filler,none,28,correct
No,No,38,5,filler,none,28,correct
No,No,38,5,filler,none,28,correct
No,No,38,5,filler,none,28,correct
No,No,38,5,filler,none,28,correct
No,No,38,5,filler,none,28,correct
No,No,38,5,filler,none,28,correct
No,No,38,5,filler,none,28,correct
No,No,38,5,filler,none,28,correct
No,No,38,5,filler,none,28,correct
No,No,38,5,filler,none,28,correct
No,No,38,5,filler,none,28,correct
No,No,39,5,filler,none,28,correct
No,No,39,5,filler,none,28,correct
No,No,39,5,filler,none,28,correct
No,No,39,5,filler,none,28,correct
No,No,39,5,filler,none,28,correct
No,No,39,5,filler,none,28,correct
No,No,39,5,filler,none,28,correct
No,No,39,5,filler,none,28,correct
No,No,39,5,filler,none,28,correct
No,No,39,5,filler,none,28,correct
No,No,39,5,filler,none,28,correct
Yes,Yes,43,5,filler,none,28,correct
Yes,Yes,43,5,filler,none,28,correct
Yes,Yes,43,5,filler,none,28,correct
Yes,Yes,43,5,filler,none,28,correct
Yes,Yes,43,5,filler,none,28,correct
Yes,Yes,43,5,filler,none,28,correct
Yes,Yes,43,5,filler,none,28,correct
Yes,Yes,43,5,filler,none,28,correct
Yes,Yes,43,5,filler,none,28,correct
Yes,Yes,43,5,filler,none,28,correct
Yes,Yes,43,5,filler,none,28,correct
No,No,44,5,filler,none,28,correct
No,No,44,5,filler,none,28,correct
No,No,44,5,filler,none,28,correct
No,No,44,5,filler,none,28,correct
No,No,44,5,filler,none,28,correct
No,No,44,5,filler,none,28,correct
No,No,44,5,filler,none,28,correct
No,No,44,5,filler,none,28,correct
No,No,44,5,filler,none,28,correct
No,No,44,5,filler,none,28,correct
No,No,44,5,filler,none,28,correct
No,No,46,5,filler,none,28,correct
No,No,46,5,filler,none,28,correct
No,No,46,5,filler,none,28,correct
No,No,46,5,filler,none,28,correct
No,No,46,5,filler,none,28,correct
No,No,46,5,filler,none,28,correct
No,No,46,5,filler,none,28,correct
No,No,46,5,filler,none,28,correct
No,No,46,5,filler,none,28,correct
No,No,46,5,filler,none,28,correct
No,No,46,5,filler,none,28,correct
Yes,Yes,48,5,filler,none,28,correct
Yes,Yes,48,5,filler,none,28,correct
Yes,Yes,48,5,filler,none,28,correct
Yes,Yes,48,5,filler,none,28,correct
Yes,Yes,48,5,filler,none,28,correct
Yes,Yes,48,5,filler,none,28,correct
Yes,Yes,48,5,filler,none,28,correct
Yes,Yes,48,5,filler,none,28,correct
Yes,Yes,48,5,filler,none,28,correct
Yes,Yes,48,5,filler,none,28,correct
Yes,Yes,48,5,filler,none,28,correct
No,No,50,5,filler,none,28,correct
No,No,50,5,filler,none,28,correct
No,No,50,5,filler,none,28,correct
No,No,50,5,filler,none,28,correct
No,No,50,5,filler,none,28,correct
No,No,50,5,filler,none,28,correct
No,No,50,5,filler,none,28,correct
No,No,50,5,filler,none,28,correct
No,No,50,5,filler,none,28,correct
No,No,50,5,filler,none,28,correct
No,No,50,5,filler,none,28,correct
Yes,Yes,52,5,filler,none,28,correct
Yes,Yes,52,5,filler,none,28,correct
Yes,Yes,52,5,filler,none,28,correct
Yes,Yes,52,5,filler,none,28,correct
Yes,Yes,52,5,filler,none,28,correct
Yes,Yes,52,5,filler,none,28,correct
Yes,Yes,52,5,filler,none,28,correct
Yes,Yes,52,5,filler,none,28,correct
Yes,Yes,52,5,filler,none,28,correct
Yes,Yes,52,5,filler,none,28,correct
Yes,Yes,52,5,filler,none,28,correct
No,No,53,5,filler,none,28,correct
No,No,53,5,filler,none,28,correct
No,No,53,5,filler,none,28,correct
No,No,53,5,filler,none,28,correct
No,No,53,5,filler,none,28,correct
No,No,53,5,filler,none,28,correct
No,No,53,5,filler,none,28,correct
No,No,53,5,filler,none,28,correct
No,No,53,5,filler,none,28,correct
No,No,53,5,filler,none,28,correct
No,No,53,5,filler,none,28,correct
Yes,Yes,58,5,filler,none,28,correct
Yes,Yes,58,5,filler,none,28,correct
Yes,Yes,58,5,filler,none,28,correct
Yes,Yes,58,5,filler,none,28,correct
Yes,Yes,58,5,filler,none,28,correct
Yes,Yes,58,5,filler,none,28,correct
Yes,Yes,58,5,filler,none,28,correct
Yes,Yes,58,5,filler,none,28,correct
Yes,Yes,58,5,filler,none,28,correct
Yes,Yes,58,5,filler,none,28,correct
Yes,Yes,58,5,filler,none,28,correct
Yes,Yes,58,5,filler,none,28,correct
No,No,59,5,filler,none,28,correct
No,No,59,5,filler,none,28,correct
No,No,59,5,filler,none,28,correct
No,No,59,5,filler,none,28,correct
No,No,59,5,filler,none,28,correct
No,No,59,5,filler,none,28,correct
No,No,59,5,filler,none,28,correct
No,No,59,5,filler,none,28,correct
No,No,59,5,filler,none,28,correct
No,No,59,5,filler,none,28,correct
No,No,59,5,filler,none,28,correct
No,No,59,5,filler,none,28,correct
No,No,59,5,filler,none,28,correct
No,No,62,5,filler,none,28,correct
No,No,62,5,filler,none,28,correct
No,No,62,5,filler,none,28,correct
No,No,62,5,filler,none,28,correct
No,No,62,5,filler,none,28,correct
No,No,62,5,filler,none,28,correct
No,No,62,5,filler,none,28,correct
No,No,62,5,filler,none,28,correct
No,No,62,5,filler,none,28,correct
No,No,62,5,filler,none,28,correct
No,No,62,5,filler,none,28,correct
No,No,62,5,filler,none,28,correct
Yes,Yes,64,5,filler,none,28,correct
Yes,Yes,64,5,filler,none,28,correct
Yes,Yes,64,5,filler,none,28,correct
Yes,Yes,64,5,filler,none,28,correct
Yes,Yes,64,5,filler,none,28,correct
Yes,Yes,64,5,filler,none,28,correct
Yes,Yes,64,5,filler,none,28,correct
Yes,Yes,64,5,filler,none,28,correct
Yes,Yes,64,5,filler,none,28,correct
Yes,Yes,64,5,filler,none,28,correct
Yes,Yes,64,5,filler,none,28,correct
Yes,Yes,64,5,filler,none,28,correct
No,No,66,5,filler,none,28,correct
No,No,66,5,filler,none,28,correct
No,No,66,5,filler,none,28,correct
No,No,66,5,filler,none,28,correct
No,No,66,5,filler,none,28,correct
No,No,66,5,filler,none,28,correct
No,No,66,5,filler,none,28,correct
No,No,66,5,filler,none,28,correct
No,No,66,5,filler,none,28,correct
No,No,66,5,filler,none,28,correct
No,No,66,5,filler,none,28,correct
No,No,66,5,filler,none,28,correct
No,No,68,5,filler,none,28,correct
No,No,68,5,filler,none,28,correct
No,No,68,5,filler,none,28,correct
No,No,68,5,filler,none,28,correct
No,No,68,5,filler,none,28,correct
No,No,68,5,filler,none,28,correct
No,No,68,5,filler,none,28,correct
No,No,68,5,filler,none,28,correct
No,No,68,5,filler,none,28,correct
No,No,68,5,filler,none,28,correct
No,No,68,5,filler,none,28,correct
No,No,68,5,filler,none,28,correct
Yes,No,69,5,filler,none,28,incorrect
Yes,No,69,5,filler,none,28,incorrect
Yes,No,69,5,filler,none,28,incorrect
Yes,No,69,5,filler,none,28,incorrect
Yes,No,69,5,filler,none,28,incorrect
Yes,No,69,5,filler,none,28,incorrect
Yes,No,69,5,filler,none,28,incorrect
Yes,No,69,5,filler,none,28,incorrect
Yes,No,69,5,filler,none,28,incorrect
Yes,No,69,5,filler,none,28,incorrect
Yes,No,69,5,filler,none,28,incorrect
Yes,No,69,5,filler,none,28,incorrect
Yes,Yes,72,5,filler,none,28,correct
Yes,Yes,72,5,filler,none,28,correct
Yes,Yes,72,5,filler,none,28,correct
Yes,Yes,72,5,filler,none,28,correct
Yes,Yes,72,5,filler,none,28,correct
Yes,Yes,72,5,filler,none,28,correct
Yes,Yes,72,5,filler,none,28,correct
Yes,Yes,72,5,filler,none,28,correct
Yes,Yes,72,5,filler,none,28,correct
Yes,Yes,72,5,filler,none,28,correct
Yes,Yes,72,5,filler,none,28,correct
Yes,Yes,72,5,filler,none,28,correct
Yes,No,73,5,filler,none,28,incorrect
Yes,No,73,5,filler,none,28,incorrect
Yes,No,73,5,filler,none,28,incorrect
Yes,No,73,5,filler,none,28,incorrect
Yes,No,73,5,filler,none,28,incorrect
Yes,No,73,5,filler,none,28,incorrect
Yes,No,73,5,filler,none,28,incorrect
Yes,No,73,5,filler,none,28,incorrect
Yes,No,73,5,filler,none,28,incorrect
Yes,No,73,5,filler,none,28,incorrect
Yes,No,73,5,filler,none,28,incorrect
Yes,No,73,5,filler,none,28,incorrect
Yes,No,73,5,filler,none,28,incorrect
Yes,Yes,74,5,filler,none,28,correct
Yes,Yes,74,5,filler,none,28,correct
Yes,Yes,74,5,filler,none,28,correct
Yes,Yes,74,5,filler,none,28,correct
Yes,Yes,74,5,filler,none,28,correct
Yes,Yes,74,5,filler,none,28,correct
Yes,Yes,74,5,filler,none,28,correct
Yes,Yes,74,5,filler,none,28,correct
Yes,Yes,74,5,filler,none,28,correct
Yes,Yes,74,5,filler,none,28,correct
Yes,Yes,74,5,filler,none,28,correct
Yes,Yes,74,5,filler,none,28,correct
Yes,Yes,74,5,filler,none,28,correct
Yes,Yes,75,5,filler,none,28,correct
Yes,Yes,75,5,filler,none,28,correct
Yes,Yes,75,5,filler,none,28,correct
Yes,Yes,75,5,filler,none,28,correct
Yes,Yes,75,5,filler,none,28,correct
Yes,Yes,75,5,filler,none,28,correct
Yes,Yes,75,5,filler,none,28,correct
Yes,Yes,75,5,filler,none,28,correct
Yes,Yes,75,5,filler,none,28,correct
Yes,Yes,75,5,filler,none,28,correct
Yes,Yes,75,5,filler,none,28,correct
Yes,Yes,75,5,filler,none,28,correct
Yes,Yes,75,5,filler,none,28,correct
Yes,Yes,77,5,filler,none,28,correct
Yes,Yes,77,5,filler,none,28,correct
Yes,Yes,77,5,filler,none,28,correct
Yes,Yes,77,5,filler,none,28,correct
Yes,Yes,77,5,filler,none,28,correct
Yes,Yes,77,5,filler,none,28,correct
Yes,Yes,77,5,filler,none,28,correct
Yes,Yes,77,5,filler,none,28,correct
Yes,Yes,77,5,filler,none,28,correct
Yes,Yes,77,5,filler,none,28,correct
Yes,Yes,77,5,filler,none,28,correct
Yes,Yes,77,5,filler,none,28,correct
Yes,Yes,77,5,filler,none,28,correct
No,No,78,5,filler,none,28,correct
No,No,78,5,filler,none,28,correct
No,No,78,5,filler,none,28,correct
No,No,78,5,filler,none,28,correct
No,No,78,5,filler,none,28,correct
No,No,78,5,filler,none,28,correct
No,No,78,5,filler,none,28,correct
No,No,78,5,filler,none,28,correct
No,No,78,5,filler,none,28,correct
No,No,78,5,filler,none,28,correct
No,No,78,5,filler,none,28,correct
No,No,78,5,filler,none,28,correct
No,No,78,5,filler,none,28,correct
No,No,80,5,filler,none,28,correct
No,No,80,5,filler,none,28,correct
No,No,80,5,filler,none,28,correct
No,No,80,5,filler,none,28,correct
No,No,80,5,filler,none,28,correct
No,No,80,5,filler,none,28,correct
No,No,80,5,filler,none,28,correct
No,No,80,5,filler,none,28,correct
No,No,80,5,filler,none,28,correct
No,No,80,5,filler,none,28,correct
No,No,80,5,filler,none,28,correct
No,No,80,5,filler,none,28,correct
No,No,80,5,filler,none,28,correct
No,No,82,5,filler,none,28,correct
No,No,82,5,filler,none,28,correct
No,No,82,5,filler,none,28,correct
No,No,82,5,filler,none,28,correct
No,No,82,5,filler,none,28,correct
No,No,82,5,filler,none,28,correct
No,No,82,5,filler,none,28,correct
No,No,82,5,filler,none,28,correct
No,No,82,5,filler,none,28,correct
No,No,82,5,filler,none,28,correct
No,No,82,5,filler,none,28,correct
No,No,82,5,filler,none,28,correct
No,No,82,5,filler,none,28,correct
No,No,84,5,filler,none,28,correct
No,No,84,5,filler,none,28,correct
No,No,84,5,filler,none,28,correct
No,No,84,5,filler,none,28,correct
No,No,84,5,filler,none,28,correct
No,No,84,5,filler,none,28,correct
No,No,84,5,filler,none,28,correct
No,No,84,5,filler,none,28,correct
No,No,84,5,filler,none,28,correct
No,No,84,5,filler,none,28,correct
No,No,84,5,filler,none,28,correct
No,No,84,5,filler,none,28,correct
No,No,84,5,filler,none,28,correct
No,No,87,5,filler,none,28,correct
No,No,87,5,filler,none,28,correct
No,No,87,5,filler,none,28,correct
No,No,87,5,filler,none,28,correct
No,No,87,5,filler,none,28,correct
No,No,87,5,filler,none,28,correct
No,No,87,5,filler,none,28,correct
No,No,87,5,filler,none,28,correct
No,No,87,5,filler,none,28,correct
No,No,87,5,filler,none,28,correct
No,No,87,5,filler,none,28,correct
No,No,87,5,filler,none,28,correct
No,No,87,5,filler,none,28,correct
No,No,89,5,filler,none,28,correct
No,No,89,5,filler,none,28,correct
No,No,89,5,filler,none,28,correct
No,No,89,5,filler,none,28,correct
No,No,89,5,filler,none,28,correct
No,No,89,5,filler,none,28,correct
No,No,89,5,filler,none,28,correct
No,No,89,5,filler,none,28,correct
No,No,89,5,filler,none,28,correct
No,No,89,5,filler,none,28,correct
No,No,89,5,filler,none,28,correct
No,No,89,5,filler,none,28,correct
No,No,89,5,filler,none,28,correct
Yes,Yes,1,6,nomove,DP,29,correct
Yes,Yes,1,6,nomove,DP,29,correct
Yes,Yes,1,6,nomove,DP,29,correct
Yes,Yes,1,6,nomove,DP,29,correct
Yes,Yes,1,6,nomove,DP,29,correct
Yes,Yes,2,6,nomove,unacc,29,correct
Yes,Yes,2,6,nomove,unacc,29,correct
Yes,Yes,2,6,nomove,unacc,29,correct
Yes,Yes,2,6,nomove,unacc,29,correct
Yes,Yes,2,6,nomove,unacc,29,correct
No,No,5,6,move,unacc,29,correct
No,No,5,6,move,unacc,29,correct
No,No,5,6,move,unacc,29,correct
No,No,5,6,move,unacc,29,correct
No,No,5,6,move,unacc,29,correct
No,Yes,6,6,move,CP,29,incorrect
No,Yes,6,6,move,CP,29,incorrect
No,Yes,6,6,move,CP,29,incorrect
No,Yes,6,6,move,CP,29,incorrect
No,Yes,6,6,move,CP,29,incorrect
Yes,Yes,7,6,nomove,DP,29,correct
Yes,Yes,7,6,nomove,DP,29,correct
Yes,Yes,7,6,nomove,DP,29,correct
Yes,Yes,7,6,nomove,DP,29,correct
Yes,Yes,7,6,nomove,DP,29,correct
No,Yes,11,6,move,unacc,29,incorrect
No,Yes,11,6,move,unacc,29,incorrect
No,Yes,11,6,move,unacc,29,incorrect
No,Yes,11,6,move,unacc,29,incorrect
No,Yes,11,6,move,unacc,29,incorrect
Yes,Yes,13,6,nomove,DP,29,correct
Yes,Yes,13,6,nomove,DP,29,correct
Yes,Yes,13,6,nomove,DP,29,correct
Yes,Yes,13,6,nomove,DP,29,correct
Yes,Yes,13,6,nomove,DP,29,correct
Yes,Yes,14,6,nomove,unacc,29,correct
Yes,Yes,14,6,nomove,unacc,29,correct
Yes,Yes,14,6,nomove,unacc,29,correct
Yes,Yes,14,6,nomove,unacc,29,correct
Yes,Yes,14,6,nomove,unacc,29,correct
Yes,Yes,17,6,move,DP,29,correct
Yes,Yes,17,6,move,DP,29,correct
Yes,Yes,17,6,move,DP,29,correct
Yes,Yes,17,6,move,DP,29,correct
Yes,Yes,17,6,move,DP,29,correct
Yes,Yes,19,6,nomove,DP,29,correct
Yes,Yes,19,6,nomove,DP,29,correct
Yes,Yes,19,6,nomove,DP,29,correct
Yes,Yes,19,6,nomove,DP,29,correct
Yes,Yes,19,6,nomove,DP,29,correct
Yes,Yes,21,6,nomove,CP,29,correct
Yes,Yes,21,6,nomove,CP,29,correct
Yes,Yes,21,6,nomove,CP,29,correct
Yes,Yes,21,6,nomove,CP,29,correct
Yes,Yes,21,6,nomove,CP,29,correct
Yes,Yes,22,6,move,DP,29,correct
Yes,Yes,22,6,move,DP,29,correct
Yes,Yes,22,6,move,DP,29,correct
Yes,Yes,22,6,move,DP,29,correct
Yes,Yes,22,6,move,DP,29,correct
No,No,25,6,nomove,DP,29,correct
No,No,25,6,nomove,DP,29,correct
No,No,25,6,nomove,DP,29,correct
No,No,25,6,nomove,DP,29,correct
No,No,25,6,nomove,DP,29,correct
Yes,Yes,30,6,move,CP,29,correct
Yes,Yes,30,6,move,CP,29,correct
Yes,Yes,30,6,move,CP,29,correct
Yes,Yes,30,6,move,CP,29,correct
Yes,Yes,30,6,move,CP,29,correct
No,No,31,6,nomove,DP,29,correct
No,No,31,6,nomove,DP,29,correct
No,No,31,6,nomove,DP,29,correct
No,No,31,6,nomove,DP,29,correct
No,No,31,6,nomove,DP,29,correct
Yes,Yes,32,6,nomove,unacc,29,correct
Yes,Yes,32,6,nomove,unacc,29,correct
Yes,Yes,32,6,nomove,unacc,29,correct
Yes,Yes,32,6,nomove,unacc,29,correct
Yes,Yes,32,6,nomove,unacc,29,correct
No,No,33,6,nomove,CP,29,correct
No,No,33,6,nomove,CP,29,correct
No,No,33,6,nomove,CP,29,correct
No,No,33,6,nomove,CP,29,correct
No,No,33,6,nomove,CP,29,correct
No,Yes,35,6,move,unacc,29,incorrect
No,Yes,35,6,move,unacc,29,incorrect
No,Yes,35,6,move,unacc,29,incorrect
No,Yes,35,6,move,unacc,29,incorrect
No,Yes,35,6,move,unacc,29,incorrect
No,No,37,6,filler,none,29,correct
No,No,37,6,filler,none,29,correct
No,No,37,6,filler,none,29,correct
No,No,37,6,filler,none,29,correct
No,No,37,6,filler,none,29,correct
No,No,37,6,filler,none,29,correct
No,No,37,6,filler,none,29,correct
No,No,37,6,filler,none,29,correct
No,No,37,6,filler,none,29,correct
No,No,37,6,filler,none,29,correct
No,No,37,6,filler,none,29,correct
No,No,38,6,filler,none,29,correct
No,No,38,6,filler,none,29,correct
No,No,38,6,filler,none,29,correct
No,No,38,6,filler,none,29,correct
No,No,38,6,filler,none,29,correct
No,No,38,6,filler,none,29,correct
No,No,38,6,filler,none,29,correct
No,No,38,6,filler,none,29,correct
No,No,38,6,filler,none,29,correct
No,No,38,6,filler,none,29,correct
No,No,38,6,filler,none,29,correct
No,No,39,6,filler,none,29,correct
No,No,39,6,filler,none,29,correct
No,No,39,6,filler,none,29,correct
No,No,39,6,filler,none,29,correct
No,No,39,6,filler,none,29,correct
No,No,39,6,filler,none,29,correct
No,No,39,6,filler,none,29,correct
No,No,39,6,filler,none,29,correct
No,No,39,6,filler,none,29,correct
No,No,39,6,filler,none,29,correct
No,No,39,6,filler,none,29,correct
Yes,Yes,43,6,filler,none,29,correct
Yes,Yes,43,6,filler,none,29,correct
Yes,Yes,43,6,filler,none,29,correct
Yes,Yes,43,6,filler,none,29,correct
Yes,Yes,43,6,filler,none,29,correct
Yes,Yes,43,6,filler,none,29,correct
Yes,Yes,43,6,filler,none,29,correct
Yes,Yes,43,6,filler,none,29,correct
Yes,Yes,43,6,filler,none,29,correct
Yes,Yes,43,6,filler,none,29,correct
Yes,Yes,43,6,filler,none,29,correct
No,No,44,6,filler,none,29,correct
No,No,44,6,filler,none,29,correct
No,No,44,6,filler,none,29,correct
No,No,44,6,filler,none,29,correct
No,No,44,6,filler,none,29,correct
No,No,44,6,filler,none,29,correct
No,No,44,6,filler,none,29,correct
No,No,44,6,filler,none,29,correct
No,No,44,6,filler,none,29,correct
No,No,44,6,filler,none,29,correct
No,No,44,6,filler,none,29,correct
No,No,46,6,filler,none,29,correct
No,No,46,6,filler,none,29,correct
No,No,46,6,filler,none,29,correct
No,No,46,6,filler,none,29,correct
No,No,46,6,filler,none,29,correct
No,No,46,6,filler,none,29,correct
No,No,46,6,filler,none,29,correct
No,No,46,6,filler,none,29,correct
No,No,46,6,filler,none,29,correct
No,No,46,6,filler,none,29,correct
No,No,46,6,filler,none,29,correct
Yes,Yes,48,6,filler,none,29,correct
Yes,Yes,48,6,filler,none,29,correct
Yes,Yes,48,6,filler,none,29,correct
Yes,Yes,48,6,filler,none,29,correct
Yes,Yes,48,6,filler,none,29,correct
Yes,Yes,48,6,filler,none,29,correct
Yes,Yes,48,6,filler,none,29,correct
Yes,Yes,48,6,filler,none,29,correct
Yes,Yes,48,6,filler,none,29,correct
Yes,Yes,48,6,filler,none,29,correct
Yes,Yes,48,6,filler,none,29,correct
No,No,50,6,filler,none,29,correct
No,No,50,6,filler,none,29,correct
No,No,50,6,filler,none,29,correct
No,No,50,6,filler,none,29,correct
No,No,50,6,filler,none,29,correct
No,No,50,6,filler,none,29,correct
No,No,50,6,filler,none,29,correct
No,No,50,6,filler,none,29,correct
No,No,50,6,filler,none,29,correct
No,No,50,6,filler,none,29,correct
No,No,50,6,filler,none,29,correct
Yes,Yes,52,6,filler,none,29,correct
Yes,Yes,52,6,filler,none,29,correct
Yes,Yes,52,6,filler,none,29,correct
Yes,Yes,52,6,filler,none,29,correct
Yes,Yes,52,6,filler,none,29,correct
Yes,Yes,52,6,filler,none,29,correct
Yes,Yes,52,6,filler,none,29,correct
Yes,Yes,52,6,filler,none,29,correct
Yes,Yes,52,6,filler,none,29,correct
Yes,Yes,52,6,filler,none,29,correct
Yes,Yes,52,6,filler,none,29,correct
No,No,53,6,filler,none,29,correct
No,No,53,6,filler,none,29,correct
No,No,53,6,filler,none,29,correct
No,No,53,6,filler,none,29,correct
No,No,53,6,filler,none,29,correct
No,No,53,6,filler,none,29,correct
No,No,53,6,filler,none,29,correct
No,No,53,6,filler,none,29,correct
No,No,53,6,filler,none,29,correct
No,No,53,6,filler,none,29,correct
No,No,53,6,filler,none,29,correct
Yes,Yes,58,6,filler,none,29,correct
Yes,Yes,58,6,filler,none,29,correct
Yes,Yes,58,6,filler,none,29,correct
Yes,Yes,58,6,filler,none,29,correct
Yes,Yes,58,6,filler,none,29,correct
Yes,Yes,58,6,filler,none,29,correct
Yes,Yes,58,6,filler,none,29,correct
Yes,Yes,58,6,filler,none,29,correct
Yes,Yes,58,6,filler,none,29,correct
Yes,Yes,58,6,filler,none,29,correct
Yes,Yes,58,6,filler,none,29,correct
Yes,Yes,58,6,filler,none,29,correct
No,No,59,6,filler,none,29,correct
No,No,59,6,filler,none,29,correct
No,No,59,6,filler,none,29,correct
No,No,59,6,filler,none,29,correct
No,No,59,6,filler,none,29,correct
No,No,59,6,filler,none,29,correct
No,No,59,6,filler,none,29,correct
No,No,59,6,filler,none,29,correct
No,No,59,6,filler,none,29,correct
No,No,59,6,filler,none,29,correct
No,No,59,6,filler,none,29,correct
No,No,59,6,filler,none,29,correct
No,No,59,6,filler,none,29,correct
No,No,62,6,filler,none,29,correct
No,No,62,6,filler,none,29,correct
No,No,62,6,filler,none,29,correct
No,No,62,6,filler,none,29,correct
No,No,62,6,filler,none,29,correct
No,No,62,6,filler,none,29,correct
No,No,62,6,filler,none,29,correct
No,No,62,6,filler,none,29,correct
No,No,62,6,filler,none,29,correct
No,No,62,6,filler,none,29,correct
No,No,62,6,filler,none,29,correct
No,No,62,6,filler,none,29,correct
Yes,Yes,64,6,filler,none,29,correct
Yes,Yes,64,6,filler,none,29,correct
Yes,Yes,64,6,filler,none,29,correct
Yes,Yes,64,6,filler,none,29,correct
Yes,Yes,64,6,filler,none,29,correct
Yes,Yes,64,6,filler,none,29,correct
Yes,Yes,64,6,filler,none,29,correct
Yes,Yes,64,6,filler,none,29,correct
Yes,Yes,64,6,filler,none,29,correct
Yes,Yes,64,6,filler,none,29,correct
Yes,Yes,64,6,filler,none,29,correct
Yes,Yes,64,6,filler,none,29,correct
No,No,66,6,filler,none,29,correct
No,No,66,6,filler,none,29,correct
No,No,66,6,filler,none,29,correct
No,No,66,6,filler,none,29,correct
No,No,66,6,filler,none,29,correct
No,No,66,6,filler,none,29,correct
No,No,66,6,filler,none,29,correct
No,No,66,6,filler,none,29,correct
No,No,66,6,filler,none,29,correct
No,No,66,6,filler,none,29,correct
No,No,66,6,filler,none,29,correct
No,No,66,6,filler,none,29,correct
No,No,68,6,filler,none,29,correct
No,No,68,6,filler,none,29,correct
No,No,68,6,filler,none,29,correct
No,No,68,6,filler,none,29,correct
No,No,68,6,filler,none,29,correct
No,No,68,6,filler,none,29,correct
No,No,68,6,filler,none,29,correct
No,No,68,6,filler,none,29,correct
No,No,68,6,filler,none,29,correct
No,No,68,6,filler,none,29,correct
No,No,68,6,filler,none,29,correct
No,No,68,6,filler,none,29,correct
No,No,69,6,filler,none,29,correct
No,No,69,6,filler,none,29,correct
No,No,69,6,filler,none,29,correct
No,No,69,6,filler,none,29,correct
No,No,69,6,filler,none,29,correct
No,No,69,6,filler,none,29,correct
No,No,69,6,filler,none,29,correct
No,No,69,6,filler,none,29,correct
No,No,69,6,filler,none,29,correct
No,No,69,6,filler,none,29,correct
No,No,69,6,filler,none,29,correct
No,No,69,6,filler,none,29,correct
Yes,Yes,72,6,filler,none,29,correct
Yes,Yes,72,6,filler,none,29,correct
Yes,Yes,72,6,filler,none,29,correct
Yes,Yes,72,6,filler,none,29,correct
Yes,Yes,72,6,filler,none,29,correct
Yes,Yes,72,6,filler,none,29,correct
Yes,Yes,72,6,filler,none,29,correct
Yes,Yes,72,6,filler,none,29,correct
Yes,Yes,72,6,filler,none,29,correct
Yes,Yes,72,6,filler,none,29,correct
Yes,Yes,72,6,filler,none,29,correct
Yes,Yes,72,6,filler,none,29,correct
Yes,No,73,6,filler,none,29,incorrect
Yes,No,73,6,filler,none,29,incorrect
Yes,No,73,6,filler,none,29,incorrect
Yes,No,73,6,filler,none,29,incorrect
Yes,No,73,6,filler,none,29,incorrect
Yes,No,73,6,filler,none,29,incorrect
Yes,No,73,6,filler,none,29,incorrect
Yes,No,73,6,filler,none,29,incorrect
Yes,No,73,6,filler,none,29,incorrect
Yes,No,73,6,filler,none,29,incorrect
Yes,No,73,6,filler,none,29,incorrect
Yes,No,73,6,filler,none,29,incorrect
Yes,No,73,6,filler,none,29,incorrect
Yes,Yes,74,6,filler,none,29,correct
Yes,Yes,74,6,filler,none,29,correct
Yes,Yes,74,6,filler,none,29,correct
Yes,Yes,74,6,filler,none,29,correct
Yes,Yes,74,6,filler,none,29,correct
Yes,Yes,74,6,filler,none,29,correct
Yes,Yes,74,6,filler,none,29,correct
Yes,Yes,74,6,filler,none,29,correct
Yes,Yes,74,6,filler,none,29,correct
Yes,Yes,74,6,filler,none,29,correct
Yes,Yes,74,6,filler,none,29,correct
Yes,Yes,74,6,filler,none,29,correct
Yes,Yes,74,6,filler,none,29,correct
Yes,Yes,75,6,filler,none,29,correct
Yes,Yes,75,6,filler,none,29,correct
Yes,Yes,75,6,filler,none,29,correct
Yes,Yes,75,6,filler,none,29,correct
Yes,Yes,75,6,filler,none,29,correct
Yes,Yes,75,6,filler,none,29,correct
Yes,Yes,75,6,filler,none,29,correct
Yes,Yes,75,6,filler,none,29,correct
Yes,Yes,75,6,filler,none,29,correct
Yes,Yes,75,6,filler,none,29,correct
Yes,Yes,75,6,filler,none,29,correct
Yes,Yes,75,6,filler,none,29,correct
Yes,Yes,75,6,filler,none,29,correct
Yes,Yes,77,6,filler,none,29,correct
Yes,Yes,77,6,filler,none,29,correct
Yes,Yes,77,6,filler,none,29,correct
Yes,Yes,77,6,filler,none,29,correct
Yes,Yes,77,6,filler,none,29,correct
Yes,Yes,77,6,filler,none,29,correct
Yes,Yes,77,6,filler,none,29,correct
Yes,Yes,77,6,filler,none,29,correct
Yes,Yes,77,6,filler,none,29,correct
Yes,Yes,77,6,filler,none,29,correct
Yes,Yes,77,6,filler,none,29,correct
Yes,Yes,77,6,filler,none,29,correct
Yes,Yes,77,6,filler,none,29,correct
No,No,78,6,filler,none,29,correct
No,No,78,6,filler,none,29,correct
No,No,78,6,filler,none,29,correct
No,No,78,6,filler,none,29,correct
No,No,78,6,filler,none,29,correct
No,No,78,6,filler,none,29,correct
No,No,78,6,filler,none,29,correct
No,No,78,6,filler,none,29,correct
No,No,78,6,filler,none,29,correct
No,No,78,6,filler,none,29,correct
No,No,78,6,filler,none,29,correct
No,No,78,6,filler,none,29,correct
No,No,78,6,filler,none,29,correct
No,No,80,6,filler,none,29,correct
No,No,80,6,filler,none,29,correct
No,No,80,6,filler,none,29,correct
No,No,80,6,filler,none,29,correct
No,No,80,6,filler,none,29,correct
No,No,80,6,filler,none,29,correct
No,No,80,6,filler,none,29,correct
No,No,80,6,filler,none,29,correct
No,No,80,6,filler,none,29,correct
No,No,80,6,filler,none,29,correct
No,No,80,6,filler,none,29,correct
No,No,80,6,filler,none,29,correct
No,No,80,6,filler,none,29,correct
No,No,82,6,filler,none,29,correct
No,No,82,6,filler,none,29,correct
No,No,82,6,filler,none,29,correct
No,No,82,6,filler,none,29,correct
No,No,82,6,filler,none,29,correct
No,No,82,6,filler,none,29,correct
No,No,82,6,filler,none,29,correct
No,No,82,6,filler,none,29,correct
No,No,82,6,filler,none,29,correct
No,No,82,6,filler,none,29,correct
No,No,82,6,filler,none,29,correct
No,No,82,6,filler,none,29,correct
No,No,82,6,filler,none,29,correct
No,No,84,6,filler,none,29,correct
No,No,84,6,filler,none,29,correct
No,No,84,6,filler,none,29,correct
No,No,84,6,filler,none,29,correct
No,No,84,6,filler,none,29,correct
No,No,84,6,filler,none,29,correct
No,No,84,6,filler,none,29,correct
No,No,84,6,filler,none,29,correct
No,No,84,6,filler,none,29,correct
No,No,84,6,filler,none,29,correct
No,No,84,6,filler,none,29,correct
No,No,84,6,filler,none,29,correct
No,No,84,6,filler,none,29,correct
No,No,87,6,filler,none,29,correct
No,No,87,6,filler,none,29,correct
No,No,87,6,filler,none,29,correct
No,No,87,6,filler,none,29,correct
No,No,87,6,filler,none,29,correct
No,No,87,6,filler,none,29,correct
No,No,87,6,filler,none,29,correct
No,No,87,6,filler,none,29,correct
No,No,87,6,filler,none,29,correct
No,No,87,6,filler,none,29,correct
No,No,87,6,filler,none,29,correct
No,No,87,6,filler,none,29,correct
No,No,87,6,filler,none,29,correct
No,No,89,6,filler,none,29,correct
No,No,89,6,filler,none,29,correct
No,No,89,6,filler,none,29,correct
No,No,89,6,filler,none,29,correct
No,No,89,6,filler,none,29,correct
No,No,89,6,filler,none,29,correct
No,No,89,6,filler,none,29,correct
No,No,89,6,filler,none,29,correct
No,No,89,6,filler,none,29,correct
No,No,89,6,filler,none,29,correct
No,No,89,6,filler,none,29,correct
No,No,89,6,filler,none,29,correct
No,No,89,6,filler,none,29,correct
Yes,Yes,1,1,move,CP,30,correct
Yes,Yes,1,1,move,CP,30,correct
Yes,Yes,1,1,move,CP,30,correct
Yes,Yes,1,1,move,CP,30,correct
Yes,Yes,1,1,move,CP,30,correct
Yes,Yes,2,1,nomove,DP,30,correct
Yes,Yes,2,1,nomove,DP,30,correct
Yes,Yes,2,1,nomove,DP,30,correct
Yes,Yes,2,1,nomove,DP,30,correct
Yes,Yes,2,1,nomove,DP,30,correct
No,No,5,1,move,DP,30,correct
No,No,5,1,move,DP,30,correct
No,No,5,1,move,DP,30,correct
No,No,5,1,move,DP,30,correct
No,No,5,1,move,DP,30,correct
Yes,Yes,6,1,move,unacc,30,correct
Yes,Yes,6,1,move,unacc,30,correct
Yes,Yes,6,1,move,unacc,30,correct
Yes,Yes,6,1,move,unacc,30,correct
Yes,Yes,6,1,move,unacc,30,correct
Yes,Yes,7,1,move,CP,30,correct
Yes,Yes,7,1,move,CP,30,correct
Yes,Yes,7,1,move,CP,30,correct
Yes,Yes,7,1,move,CP,30,correct
Yes,Yes,7,1,move,CP,30,correct
No,Yes,11,1,move,DP,30,incorrect
No,Yes,11,1,move,DP,30,incorrect
No,Yes,11,1,move,DP,30,incorrect
No,Yes,11,1,move,DP,30,incorrect
No,Yes,11,1,move,DP,30,incorrect
Yes,Yes,13,1,move,CP,30,correct
Yes,Yes,13,1,move,CP,30,correct
Yes,Yes,13,1,move,CP,30,correct
Yes,Yes,13,1,move,CP,30,correct
Yes,Yes,13,1,move,CP,30,correct
Yes,Yes,14,1,nomove,DP,30,correct
Yes,Yes,14,1,nomove,DP,30,correct
Yes,Yes,14,1,nomove,DP,30,correct
Yes,Yes,14,1,nomove,DP,30,correct
Yes,Yes,14,1,nomove,DP,30,correct
Yes,Yes,17,1,nomove,CP,30,correct
Yes,Yes,17,1,nomove,CP,30,correct
Yes,Yes,17,1,nomove,CP,30,correct
Yes,Yes,17,1,nomove,CP,30,correct
Yes,Yes,17,1,nomove,CP,30,correct
Yes,Yes,19,1,move,CP,30,correct
Yes,Yes,19,1,move,CP,30,correct
Yes,Yes,19,1,move,CP,30,correct
Yes,Yes,19,1,move,CP,30,correct
Yes,Yes,19,1,move,CP,30,correct
Yes,Yes,21,1,nomove,unacc,30,correct
Yes,Yes,21,1,nomove,unacc,30,correct
Yes,Yes,21,1,nomove,unacc,30,correct
Yes,Yes,21,1,nomove,unacc,30,correct
Yes,Yes,21,1,nomove,unacc,30,correct
Yes,Yes,22,1,nomove,CP,30,correct
Yes,Yes,22,1,nomove,CP,30,correct
Yes,Yes,22,1,nomove,CP,30,correct
Yes,Yes,22,1,nomove,CP,30,correct
Yes,Yes,22,1,nomove,CP,30,correct
No,No,25,1,move,CP,30,correct
No,No,25,1,move,CP,30,correct
No,No,25,1,move,CP,30,correct
No,No,25,1,move,CP,30,correct
No,No,25,1,move,CP,30,correct
Yes,Yes,30,1,move,unacc,30,correct
Yes,Yes,30,1,move,unacc,30,correct
Yes,Yes,30,1,move,unacc,30,correct
Yes,Yes,30,1,move,unacc,30,correct
Yes,Yes,30,1,move,unacc,30,correct
No,No,31,1,move,CP,30,correct
No,No,31,1,move,CP,30,correct
No,No,31,1,move,CP,30,correct
No,No,31,1,move,CP,30,correct
No,No,31,1,move,CP,30,correct
No,Yes,32,1,nomove,DP,30,incorrect
No,Yes,32,1,nomove,DP,30,incorrect
No,Yes,32,1,nomove,DP,30,incorrect
No,Yes,32,1,nomove,DP,30,incorrect
No,Yes,32,1,nomove,DP,30,incorrect
No,No,33,1,nomove,unacc,30,correct
No,No,33,1,nomove,unacc,30,correct
No,No,33,1,nomove,unacc,30,correct
No,No,33,1,nomove,unacc,30,correct
No,No,33,1,nomove,unacc,30,correct
Yes,Yes,35,1,move,DP,30,correct
Yes,Yes,35,1,move,DP,30,correct
Yes,Yes,35,1,move,DP,30,correct
Yes,Yes,35,1,move,DP,30,correct
Yes,Yes,35,1,move,DP,30,correct
No,No,37,1,filler,none,30,correct
No,No,37,1,filler,none,30,correct
No,No,37,1,filler,none,30,correct
No,No,37,1,filler,none,30,correct
No,No,37,1,filler,none,30,correct
No,No,37,1,filler,none,30,correct
No,No,37,1,filler,none,30,correct
No,No,37,1,filler,none,30,correct
No,No,37,1,filler,none,30,correct
No,No,37,1,filler,none,30,correct
No,No,37,1,filler,none,30,correct
No,No,38,1,filler,none,30,correct
No,No,38,1,filler,none,30,correct
No,No,38,1,filler,none,30,correct
No,No,38,1,filler,none,30,correct
No,No,38,1,filler,none,30,correct
No,No,38,1,filler,none,30,correct
No,No,38,1,filler,none,30,correct
No,No,38,1,filler,none,30,correct
No,No,38,1,filler,none,30,correct
No,No,38,1,filler,none,30,correct
No,No,38,1,filler,none,30,correct
No,No,39,1,filler,none,30,correct
No,No,39,1,filler,none,30,correct
No,No,39,1,filler,none,30,correct
No,No,39,1,filler,none,30,correct
No,No,39,1,filler,none,30,correct
No,No,39,1,filler,none,30,correct
No,No,39,1,filler,none,30,correct
No,No,39,1,filler,none,30,correct
No,No,39,1,filler,none,30,correct
No,No,39,1,filler,none,30,correct
No,No,39,1,filler,none,30,correct
Yes,Yes,43,1,filler,none,30,correct
Yes,Yes,43,1,filler,none,30,correct
Yes,Yes,43,1,filler,none,30,correct
Yes,Yes,43,1,filler,none,30,correct
Yes,Yes,43,1,filler,none,30,correct
Yes,Yes,43,1,filler,none,30,correct
Yes,Yes,43,1,filler,none,30,correct
Yes,Yes,43,1,filler,none,30,correct
Yes,Yes,43,1,filler,none,30,correct
Yes,Yes,43,1,filler,none,30,correct
Yes,Yes,43,1,filler,none,30,correct
No,No,44,1,filler,none,30,correct
No,No,44,1,filler,none,30,correct
No,No,44,1,filler,none,30,correct
No,No,44,1,filler,none,30,correct
No,No,44,1,filler,none,30,correct
No,No,44,1,filler,none,30,correct
No,No,44,1,filler,none,30,correct
No,No,44,1,filler,none,30,correct
No,No,44,1,filler,none,30,correct
No,No,44,1,filler,none,30,correct
No,No,44,1,filler,none,30,correct
No,No,46,1,filler,none,30,correct
No,No,46,1,filler,none,30,correct
No,No,46,1,filler,none,30,correct
No,No,46,1,filler,none,30,correct
No,No,46,1,filler,none,30,correct
No,No,46,1,filler,none,30,correct
No,No,46,1,filler,none,30,correct
No,No,46,1,filler,none,30,correct
No,No,46,1,filler,none,30,correct
No,No,46,1,filler,none,30,correct
No,No,46,1,filler,none,30,correct
Yes,Yes,48,1,filler,none,30,correct
Yes,Yes,48,1,filler,none,30,correct
Yes,Yes,48,1,filler,none,30,correct
Yes,Yes,48,1,filler,none,30,correct
Yes,Yes,48,1,filler,none,30,correct
Yes,Yes,48,1,filler,none,30,correct
Yes,Yes,48,1,filler,none,30,correct
Yes,Yes,48,1,filler,none,30,correct
Yes,Yes,48,1,filler,none,30,correct
Yes,Yes,48,1,filler,none,30,correct
Yes,Yes,48,1,filler,none,30,correct
No,No,50,1,filler,none,30,correct
No,No,50,1,filler,none,30,correct
No,No,50,1,filler,none,30,correct
No,No,50,1,filler,none,30,correct
No,No,50,1,filler,none,30,correct
No,No,50,1,filler,none,30,correct
No,No,50,1,filler,none,30,correct
No,No,50,1,filler,none,30,correct
No,No,50,1,filler,none,30,correct
No,No,50,1,filler,none,30,correct
No,No,50,1,filler,none,30,correct
Yes,Yes,52,1,filler,none,30,correct
Yes,Yes,52,1,filler,none,30,correct
Yes,Yes,52,1,filler,none,30,correct
Yes,Yes,52,1,filler,none,30,correct
Yes,Yes,52,1,filler,none,30,correct
Yes,Yes,52,1,filler,none,30,correct
Yes,Yes,52,1,filler,none,30,correct
Yes,Yes,52,1,filler,none,30,correct
Yes,Yes,52,1,filler,none,30,correct
Yes,Yes,52,1,filler,none,30,correct
Yes,Yes,52,1,filler,none,30,correct
No,No,53,1,filler,none,30,correct
No,No,53,1,filler,none,30,correct
No,No,53,1,filler,none,30,correct
No,No,53,1,filler,none,30,correct
No,No,53,1,filler,none,30,correct
No,No,53,1,filler,none,30,correct
No,No,53,1,filler,none,30,correct
No,No,53,1,filler,none,30,correct
No,No,53,1,filler,none,30,correct
No,No,53,1,filler,none,30,correct
No,No,53,1,filler,none,30,correct
Yes,Yes,58,1,filler,none,30,correct
Yes,Yes,58,1,filler,none,30,correct
Yes,Yes,58,1,filler,none,30,correct
Yes,Yes,58,1,filler,none,30,correct
Yes,Yes,58,1,filler,none,30,correct
Yes,Yes,58,1,filler,none,30,correct
Yes,Yes,58,1,filler,none,30,correct
Yes,Yes,58,1,filler,none,30,correct
Yes,Yes,58,1,filler,none,30,correct
Yes,Yes,58,1,filler,none,30,correct
Yes,Yes,58,1,filler,none,30,correct
Yes,Yes,58,1,filler,none,30,correct
No,No,59,1,filler,none,30,correct
No,No,59,1,filler,none,30,correct
No,No,59,1,filler,none,30,correct
No,No,59,1,filler,none,30,correct
No,No,59,1,filler,none,30,correct
No,No,59,1,filler,none,30,correct
No,No,59,1,filler,none,30,correct
No,No,59,1,filler,none,30,correct
No,No,59,1,filler,none,30,correct
No,No,59,1,filler,none,30,correct
No,No,59,1,filler,none,30,correct
No,No,59,1,filler,none,30,correct
No,No,59,1,filler,none,30,correct
Yes,No,62,1,filler,none,30,incorrect
Yes,No,62,1,filler,none,30,incorrect
Yes,No,62,1,filler,none,30,incorrect
Yes,No,62,1,filler,none,30,incorrect
Yes,No,62,1,filler,none,30,incorrect
Yes,No,62,1,filler,none,30,incorrect
Yes,No,62,1,filler,none,30,incorrect
Yes,No,62,1,filler,none,30,incorrect
Yes,No,62,1,filler,none,30,incorrect
Yes,No,62,1,filler,none,30,incorrect
Yes,No,62,1,filler,none,30,incorrect
Yes,No,62,1,filler,none,30,incorrect
Yes,Yes,64,1,filler,none,30,correct
Yes,Yes,64,1,filler,none,30,correct
Yes,Yes,64,1,filler,none,30,correct
Yes,Yes,64,1,filler,none,30,correct
Yes,Yes,64,1,filler,none,30,correct
Yes,Yes,64,1,filler,none,30,correct
Yes,Yes,64,1,filler,none,30,correct
Yes,Yes,64,1,filler,none,30,correct
Yes,Yes,64,1,filler,none,30,correct
Yes,Yes,64,1,filler,none,30,correct
Yes,Yes,64,1,filler,none,30,correct
Yes,Yes,64,1,filler,none,30,correct
No,No,66,1,filler,none,30,correct
No,No,66,1,filler,none,30,correct
No,No,66,1,filler,none,30,correct
No,No,66,1,filler,none,30,correct
No,No,66,1,filler,none,30,correct
No,No,66,1,filler,none,30,correct
No,No,66,1,filler,none,30,correct
No,No,66,1,filler,none,30,correct
No,No,66,1,filler,none,30,correct
No,No,66,1,filler,none,30,correct
No,No,66,1,filler,none,30,correct
No,No,66,1,filler,none,30,correct
No,No,68,1,filler,none,30,correct
No,No,68,1,filler,none,30,correct
No,No,68,1,filler,none,30,correct
No,No,68,1,filler,none,30,correct
No,No,68,1,filler,none,30,correct
No,No,68,1,filler,none,30,correct
No,No,68,1,filler,none,30,correct
No,No,68,1,filler,none,30,correct
No,No,68,1,filler,none,30,correct
No,No,68,1,filler,none,30,correct
No,No,68,1,filler,none,30,correct
No,No,68,1,filler,none,30,correct
No,No,69,1,filler,none,30,correct
No,No,69,1,filler,none,30,correct
No,No,69,1,filler,none,30,correct
No,No,69,1,filler,none,30,correct
No,No,69,1,filler,none,30,correct
No,No,69,1,filler,none,30,correct
No,No,69,1,filler,none,30,correct
No,No,69,1,filler,none,30,correct
No,No,69,1,filler,none,30,correct
No,No,69,1,filler,none,30,correct
No,No,69,1,filler,none,30,correct
No,No,69,1,filler,none,30,correct
Yes,Yes,72,1,filler,none,30,correct
Yes,Yes,72,1,filler,none,30,correct
Yes,Yes,72,1,filler,none,30,correct
Yes,Yes,72,1,filler,none,30,correct
Yes,Yes,72,1,filler,none,30,correct
Yes,Yes,72,1,filler,none,30,correct
Yes,Yes,72,1,filler,none,30,correct
Yes,Yes,72,1,filler,none,30,correct
Yes,Yes,72,1,filler,none,30,correct
Yes,Yes,72,1,filler,none,30,correct
Yes,Yes,72,1,filler,none,30,correct
Yes,Yes,72,1,filler,none,30,correct
No,No,73,1,filler,none,30,correct
No,No,73,1,filler,none,30,correct
No,No,73,1,filler,none,30,correct
No,No,73,1,filler,none,30,correct
No,No,73,1,filler,none,30,correct
No,No,73,1,filler,none,30,correct
No,No,73,1,filler,none,30,correct
No,No,73,1,filler,none,30,correct
No,No,73,1,filler,none,30,correct
No,No,73,1,filler,none,30,correct
No,No,73,1,filler,none,30,correct
No,No,73,1,filler,none,30,correct
No,No,73,1,filler,none,30,correct
Yes,Yes,74,1,filler,none,30,correct
Yes,Yes,74,1,filler,none,30,correct
Yes,Yes,74,1,filler,none,30,correct
Yes,Yes,74,1,filler,none,30,correct
Yes,Yes,74,1,filler,none,30,correct
Yes,Yes,74,1,filler,none,30,correct
Yes,Yes,74,1,filler,none,30,correct
Yes,Yes,74,1,filler,none,30,correct
Yes,Yes,74,1,filler,none,30,correct
Yes,Yes,74,1,filler,none,30,correct
Yes,Yes,74,1,filler,none,30,correct
Yes,Yes,74,1,filler,none,30,correct
Yes,Yes,74,1,filler,none,30,correct
Yes,Yes,75,1,filler,none,30,correct
Yes,Yes,75,1,filler,none,30,correct
Yes,Yes,75,1,filler,none,30,correct
Yes,Yes,75,1,filler,none,30,correct
Yes,Yes,75,1,filler,none,30,correct
Yes,Yes,75,1,filler,none,30,correct
Yes,Yes,75,1,filler,none,30,correct
Yes,Yes,75,1,filler,none,30,correct
Yes,Yes,75,1,filler,none,30,correct
Yes,Yes,75,1,filler,none,30,correct
Yes,Yes,75,1,filler,none,30,correct
Yes,Yes,75,1,filler,none,30,correct
Yes,Yes,75,1,filler,none,30,correct
Yes,Yes,77,1,filler,none,30,correct
Yes,Yes,77,1,filler,none,30,correct
Yes,Yes,77,1,filler,none,30,correct
Yes,Yes,77,1,filler,none,30,correct
Yes,Yes,77,1,filler,none,30,correct
Yes,Yes,77,1,filler,none,30,correct
Yes,Yes,77,1,filler,none,30,correct
Yes,Yes,77,1,filler,none,30,correct
Yes,Yes,77,1,filler,none,30,correct
Yes,Yes,77,1,filler,none,30,correct
Yes,Yes,77,1,filler,none,30,correct
Yes,Yes,77,1,filler,none,30,correct
Yes,Yes,77,1,filler,none,30,correct
No,No,78,1,filler,none,30,correct
No,No,78,1,filler,none,30,correct
No,No,78,1,filler,none,30,correct
No,No,78,1,filler,none,30,correct
No,No,78,1,filler,none,30,correct
No,No,78,1,filler,none,30,correct
No,No,78,1,filler,none,30,correct
No,No,78,1,filler,none,30,correct
No,No,78,1,filler,none,30,correct
No,No,78,1,filler,none,30,correct
No,No,78,1,filler,none,30,correct
No,No,78,1,filler,none,30,correct
No,No,78,1,filler,none,30,correct
No,No,80,1,filler,none,30,correct
No,No,80,1,filler,none,30,correct
No,No,80,1,filler,none,30,correct
No,No,80,1,filler,none,30,correct
No,No,80,1,filler,none,30,correct
No,No,80,1,filler,none,30,correct
No,No,80,1,filler,none,30,correct
No,No,80,1,filler,none,30,correct
No,No,80,1,filler,none,30,correct
No,No,80,1,filler,none,30,correct
No,No,80,1,filler,none,30,correct
No,No,80,1,filler,none,30,correct
No,No,80,1,filler,none,30,correct
No,No,82,1,filler,none,30,correct
No,No,82,1,filler,none,30,correct
No,No,82,1,filler,none,30,correct
No,No,82,1,filler,none,30,correct
No,No,82,1,filler,none,30,correct
No,No,82,1,filler,none,30,correct
No,No,82,1,filler,none,30,correct
No,No,82,1,filler,none,30,correct
No,No,82,1,filler,none,30,correct
No,No,82,1,filler,none,30,correct
No,No,82,1,filler,none,30,correct
No,No,82,1,filler,none,30,correct
No,No,82,1,filler,none,30,correct
Yes,No,84,1,filler,none,30,incorrect
Yes,No,84,1,filler,none,30,incorrect
Yes,No,84,1,filler,none,30,incorrect
Yes,No,84,1,filler,none,30,incorrect
Yes,No,84,1,filler,none,30,incorrect
Yes,No,84,1,filler,none,30,incorrect
Yes,No,84,1,filler,none,30,incorrect
Yes,No,84,1,filler,none,30,incorrect
Yes,No,84,1,filler,none,30,incorrect
Yes,No,84,1,filler,none,30,incorrect
Yes,No,84,1,filler,none,30,incorrect
Yes,No,84,1,filler,none,30,incorrect
Yes,No,84,1,filler,none,30,incorrect
No,No,87,1,filler,none,30,correct
No,No,87,1,filler,none,30,correct
No,No,87,1,filler,none,30,correct
No,No,87,1,filler,none,30,correct
No,No,87,1,filler,none,30,correct
No,No,87,1,filler,none,30,correct
No,No,87,1,filler,none,30,correct
No,No,87,1,filler,none,30,correct
No,No,87,1,filler,none,30,correct
No,No,87,1,filler,none,30,correct
No,No,87,1,filler,none,30,correct
No,No,87,1,filler,none,30,correct
No,No,87,1,filler,none,30,correct
No,No,89,1,filler,none,30,correct
No,No,89,1,filler,none,30,correct
No,No,89,1,filler,none,30,correct
No,No,89,1,filler,none,30,correct
No,No,89,1,filler,none,30,correct
No,No,89,1,filler,none,30,correct
No,No,89,1,filler,none,30,correct
No,No,89,1,filler,none,30,correct
No,No,89,1,filler,none,30,correct
No,No,89,1,filler,none,30,correct
No,No,89,1,filler,none,30,correct
No,No,89,1,filler,none,30,correct
No,No,89,1,filler,none,30,correct
Yes,Yes,1,2,move,unacc,31,correct
Yes,Yes,1,2,move,unacc,31,correct
Yes,Yes,1,2,move,unacc,31,correct
Yes,Yes,1,2,move,unacc,31,correct
Yes,Yes,1,2,move,unacc,31,correct
Yes,Yes,2,2,move,CP,31,correct
Yes,Yes,2,2,move,CP,31,correct
Yes,Yes,2,2,move,CP,31,correct
Yes,Yes,2,2,move,CP,31,correct
Yes,Yes,2,2,move,CP,31,correct
No,No,5,2,nomove,CP,31,correct
No,No,5,2,nomove,CP,31,correct
No,No,5,2,nomove,CP,31,correct
No,No,5,2,nomove,CP,31,correct
No,No,5,2,nomove,CP,31,correct
No,Yes,6,2,move,DP,31,incorrect
No,Yes,6,2,move,DP,31,incorrect
No,Yes,6,2,move,DP,31,incorrect
No,Yes,6,2,move,DP,31,incorrect
No,Yes,6,2,move,DP,31,incorrect
Yes,Yes,7,2,move,unacc,31,correct
Yes,Yes,7,2,move,unacc,31,correct
Yes,Yes,7,2,move,unacc,31,correct
Yes,Yes,7,2,move,unacc,31,correct
Yes,Yes,7,2,move,unacc,31,correct
Yes,Yes,11,2,nomove,CP,31,correct
Yes,Yes,11,2,nomove,CP,31,correct
Yes,Yes,11,2,nomove,CP,31,correct
Yes,Yes,11,2,nomove,CP,31,correct
Yes,Yes,11,2,nomove,CP,31,correct
Yes,Yes,13,2,move,unacc,31,correct
Yes,Yes,13,2,move,unacc,31,correct
Yes,Yes,13,2,move,unacc,31,correct
Yes,Yes,13,2,move,unacc,31,correct
Yes,Yes,13,2,move,unacc,31,correct
Yes,Yes,14,2,move,CP,31,correct
Yes,Yes,14,2,move,CP,31,correct
Yes,Yes,14,2,move,CP,31,correct
Yes,Yes,14,2,move,CP,31,correct
Yes,Yes,14,2,move,CP,31,correct
Yes,Yes,17,2,nomove,unacc,31,correct
Yes,Yes,17,2,nomove,unacc,31,correct
Yes,Yes,17,2,nomove,unacc,31,correct
Yes,Yes,17,2,nomove,unacc,31,correct
Yes,Yes,17,2,nomove,unacc,31,correct
Yes,Yes,19,2,move,unacc,31,correct
Yes,Yes,19,2,move,unacc,31,correct
Yes,Yes,19,2,move,unacc,31,correct
Yes,Yes,19,2,move,unacc,31,correct
Yes,Yes,19,2,move,unacc,31,correct
Yes,Yes,21,2,nomove,DP,31,correct
Yes,Yes,21,2,nomove,DP,31,correct
Yes,Yes,21,2,nomove,DP,31,correct
Yes,Yes,21,2,nomove,DP,31,correct
Yes,Yes,21,2,nomove,DP,31,correct
No,Yes,22,2,nomove,unacc,31,incorrect
No,Yes,22,2,nomove,unacc,31,incorrect
No,Yes,22,2,nomove,unacc,31,incorrect
No,Yes,22,2,nomove,unacc,31,incorrect
No,Yes,22,2,nomove,unacc,31,incorrect
No,No,25,2,move,unacc,31,correct
No,No,25,2,move,unacc,31,correct
No,No,25,2,move,unacc,31,correct
No,No,25,2,move,unacc,31,correct
No,No,25,2,move,unacc,31,correct
Yes,Yes,30,2,move,DP,31,correct
Yes,Yes,30,2,move,DP,31,correct
Yes,Yes,30,2,move,DP,31,correct
Yes,Yes,30,2,move,DP,31,correct
Yes,Yes,30,2,move,DP,31,correct
No,No,31,2,move,unacc,31,correct
No,No,31,2,move,unacc,31,correct
No,No,31,2,move,unacc,31,correct
No,No,31,2,move,unacc,31,correct
No,No,31,2,move,unacc,31,correct
Yes,Yes,32,2,move,CP,31,correct
Yes,Yes,32,2,move,CP,31,correct
Yes,Yes,32,2,move,CP,31,correct
Yes,Yes,32,2,move,CP,31,correct
Yes,Yes,32,2,move,CP,31,correct
No,No,33,2,nomove,DP,31,correct
No,No,33,2,nomove,DP,31,correct
No,No,33,2,nomove,DP,31,correct
No,No,33,2,nomove,DP,31,correct
No,No,33,2,nomove,DP,31,correct
Yes,Yes,35,2,nomove,CP,31,correct
Yes,Yes,35,2,nomove,CP,31,correct
Yes,Yes,35,2,nomove,CP,31,correct
Yes,Yes,35,2,nomove,CP,31,correct
Yes,Yes,35,2,nomove,CP,31,correct
No,No,37,2,filler,none,31,correct
No,No,37,2,filler,none,31,correct
No,No,37,2,filler,none,31,correct
No,No,37,2,filler,none,31,correct
No,No,37,2,filler,none,31,correct
No,No,37,2,filler,none,31,correct
No,No,37,2,filler,none,31,correct
No,No,37,2,filler,none,31,correct
No,No,37,2,filler,none,31,correct
No,No,37,2,filler,none,31,correct
No,No,37,2,filler,none,31,correct
No,No,38,2,filler,none,31,correct
No,No,38,2,filler,none,31,correct
No,No,38,2,filler,none,31,correct
No,No,38,2,filler,none,31,correct
No,No,38,2,filler,none,31,correct
No,No,38,2,filler,none,31,correct
No,No,38,2,filler,none,31,correct
No,No,38,2,filler,none,31,correct
No,No,38,2,filler,none,31,correct
No,No,38,2,filler,none,31,correct
No,No,38,2,filler,none,31,correct
No,No,39,2,filler,none,31,correct
No,No,39,2,filler,none,31,correct
No,No,39,2,filler,none,31,correct
No,No,39,2,filler,none,31,correct
No,No,39,2,filler,none,31,correct
No,No,39,2,filler,none,31,correct
No,No,39,2,filler,none,31,correct
No,No,39,2,filler,none,31,correct
No,No,39,2,filler,none,31,correct
No,No,39,2,filler,none,31,correct
No,No,39,2,filler,none,31,correct
Yes,Yes,43,2,filler,none,31,correct
Yes,Yes,43,2,filler,none,31,correct
Yes,Yes,43,2,filler,none,31,correct
Yes,Yes,43,2,filler,none,31,correct
Yes,Yes,43,2,filler,none,31,correct
Yes,Yes,43,2,filler,none,31,correct
Yes,Yes,43,2,filler,none,31,correct
Yes,Yes,43,2,filler,none,31,correct
Yes,Yes,43,2,filler,none,31,correct
Yes,Yes,43,2,filler,none,31,correct
Yes,Yes,43,2,filler,none,31,correct
No,No,44,2,filler,none,31,correct
No,No,44,2,filler,none,31,correct
No,No,44,2,filler,none,31,correct
No,No,44,2,filler,none,31,correct
No,No,44,2,filler,none,31,correct
No,No,44,2,filler,none,31,correct
No,No,44,2,filler,none,31,correct
No,No,44,2,filler,none,31,correct
No,No,44,2,filler,none,31,correct
No,No,44,2,filler,none,31,correct
No,No,44,2,filler,none,31,correct
No,No,46,2,filler,none,31,correct
No,No,46,2,filler,none,31,correct
No,No,46,2,filler,none,31,correct
No,No,46,2,filler,none,31,correct
No,No,46,2,filler,none,31,correct
No,No,46,2,filler,none,31,correct
No,No,46,2,filler,none,31,correct
No,No,46,2,filler,none,31,correct
No,No,46,2,filler,none,31,correct
No,No,46,2,filler,none,31,correct
No,No,46,2,filler,none,31,correct
Yes,Yes,48,2,filler,none,31,correct
Yes,Yes,48,2,filler,none,31,correct
Yes,Yes,48,2,filler,none,31,correct
Yes,Yes,48,2,filler,none,31,correct
Yes,Yes,48,2,filler,none,31,correct
Yes,Yes,48,2,filler,none,31,correct
Yes,Yes,48,2,filler,none,31,correct
Yes,Yes,48,2,filler,none,31,correct
Yes,Yes,48,2,filler,none,31,correct
Yes,Yes,48,2,filler,none,31,correct
Yes,Yes,48,2,filler,none,31,correct
No,No,50,2,filler,none,31,correct
No,No,50,2,filler,none,31,correct
No,No,50,2,filler,none,31,correct
No,No,50,2,filler,none,31,correct
No,No,50,2,filler,none,31,correct
No,No,50,2,filler,none,31,correct
No,No,50,2,filler,none,31,correct
No,No,50,2,filler,none,31,correct
No,No,50,2,filler,none,31,correct
No,No,50,2,filler,none,31,correct
No,No,50,2,filler,none,31,correct
Yes,Yes,52,2,filler,none,31,correct
Yes,Yes,52,2,filler,none,31,correct
Yes,Yes,52,2,filler,none,31,correct
Yes,Yes,52,2,filler,none,31,correct
Yes,Yes,52,2,filler,none,31,correct
Yes,Yes,52,2,filler,none,31,correct
Yes,Yes,52,2,filler,none,31,correct
Yes,Yes,52,2,filler,none,31,correct
Yes,Yes,52,2,filler,none,31,correct
Yes,Yes,52,2,filler,none,31,correct
Yes,Yes,52,2,filler,none,31,correct
No,No,53,2,filler,none,31,correct
No,No,53,2,filler,none,31,correct
No,No,53,2,filler,none,31,correct
No,No,53,2,filler,none,31,correct
No,No,53,2,filler,none,31,correct
No,No,53,2,filler,none,31,correct
No,No,53,2,filler,none,31,correct
No,No,53,2,filler,none,31,correct
No,No,53,2,filler,none,31,correct
No,No,53,2,filler,none,31,correct
No,No,53,2,filler,none,31,correct
Yes,Yes,58,2,filler,none,31,correct
Yes,Yes,58,2,filler,none,31,correct
Yes,Yes,58,2,filler,none,31,correct
Yes,Yes,58,2,filler,none,31,correct
Yes,Yes,58,2,filler,none,31,correct
Yes,Yes,58,2,filler,none,31,correct
Yes,Yes,58,2,filler,none,31,correct
Yes,Yes,58,2,filler,none,31,correct
Yes,Yes,58,2,filler,none,31,correct
Yes,Yes,58,2,filler,none,31,correct
Yes,Yes,58,2,filler,none,31,correct
Yes,Yes,58,2,filler,none,31,correct
No,No,59,2,filler,none,31,correct
No,No,59,2,filler,none,31,correct
No,No,59,2,filler,none,31,correct
No,No,59,2,filler,none,31,correct
No,No,59,2,filler,none,31,correct
No,No,59,2,filler,none,31,correct
No,No,59,2,filler,none,31,correct
No,No,59,2,filler,none,31,correct
No,No,59,2,filler,none,31,correct
No,No,59,2,filler,none,31,correct
No,No,59,2,filler,none,31,correct
No,No,59,2,filler,none,31,correct
No,No,59,2,filler,none,31,correct
No,No,62,2,filler,none,31,correct
No,No,62,2,filler,none,31,correct
No,No,62,2,filler,none,31,correct
No,No,62,2,filler,none,31,correct
No,No,62,2,filler,none,31,correct
No,No,62,2,filler,none,31,correct
No,No,62,2,filler,none,31,correct
No,No,62,2,filler,none,31,correct
No,No,62,2,filler,none,31,correct
No,No,62,2,filler,none,31,correct
No,No,62,2,filler,none,31,correct
No,No,62,2,filler,none,31,correct
Yes,Yes,64,2,filler,none,31,correct
Yes,Yes,64,2,filler,none,31,correct
Yes,Yes,64,2,filler,none,31,correct
Yes,Yes,64,2,filler,none,31,correct
Yes,Yes,64,2,filler,none,31,correct
Yes,Yes,64,2,filler,none,31,correct
Yes,Yes,64,2,filler,none,31,correct
Yes,Yes,64,2,filler,none,31,correct
Yes,Yes,64,2,filler,none,31,correct
Yes,Yes,64,2,filler,none,31,correct
Yes,Yes,64,2,filler,none,31,correct
Yes,Yes,64,2,filler,none,31,correct
No,No,66,2,filler,none,31,correct
No,No,66,2,filler,none,31,correct
No,No,66,2,filler,none,31,correct
No,No,66,2,filler,none,31,correct
No,No,66,2,filler,none,31,correct
No,No,66,2,filler,none,31,correct
No,No,66,2,filler,none,31,correct
No,No,66,2,filler,none,31,correct
No,No,66,2,filler,none,31,correct
No,No,66,2,filler,none,31,correct
No,No,66,2,filler,none,31,correct
No,No,66,2,filler,none,31,correct
No,No,68,2,filler,none,31,correct
No,No,68,2,filler,none,31,correct
No,No,68,2,filler,none,31,correct
No,No,68,2,filler,none,31,correct
No,No,68,2,filler,none,31,correct
No,No,68,2,filler,none,31,correct
No,No,68,2,filler,none,31,correct
No,No,68,2,filler,none,31,correct
No,No,68,2,filler,none,31,correct
No,No,68,2,filler,none,31,correct
No,No,68,2,filler,none,31,correct
No,No,68,2,filler,none,31,correct
No,No,69,2,filler,none,31,correct
No,No,69,2,filler,none,31,correct
No,No,69,2,filler,none,31,correct
No,No,69,2,filler,none,31,correct
No,No,69,2,filler,none,31,correct
No,No,69,2,filler,none,31,correct
No,No,69,2,filler,none,31,correct
No,No,69,2,filler,none,31,correct
No,No,69,2,filler,none,31,correct
No,No,69,2,filler,none,31,correct
No,No,69,2,filler,none,31,correct
No,No,69,2,filler,none,31,correct
Yes,Yes,72,2,filler,none,31,correct
Yes,Yes,72,2,filler,none,31,correct
Yes,Yes,72,2,filler,none,31,correct
Yes,Yes,72,2,filler,none,31,correct
Yes,Yes,72,2,filler,none,31,correct
Yes,Yes,72,2,filler,none,31,correct
Yes,Yes,72,2,filler,none,31,correct
Yes,Yes,72,2,filler,none,31,correct
Yes,Yes,72,2,filler,none,31,correct
Yes,Yes,72,2,filler,none,31,correct
Yes,Yes,72,2,filler,none,31,correct
Yes,Yes,72,2,filler,none,31,correct
Yes,No,73,2,filler,none,31,incorrect
Yes,No,73,2,filler,none,31,incorrect
Yes,No,73,2,filler,none,31,incorrect
Yes,No,73,2,filler,none,31,incorrect
Yes,No,73,2,filler,none,31,incorrect
Yes,No,73,2,filler,none,31,incorrect
Yes,No,73,2,filler,none,31,incorrect
Yes,No,73,2,filler,none,31,incorrect
Yes,No,73,2,filler,none,31,incorrect
Yes,No,73,2,filler,none,31,incorrect
Yes,No,73,2,filler,none,31,incorrect
Yes,No,73,2,filler,none,31,incorrect
Yes,No,73,2,filler,none,31,incorrect
Yes,Yes,74,2,filler,none,31,correct
Yes,Yes,74,2,filler,none,31,correct
Yes,Yes,74,2,filler,none,31,correct
Yes,Yes,74,2,filler,none,31,correct
Yes,Yes,74,2,filler,none,31,correct
Yes,Yes,74,2,filler,none,31,correct
Yes,Yes,74,2,filler,none,31,correct
Yes,Yes,74,2,filler,none,31,correct
Yes,Yes,74,2,filler,none,31,correct
Yes,Yes,74,2,filler,none,31,correct
Yes,Yes,74,2,filler,none,31,correct
Yes,Yes,74,2,filler,none,31,correct
Yes,Yes,74,2,filler,none,31,correct
Yes,Yes,75,2,filler,none,31,correct
Yes,Yes,75,2,filler,none,31,correct
Yes,Yes,75,2,filler,none,31,correct
Yes,Yes,75,2,filler,none,31,correct
Yes,Yes,75,2,filler,none,31,correct
Yes,Yes,75,2,filler,none,31,correct
Yes,Yes,75,2,filler,none,31,correct
Yes,Yes,75,2,filler,none,31,correct
Yes,Yes,75,2,filler,none,31,correct
Yes,Yes,75,2,filler,none,31,correct
Yes,Yes,75,2,filler,none,31,correct
Yes,Yes,75,2,filler,none,31,correct
Yes,Yes,75,2,filler,none,31,correct
Yes,Yes,77,2,filler,none,31,correct
Yes,Yes,77,2,filler,none,31,correct
Yes,Yes,77,2,filler,none,31,correct
Yes,Yes,77,2,filler,none,31,correct
Yes,Yes,77,2,filler,none,31,correct
Yes,Yes,77,2,filler,none,31,correct
Yes,Yes,77,2,filler,none,31,correct
Yes,Yes,77,2,filler,none,31,correct
Yes,Yes,77,2,filler,none,31,correct
Yes,Yes,77,2,filler,none,31,correct
Yes,Yes,77,2,filler,none,31,correct
Yes,Yes,77,2,filler,none,31,correct
Yes,Yes,77,2,filler,none,31,correct
No,No,78,2,filler,none,31,correct
No,No,78,2,filler,none,31,correct
No,No,78,2,filler,none,31,correct
No,No,78,2,filler,none,31,correct
No,No,78,2,filler,none,31,correct
No,No,78,2,filler,none,31,correct
No,No,78,2,filler,none,31,correct
No,No,78,2,filler,none,31,correct
No,No,78,2,filler,none,31,correct
No,No,78,2,filler,none,31,correct
No,No,78,2,filler,none,31,correct
No,No,78,2,filler,none,31,correct
No,No,78,2,filler,none,31,correct
No,No,80,2,filler,none,31,correct
No,No,80,2,filler,none,31,correct
No,No,80,2,filler,none,31,correct
No,No,80,2,filler,none,31,correct
No,No,80,2,filler,none,31,correct
No,No,80,2,filler,none,31,correct
No,No,80,2,filler,none,31,correct
No,No,80,2,filler,none,31,correct
No,No,80,2,filler,none,31,correct
No,No,80,2,filler,none,31,correct
No,No,80,2,filler,none,31,correct
No,No,80,2,filler,none,31,correct
No,No,80,2,filler,none,31,correct
No,No,82,2,filler,none,31,correct
No,No,82,2,filler,none,31,correct
No,No,82,2,filler,none,31,correct
No,No,82,2,filler,none,31,correct
No,No,82,2,filler,none,31,correct
No,No,82,2,filler,none,31,correct
No,No,82,2,filler,none,31,correct
No,No,82,2,filler,none,31,correct
No,No,82,2,filler,none,31,correct
No,No,82,2,filler,none,31,correct
No,No,82,2,filler,none,31,correct
No,No,82,2,filler,none,31,correct
No,No,82,2,filler,none,31,correct
No,No,84,2,filler,none,31,correct
No,No,84,2,filler,none,31,correct
No,No,84,2,filler,none,31,correct
No,No,84,2,filler,none,31,correct
No,No,84,2,filler,none,31,correct
No,No,84,2,filler,none,31,correct
No,No,84,2,filler,none,31,correct
No,No,84,2,filler,none,31,correct
No,No,84,2,filler,none,31,correct
No,No,84,2,filler,none,31,correct
No,No,84,2,filler,none,31,correct
No,No,84,2,filler,none,31,correct
No,No,84,2,filler,none,31,correct
No,No,87,2,filler,none,31,correct
No,No,87,2,filler,none,31,correct
No,No,87,2,filler,none,31,correct
No,No,87,2,filler,none,31,correct
No,No,87,2,filler,none,31,correct
No,No,87,2,filler,none,31,correct
No,No,87,2,filler,none,31,correct
No,No,87,2,filler,none,31,correct
No,No,87,2,filler,none,31,correct
No,No,87,2,filler,none,31,correct
No,No,87,2,filler,none,31,correct
No,No,87,2,filler,none,31,correct
No,No,87,2,filler,none,31,correct
No,No,89,2,filler,none,31,correct
No,No,89,2,filler,none,31,correct
No,No,89,2,filler,none,31,correct
No,No,89,2,filler,none,31,correct
No,No,89,2,filler,none,31,correct
No,No,89,2,filler,none,31,correct
No,No,89,2,filler,none,31,correct
No,No,89,2,filler,none,31,correct
No,No,89,2,filler,none,31,correct
No,No,89,2,filler,none,31,correct
No,No,89,2,filler,none,31,correct
No,No,89,2,filler,none,31,correct
No,No,89,2,filler,none,31,correct
Yes,Yes,1,3,move,DP,32,correct
Yes,Yes,1,3,move,DP,32,correct
Yes,Yes,1,3,move,DP,32,correct
Yes,Yes,1,3,move,DP,32,correct
Yes,Yes,1,3,move,DP,32,correct
Yes,Yes,2,3,move,unacc,32,correct
Yes,Yes,2,3,move,unacc,32,correct
Yes,Yes,2,3,move,unacc,32,correct
Yes,Yes,2,3,move,unacc,32,correct
Yes,Yes,2,3,move,unacc,32,correct
Yes,No,5,3,nomove,unacc,32,incorrect
Yes,No,5,3,nomove,unacc,32,incorrect
Yes,No,5,3,nomove,unacc,32,incorrect
Yes,No,5,3,nomove,unacc,32,incorrect
Yes,No,5,3,nomove,unacc,32,incorrect
No,Yes,6,3,nomove,CP,32,incorrect
No,Yes,6,3,nomove,CP,32,incorrect
No,Yes,6,3,nomove,CP,32,incorrect
No,Yes,6,3,nomove,CP,32,incorrect
No,Yes,6,3,nomove,CP,32,incorrect
Yes,Yes,7,3,move,DP,32,correct
Yes,Yes,7,3,move,DP,32,correct
Yes,Yes,7,3,move,DP,32,correct
Yes,Yes,7,3,move,DP,32,correct
Yes,Yes,7,3,move,DP,32,correct
Yes,Yes,11,3,nomove,unacc,32,correct
Yes,Yes,11,3,nomove,unacc,32,correct
Yes,Yes,11,3,nomove,unacc,32,correct
Yes,Yes,11,3,nomove,unacc,32,correct
Yes,Yes,11,3,nomove,unacc,32,correct
No,Yes,13,3,move,DP,32,incorrect
No,Yes,13,3,move,DP,32,incorrect
No,Yes,13,3,move,DP,32,incorrect
No,Yes,13,3,move,DP,32,incorrect
No,Yes,13,3,move,DP,32,incorrect
Yes,Yes,14,3,move,unacc,32,correct
Yes,Yes,14,3,move,unacc,32,correct
Yes,Yes,14,3,move,unacc,32,correct
Yes,Yes,14,3,move,unacc,32,correct
Yes,Yes,14,3,move,unacc,32,correct
Yes,Yes,17,3,nomove,DP,32,correct
Yes,Yes,17,3,nomove,DP,32,correct
Yes,Yes,17,3,nomove,DP,32,correct
Yes,Yes,17,3,nomove,DP,32,correct
Yes,Yes,17,3,nomove,DP,32,correct
Yes,Yes,19,3,move,DP,32,correct
Yes,Yes,19,3,move,DP,32,correct
Yes,Yes,19,3,move,DP,32,correct
Yes,Yes,19,3,move,DP,32,correct
Yes,Yes,19,3,move,DP,32,correct
Yes,Yes,21,3,move,CP,32,correct
Yes,Yes,21,3,move,CP,32,correct
Yes,Yes,21,3,move,CP,32,correct
Yes,Yes,21,3,move,CP,32,correct
Yes,Yes,21,3,move,CP,32,correct
No,Yes,22,3,nomove,DP,32,incorrect
No,Yes,22,3,nomove,DP,32,incorrect
No,Yes,22,3,nomove,DP,32,incorrect
No,Yes,22,3,nomove,DP,32,incorrect
No,Yes,22,3,nomove,DP,32,incorrect
No,No,25,3,move,DP,32,correct
No,No,25,3,move,DP,32,correct
No,No,25,3,move,DP,32,correct
No,No,25,3,move,DP,32,correct
No,No,25,3,move,DP,32,correct
Yes,Yes,30,3,nomove,CP,32,correct
Yes,Yes,30,3,nomove,CP,32,correct
Yes,Yes,30,3,nomove,CP,32,correct
Yes,Yes,30,3,nomove,CP,32,correct
Yes,Yes,30,3,nomove,CP,32,correct
No,No,31,3,move,DP,32,correct
No,No,31,3,move,DP,32,correct
No,No,31,3,move,DP,32,correct
No,No,31,3,move,DP,32,correct
No,No,31,3,move,DP,32,correct
Yes,Yes,32,3,move,unacc,32,correct
Yes,Yes,32,3,move,unacc,32,correct
Yes,Yes,32,3,move,unacc,32,correct
Yes,Yes,32,3,move,unacc,32,correct
Yes,Yes,32,3,move,unacc,32,correct
No,No,33,3,move,CP,32,correct
No,No,33,3,move,CP,32,correct
No,No,33,3,move,CP,32,correct
No,No,33,3,move,CP,32,correct
No,No,33,3,move,CP,32,correct
Yes,Yes,35,3,nomove,unacc,32,correct
Yes,Yes,35,3,nomove,unacc,32,correct
Yes,Yes,35,3,nomove,unacc,32,correct
Yes,Yes,35,3,nomove,unacc,32,correct
Yes,Yes,35,3,nomove,unacc,32,correct
No,No,37,3,filler,none,32,correct
No,No,37,3,filler,none,32,correct
No,No,37,3,filler,none,32,correct
No,No,37,3,filler,none,32,correct
No,No,37,3,filler,none,32,correct
No,No,37,3,filler,none,32,correct
No,No,37,3,filler,none,32,correct
No,No,37,3,filler,none,32,correct
No,No,37,3,filler,none,32,correct
No,No,37,3,filler,none,32,correct
No,No,37,3,filler,none,32,correct
No,No,38,3,filler,none,32,correct
No,No,38,3,filler,none,32,correct
No,No,38,3,filler,none,32,correct
No,No,38,3,filler,none,32,correct
No,No,38,3,filler,none,32,correct
No,No,38,3,filler,none,32,correct
No,No,38,3,filler,none,32,correct
No,No,38,3,filler,none,32,correct
No,No,38,3,filler,none,32,correct
No,No,38,3,filler,none,32,correct
No,No,38,3,filler,none,32,correct
No,No,39,3,filler,none,32,correct
No,No,39,3,filler,none,32,correct
No,No,39,3,filler,none,32,correct
No,No,39,3,filler,none,32,correct
No,No,39,3,filler,none,32,correct
No,No,39,3,filler,none,32,correct
No,No,39,3,filler,none,32,correct
No,No,39,3,filler,none,32,correct
No,No,39,3,filler,none,32,correct
No,No,39,3,filler,none,32,correct
No,No,39,3,filler,none,32,correct
Yes,Yes,43,3,filler,none,32,correct
Yes,Yes,43,3,filler,none,32,correct
Yes,Yes,43,3,filler,none,32,correct
Yes,Yes,43,3,filler,none,32,correct
Yes,Yes,43,3,filler,none,32,correct
Yes,Yes,43,3,filler,none,32,correct
Yes,Yes,43,3,filler,none,32,correct
Yes,Yes,43,3,filler,none,32,correct
Yes,Yes,43,3,filler,none,32,correct
Yes,Yes,43,3,filler,none,32,correct
Yes,Yes,43,3,filler,none,32,correct
No,No,44,3,filler,none,32,correct
No,No,44,3,filler,none,32,correct
No,No,44,3,filler,none,32,correct
No,No,44,3,filler,none,32,correct
No,No,44,3,filler,none,32,correct
No,No,44,3,filler,none,32,correct
No,No,44,3,filler,none,32,correct
No,No,44,3,filler,none,32,correct
No,No,44,3,filler,none,32,correct
No,No,44,3,filler,none,32,correct
No,No,44,3,filler,none,32,correct
No,No,46,3,filler,none,32,correct
No,No,46,3,filler,none,32,correct
No,No,46,3,filler,none,32,correct
No,No,46,3,filler,none,32,correct
No,No,46,3,filler,none,32,correct
No,No,46,3,filler,none,32,correct
No,No,46,3,filler,none,32,correct
No,No,46,3,filler,none,32,correct
No,No,46,3,filler,none,32,correct
No,No,46,3,filler,none,32,correct
No,No,46,3,filler,none,32,correct
Yes,Yes,48,3,filler,none,32,correct
Yes,Yes,48,3,filler,none,32,correct
Yes,Yes,48,3,filler,none,32,correct
Yes,Yes,48,3,filler,none,32,correct
Yes,Yes,48,3,filler,none,32,correct
Yes,Yes,48,3,filler,none,32,correct
Yes,Yes,48,3,filler,none,32,correct
Yes,Yes,48,3,filler,none,32,correct
Yes,Yes,48,3,filler,none,32,correct
Yes,Yes,48,3,filler,none,32,correct
Yes,Yes,48,3,filler,none,32,correct
No,No,50,3,filler,none,32,correct
No,No,50,3,filler,none,32,correct
No,No,50,3,filler,none,32,correct
No,No,50,3,filler,none,32,correct
No,No,50,3,filler,none,32,correct
No,No,50,3,filler,none,32,correct
No,No,50,3,filler,none,32,correct
No,No,50,3,filler,none,32,correct
No,No,50,3,filler,none,32,correct
No,No,50,3,filler,none,32,correct
No,No,50,3,filler,none,32,correct
Yes,Yes,52,3,filler,none,32,correct
Yes,Yes,52,3,filler,none,32,correct
Yes,Yes,52,3,filler,none,32,correct
Yes,Yes,52,3,filler,none,32,correct
Yes,Yes,52,3,filler,none,32,correct
Yes,Yes,52,3,filler,none,32,correct
Yes,Yes,52,3,filler,none,32,correct
Yes,Yes,52,3,filler,none,32,correct
Yes,Yes,52,3,filler,none,32,correct
Yes,Yes,52,3,filler,none,32,correct
Yes,Yes,52,3,filler,none,32,correct
No,No,53,3,filler,none,32,correct
No,No,53,3,filler,none,32,correct
No,No,53,3,filler,none,32,correct
No,No,53,3,filler,none,32,correct
No,No,53,3,filler,none,32,correct
No,No,53,3,filler,none,32,correct
No,No,53,3,filler,none,32,correct
No,No,53,3,filler,none,32,correct
No,No,53,3,filler,none,32,correct
No,No,53,3,filler,none,32,correct
No,No,53,3,filler,none,32,correct
Yes,Yes,58,3,filler,none,32,correct
Yes,Yes,58,3,filler,none,32,correct
Yes,Yes,58,3,filler,none,32,correct
Yes,Yes,58,3,filler,none,32,correct
Yes,Yes,58,3,filler,none,32,correct
Yes,Yes,58,3,filler,none,32,correct
Yes,Yes,58,3,filler,none,32,correct
Yes,Yes,58,3,filler,none,32,correct
Yes,Yes,58,3,filler,none,32,correct
Yes,Yes,58,3,filler,none,32,correct
Yes,Yes,58,3,filler,none,32,correct
Yes,Yes,58,3,filler,none,32,correct
No,No,59,3,filler,none,32,correct
No,No,59,3,filler,none,32,correct
No,No,59,3,filler,none,32,correct
No,No,59,3,filler,none,32,correct
No,No,59,3,filler,none,32,correct
No,No,59,3,filler,none,32,correct
No,No,59,3,filler,none,32,correct
No,No,59,3,filler,none,32,correct
No,No,59,3,filler,none,32,correct
No,No,59,3,filler,none,32,correct
No,No,59,3,filler,none,32,correct
No,No,59,3,filler,none,32,correct
No,No,59,3,filler,none,32,correct
No,No,62,3,filler,none,32,correct
No,No,62,3,filler,none,32,correct
No,No,62,3,filler,none,32,correct
No,No,62,3,filler,none,32,correct
No,No,62,3,filler,none,32,correct
No,No,62,3,filler,none,32,correct
No,No,62,3,filler,none,32,correct
No,No,62,3,filler,none,32,correct
No,No,62,3,filler,none,32,correct
No,No,62,3,filler,none,32,correct
No,No,62,3,filler,none,32,correct
No,No,62,3,filler,none,32,correct
Yes,Yes,64,3,filler,none,32,correct
Yes,Yes,64,3,filler,none,32,correct
Yes,Yes,64,3,filler,none,32,correct
Yes,Yes,64,3,filler,none,32,correct
Yes,Yes,64,3,filler,none,32,correct
Yes,Yes,64,3,filler,none,32,correct
Yes,Yes,64,3,filler,none,32,correct
Yes,Yes,64,3,filler,none,32,correct
Yes,Yes,64,3,filler,none,32,correct
Yes,Yes,64,3,filler,none,32,correct
Yes,Yes,64,3,filler,none,32,correct
Yes,Yes,64,3,filler,none,32,correct
No,No,66,3,filler,none,32,correct
No,No,66,3,filler,none,32,correct
No,No,66,3,filler,none,32,correct
No,No,66,3,filler,none,32,correct
No,No,66,3,filler,none,32,correct
No,No,66,3,filler,none,32,correct
No,No,66,3,filler,none,32,correct
No,No,66,3,filler,none,32,correct
No,No,66,3,filler,none,32,correct
No,No,66,3,filler,none,32,correct
No,No,66,3,filler,none,32,correct
No,No,66,3,filler,none,32,correct
No,No,68,3,filler,none,32,correct
No,No,68,3,filler,none,32,correct
No,No,68,3,filler,none,32,correct
No,No,68,3,filler,none,32,correct
No,No,68,3,filler,none,32,correct
No,No,68,3,filler,none,32,correct
No,No,68,3,filler,none,32,correct
No,No,68,3,filler,none,32,correct
No,No,68,3,filler,none,32,correct
No,No,68,3,filler,none,32,correct
No,No,68,3,filler,none,32,correct
No,No,68,3,filler,none,32,correct
No,No,69,3,filler,none,32,correct
No,No,69,3,filler,none,32,correct
No,No,69,3,filler,none,32,correct
No,No,69,3,filler,none,32,correct
No,No,69,3,filler,none,32,correct
No,No,69,3,filler,none,32,correct
No,No,69,3,filler,none,32,correct
No,No,69,3,filler,none,32,correct
No,No,69,3,filler,none,32,correct
No,No,69,3,filler,none,32,correct
No,No,69,3,filler,none,32,correct
No,No,69,3,filler,none,32,correct
Yes,Yes,72,3,filler,none,32,correct
Yes,Yes,72,3,filler,none,32,correct
Yes,Yes,72,3,filler,none,32,correct
Yes,Yes,72,3,filler,none,32,correct
Yes,Yes,72,3,filler,none,32,correct
Yes,Yes,72,3,filler,none,32,correct
Yes,Yes,72,3,filler,none,32,correct
Yes,Yes,72,3,filler,none,32,correct
Yes,Yes,72,3,filler,none,32,correct
Yes,Yes,72,3,filler,none,32,correct
Yes,Yes,72,3,filler,none,32,correct
Yes,Yes,72,3,filler,none,32,correct
No,No,73,3,filler,none,32,correct
No,No,73,3,filler,none,32,correct
No,No,73,3,filler,none,32,correct
No,No,73,3,filler,none,32,correct
No,No,73,3,filler,none,32,correct
No,No,73,3,filler,none,32,correct
No,No,73,3,filler,none,32,correct
No,No,73,3,filler,none,32,correct
No,No,73,3,filler,none,32,correct
No,No,73,3,filler,none,32,correct
No,No,73,3,filler,none,32,correct
No,No,73,3,filler,none,32,correct
No,No,73,3,filler,none,32,correct
Yes,Yes,74,3,filler,none,32,correct
Yes,Yes,74,3,filler,none,32,correct
Yes,Yes,74,3,filler,none,32,correct
Yes,Yes,74,3,filler,none,32,correct
Yes,Yes,74,3,filler,none,32,correct
Yes,Yes,74,3,filler,none,32,correct
Yes,Yes,74,3,filler,none,32,correct
Yes,Yes,74,3,filler,none,32,correct
Yes,Yes,74,3,filler,none,32,correct
Yes,Yes,74,3,filler,none,32,correct
Yes,Yes,74,3,filler,none,32,correct
Yes,Yes,74,3,filler,none,32,correct
Yes,Yes,74,3,filler,none,32,correct
Yes,Yes,75,3,filler,none,32,correct
Yes,Yes,75,3,filler,none,32,correct
Yes,Yes,75,3,filler,none,32,correct
Yes,Yes,75,3,filler,none,32,correct
Yes,Yes,75,3,filler,none,32,correct
Yes,Yes,75,3,filler,none,32,correct
Yes,Yes,75,3,filler,none,32,correct
Yes,Yes,75,3,filler,none,32,correct
Yes,Yes,75,3,filler,none,32,correct
Yes,Yes,75,3,filler,none,32,correct
Yes,Yes,75,3,filler,none,32,correct
Yes,Yes,75,3,filler,none,32,correct
Yes,Yes,75,3,filler,none,32,correct
Yes,Yes,77,3,filler,none,32,correct
Yes,Yes,77,3,filler,none,32,correct
Yes,Yes,77,3,filler,none,32,correct
Yes,Yes,77,3,filler,none,32,correct
Yes,Yes,77,3,filler,none,32,correct
Yes,Yes,77,3,filler,none,32,correct
Yes,Yes,77,3,filler,none,32,correct
Yes,Yes,77,3,filler,none,32,correct
Yes,Yes,77,3,filler,none,32,correct
Yes,Yes,77,3,filler,none,32,correct
Yes,Yes,77,3,filler,none,32,correct
Yes,Yes,77,3,filler,none,32,correct
Yes,Yes,77,3,filler,none,32,correct
No,No,78,3,filler,none,32,correct
No,No,78,3,filler,none,32,correct
No,No,78,3,filler,none,32,correct
No,No,78,3,filler,none,32,correct
No,No,78,3,filler,none,32,correct
No,No,78,3,filler,none,32,correct
No,No,78,3,filler,none,32,correct
No,No,78,3,filler,none,32,correct
No,No,78,3,filler,none,32,correct
No,No,78,3,filler,none,32,correct
No,No,78,3,filler,none,32,correct
No,No,78,3,filler,none,32,correct
No,No,78,3,filler,none,32,correct
No,No,80,3,filler,none,32,correct
No,No,80,3,filler,none,32,correct
No,No,80,3,filler,none,32,correct
No,No,80,3,filler,none,32,correct
No,No,80,3,filler,none,32,correct
No,No,80,3,filler,none,32,correct
No,No,80,3,filler,none,32,correct
No,No,80,3,filler,none,32,correct
No,No,80,3,filler,none,32,correct
No,No,80,3,filler,none,32,correct
No,No,80,3,filler,none,32,correct
No,No,80,3,filler,none,32,correct
No,No,80,3,filler,none,32,correct
No,No,82,3,filler,none,32,correct
No,No,82,3,filler,none,32,correct
No,No,82,3,filler,none,32,correct
No,No,82,3,filler,none,32,correct
No,No,82,3,filler,none,32,correct
No,No,82,3,filler,none,32,correct
No,No,82,3,filler,none,32,correct
No,No,82,3,filler,none,32,correct
No,No,82,3,filler,none,32,correct
No,No,82,3,filler,none,32,correct
No,No,82,3,filler,none,32,correct
No,No,82,3,filler,none,32,correct
No,No,82,3,filler,none,32,correct
No,No,84,3,filler,none,32,correct
No,No,84,3,filler,none,32,correct
No,No,84,3,filler,none,32,correct
No,No,84,3,filler,none,32,correct
No,No,84,3,filler,none,32,correct
No,No,84,3,filler,none,32,correct
No,No,84,3,filler,none,32,correct
No,No,84,3,filler,none,32,correct
No,No,84,3,filler,none,32,correct
No,No,84,3,filler,none,32,correct
No,No,84,3,filler,none,32,correct
No,No,84,3,filler,none,32,correct
No,No,84,3,filler,none,32,correct
No,No,87,3,filler,none,32,correct
No,No,87,3,filler,none,32,correct
No,No,87,3,filler,none,32,correct
No,No,87,3,filler,none,32,correct
No,No,87,3,filler,none,32,correct
No,No,87,3,filler,none,32,correct
No,No,87,3,filler,none,32,correct
No,No,87,3,filler,none,32,correct
No,No,87,3,filler,none,32,correct
No,No,87,3,filler,none,32,correct
No,No,87,3,filler,none,32,correct
No,No,87,3,filler,none,32,correct
No,No,87,3,filler,none,32,correct
No,No,89,3,filler,none,32,correct
No,No,89,3,filler,none,32,correct
No,No,89,3,filler,none,32,correct
No,No,89,3,filler,none,32,correct
No,No,89,3,filler,none,32,correct
No,No,89,3,filler,none,32,correct
No,No,89,3,filler,none,32,correct
No,No,89,3,filler,none,32,correct
No,No,89,3,filler,none,32,correct
No,No,89,3,filler,none,32,correct
No,No,89,3,filler,none,32,correct
No,No,89,3,filler,none,32,correct
No,No,89,3,filler,none,32,correct
Yes,Yes,1,4,nomove,CP,33,correct
Yes,Yes,1,4,nomove,CP,33,correct
Yes,Yes,1,4,nomove,CP,33,correct
Yes,Yes,1,4,nomove,CP,33,correct
Yes,Yes,1,4,nomove,CP,33,correct
Yes,Yes,2,4,move,DP,33,correct
Yes,Yes,2,4,move,DP,33,correct
Yes,Yes,2,4,move,DP,33,correct
Yes,Yes,2,4,move,DP,33,correct
Yes,Yes,2,4,move,DP,33,correct
Yes,No,5,4,nomove,DP,33,incorrect
Yes,No,5,4,nomove,DP,33,incorrect
Yes,No,5,4,nomove,DP,33,incorrect
Yes,No,5,4,nomove,DP,33,incorrect
Yes,No,5,4,nomove,DP,33,incorrect
Yes,Yes,6,4,nomove,unacc,33,correct
Yes,Yes,6,4,nomove,unacc,33,correct
Yes,Yes,6,4,nomove,unacc,33,correct
Yes,Yes,6,4,nomove,unacc,33,correct
Yes,Yes,6,4,nomove,unacc,33,correct
Yes,Yes,7,4,nomove,CP,33,correct
Yes,Yes,7,4,nomove,CP,33,correct
Yes,Yes,7,4,nomove,CP,33,correct
Yes,Yes,7,4,nomove,CP,33,correct
Yes,Yes,7,4,nomove,CP,33,correct
Yes,Yes,11,4,nomove,DP,33,correct
Yes,Yes,11,4,nomove,DP,33,correct
Yes,Yes,11,4,nomove,DP,33,correct
Yes,Yes,11,4,nomove,DP,33,correct
Yes,Yes,11,4,nomove,DP,33,correct
Yes,Yes,13,4,nomove,CP,33,correct
Yes,Yes,13,4,nomove,CP,33,correct
Yes,Yes,13,4,nomove,CP,33,correct
Yes,Yes,13,4,nomove,CP,33,correct
Yes,Yes,13,4,nomove,CP,33,correct
Yes,Yes,14,4,move,DP,33,correct
Yes,Yes,14,4,move,DP,33,correct
Yes,Yes,14,4,move,DP,33,correct
Yes,Yes,14,4,move,DP,33,correct
Yes,Yes,14,4,move,DP,33,correct
Yes,Yes,17,4,move,CP,33,correct
Yes,Yes,17,4,move,CP,33,correct
Yes,Yes,17,4,move,CP,33,correct
Yes,Yes,17,4,move,CP,33,correct
Yes,Yes,17,4,move,CP,33,correct
Yes,Yes,19,4,nomove,CP,33,correct
Yes,Yes,19,4,nomove,CP,33,correct
Yes,Yes,19,4,nomove,CP,33,correct
Yes,Yes,19,4,nomove,CP,33,correct
Yes,Yes,19,4,nomove,CP,33,correct
Yes,Yes,21,4,move,unacc,33,correct
Yes,Yes,21,4,move,unacc,33,correct
Yes,Yes,21,4,move,unacc,33,correct
Yes,Yes,21,4,move,unacc,33,correct
Yes,Yes,21,4,move,unacc,33,correct
Yes,Yes,22,4,move,CP,33,correct
Yes,Yes,22,4,move,CP,33,correct
Yes,Yes,22,4,move,CP,33,correct
Yes,Yes,22,4,move,CP,33,correct
Yes,Yes,22,4,move,CP,33,correct
No,No,25,4,nomove,CP,33,correct
No,No,25,4,nomove,CP,33,correct
No,No,25,4,nomove,CP,33,correct
No,No,25,4,nomove,CP,33,correct
No,No,25,4,nomove,CP,33,correct
No,No,31,4,nomove,CP,33,correct
No,No,31,4,nomove,CP,33,correct
No,No,31,4,nomove,CP,33,correct
No,No,31,4,nomove,CP,33,correct
No,No,31,4,nomove,CP,33,correct
Yes,Yes,32,4,move,DP,33,correct
Yes,Yes,32,4,move,DP,33,correct
Yes,Yes,32,4,move,DP,33,correct
Yes,Yes,32,4,move,DP,33,correct
Yes,Yes,32,4,move,DP,33,correct
No,No,33,4,move,unacc,33,correct
No,No,33,4,move,unacc,33,correct
No,No,33,4,move,unacc,33,correct
No,No,33,4,move,unacc,33,correct
No,No,33,4,move,unacc,33,correct
Yes,Yes,35,4,nomove,DP,33,correct
Yes,Yes,35,4,nomove,DP,33,correct
Yes,Yes,35,4,nomove,DP,33,correct
Yes,Yes,35,4,nomove,DP,33,correct
Yes,Yes,35,4,nomove,DP,33,correct
No,No,37,4,filler,none,33,correct
No,No,37,4,filler,none,33,correct
No,No,37,4,filler,none,33,correct
No,No,37,4,filler,none,33,correct
No,No,37,4,filler,none,33,correct
No,No,37,4,filler,none,33,correct
No,No,37,4,filler,none,33,correct
No,No,37,4,filler,none,33,correct
No,No,37,4,filler,none,33,correct
No,No,37,4,filler,none,33,correct
No,No,37,4,filler,none,33,correct
No,No,38,4,filler,none,33,correct
No,No,38,4,filler,none,33,correct
No,No,38,4,filler,none,33,correct
No,No,38,4,filler,none,33,correct
No,No,38,4,filler,none,33,correct
No,No,38,4,filler,none,33,correct
No,No,38,4,filler,none,33,correct
No,No,38,4,filler,none,33,correct
No,No,38,4,filler,none,33,correct
No,No,38,4,filler,none,33,correct
No,No,38,4,filler,none,33,correct
No,No,39,4,filler,none,33,correct
No,No,39,4,filler,none,33,correct
No,No,39,4,filler,none,33,correct
No,No,39,4,filler,none,33,correct
No,No,39,4,filler,none,33,correct
No,No,39,4,filler,none,33,correct
No,No,39,4,filler,none,33,correct
No,No,39,4,filler,none,33,correct
No,No,39,4,filler,none,33,correct
No,No,39,4,filler,none,33,correct
No,No,39,4,filler,none,33,correct
Yes,Yes,43,4,filler,none,33,correct
Yes,Yes,43,4,filler,none,33,correct
Yes,Yes,43,4,filler,none,33,correct
Yes,Yes,43,4,filler,none,33,correct
Yes,Yes,43,4,filler,none,33,correct
Yes,Yes,43,4,filler,none,33,correct
Yes,Yes,43,4,filler,none,33,correct
Yes,Yes,43,4,filler,none,33,correct
Yes,Yes,43,4,filler,none,33,correct
Yes,Yes,43,4,filler,none,33,correct
Yes,Yes,43,4,filler,none,33,correct
No,No,44,4,filler,none,33,correct
No,No,44,4,filler,none,33,correct
No,No,44,4,filler,none,33,correct
No,No,44,4,filler,none,33,correct
No,No,44,4,filler,none,33,correct
No,No,44,4,filler,none,33,correct
No,No,44,4,filler,none,33,correct
No,No,44,4,filler,none,33,correct
No,No,44,4,filler,none,33,correct
No,No,44,4,filler,none,33,correct
No,No,44,4,filler,none,33,correct
No,No,46,4,filler,none,33,correct
No,No,46,4,filler,none,33,correct
No,No,46,4,filler,none,33,correct
No,No,46,4,filler,none,33,correct
No,No,46,4,filler,none,33,correct
No,No,46,4,filler,none,33,correct
No,No,46,4,filler,none,33,correct
No,No,46,4,filler,none,33,correct
No,No,46,4,filler,none,33,correct
No,No,46,4,filler,none,33,correct
No,No,46,4,filler,none,33,correct
Yes,Yes,48,4,filler,none,33,correct
Yes,Yes,48,4,filler,none,33,correct
Yes,Yes,48,4,filler,none,33,correct
Yes,Yes,48,4,filler,none,33,correct
Yes,Yes,48,4,filler,none,33,correct
Yes,Yes,48,4,filler,none,33,correct
Yes,Yes,48,4,filler,none,33,correct
Yes,Yes,48,4,filler,none,33,correct
Yes,Yes,48,4,filler,none,33,correct
Yes,Yes,48,4,filler,none,33,correct
Yes,Yes,48,4,filler,none,33,correct
Yes,No,50,4,filler,none,33,incorrect
Yes,No,50,4,filler,none,33,incorrect
Yes,No,50,4,filler,none,33,incorrect
Yes,No,50,4,filler,none,33,incorrect
Yes,No,50,4,filler,none,33,incorrect
Yes,No,50,4,filler,none,33,incorrect
Yes,No,50,4,filler,none,33,incorrect
Yes,No,50,4,filler,none,33,incorrect
Yes,No,50,4,filler,none,33,incorrect
Yes,No,50,4,filler,none,33,incorrect
Yes,No,50,4,filler,none,33,incorrect
Yes,Yes,52,4,filler,none,33,correct
Yes,Yes,52,4,filler,none,33,correct
Yes,Yes,52,4,filler,none,33,correct
Yes,Yes,52,4,filler,none,33,correct
Yes,Yes,52,4,filler,none,33,correct
Yes,Yes,52,4,filler,none,33,correct
Yes,Yes,52,4,filler,none,33,correct
Yes,Yes,52,4,filler,none,33,correct
Yes,Yes,52,4,filler,none,33,correct
Yes,Yes,52,4,filler,none,33,correct
Yes,Yes,52,4,filler,none,33,correct
No,No,53,4,filler,none,33,correct
No,No,53,4,filler,none,33,correct
No,No,53,4,filler,none,33,correct
No,No,53,4,filler,none,33,correct
No,No,53,4,filler,none,33,correct
No,No,53,4,filler,none,33,correct
No,No,53,4,filler,none,33,correct
No,No,53,4,filler,none,33,correct
No,No,53,4,filler,none,33,correct
No,No,53,4,filler,none,33,correct
No,No,53,4,filler,none,33,correct
Yes,Yes,58,4,filler,none,33,correct
Yes,Yes,58,4,filler,none,33,correct
Yes,Yes,58,4,filler,none,33,correct
Yes,Yes,58,4,filler,none,33,correct
Yes,Yes,58,4,filler,none,33,correct
Yes,Yes,58,4,filler,none,33,correct
Yes,Yes,58,4,filler,none,33,correct
Yes,Yes,58,4,filler,none,33,correct
Yes,Yes,58,4,filler,none,33,correct
Yes,Yes,58,4,filler,none,33,correct
Yes,Yes,58,4,filler,none,33,correct
Yes,Yes,58,4,filler,none,33,correct
No,No,59,4,filler,none,33,correct
No,No,59,4,filler,none,33,correct
No,No,59,4,filler,none,33,correct
No,No,59,4,filler,none,33,correct
No,No,59,4,filler,none,33,correct
No,No,59,4,filler,none,33,correct
No,No,59,4,filler,none,33,correct
No,No,59,4,filler,none,33,correct
No,No,59,4,filler,none,33,correct
No,No,59,4,filler,none,33,correct
No,No,59,4,filler,none,33,correct
No,No,59,4,filler,none,33,correct
No,No,59,4,filler,none,33,correct
No,No,62,4,filler,none,33,correct
No,No,62,4,filler,none,33,correct
No,No,62,4,filler,none,33,correct
No,No,62,4,filler,none,33,correct
No,No,62,4,filler,none,33,correct
No,No,62,4,filler,none,33,correct
No,No,62,4,filler,none,33,correct
No,No,62,4,filler,none,33,correct
No,No,62,4,filler,none,33,correct
No,No,62,4,filler,none,33,correct
No,No,62,4,filler,none,33,correct
No,No,62,4,filler,none,33,correct
Yes,Yes,64,4,filler,none,33,correct
Yes,Yes,64,4,filler,none,33,correct
Yes,Yes,64,4,filler,none,33,correct
Yes,Yes,64,4,filler,none,33,correct
Yes,Yes,64,4,filler,none,33,correct
Yes,Yes,64,4,filler,none,33,correct
Yes,Yes,64,4,filler,none,33,correct
Yes,Yes,64,4,filler,none,33,correct
Yes,Yes,64,4,filler,none,33,correct
Yes,Yes,64,4,filler,none,33,correct
Yes,Yes,64,4,filler,none,33,correct
Yes,Yes,64,4,filler,none,33,correct
No,No,66,4,filler,none,33,correct
No,No,66,4,filler,none,33,correct
No,No,66,4,filler,none,33,correct
No,No,66,4,filler,none,33,correct
No,No,66,4,filler,none,33,correct
No,No,66,4,filler,none,33,correct
No,No,66,4,filler,none,33,correct
No,No,66,4,filler,none,33,correct
No,No,66,4,filler,none,33,correct
No,No,66,4,filler,none,33,correct
No,No,66,4,filler,none,33,correct
No,No,66,4,filler,none,33,correct
No,No,68,4,filler,none,33,correct
No,No,68,4,filler,none,33,correct
No,No,68,4,filler,none,33,correct
No,No,68,4,filler,none,33,correct
No,No,68,4,filler,none,33,correct
No,No,68,4,filler,none,33,correct
No,No,68,4,filler,none,33,correct
No,No,68,4,filler,none,33,correct
No,No,68,4,filler,none,33,correct
No,No,68,4,filler,none,33,correct
No,No,68,4,filler,none,33,correct
No,No,68,4,filler,none,33,correct
No,No,69,4,filler,none,33,correct
No,No,69,4,filler,none,33,correct
No,No,69,4,filler,none,33,correct
No,No,69,4,filler,none,33,correct
No,No,69,4,filler,none,33,correct
No,No,69,4,filler,none,33,correct
No,No,69,4,filler,none,33,correct
No,No,69,4,filler,none,33,correct
No,No,69,4,filler,none,33,correct
No,No,69,4,filler,none,33,correct
No,No,69,4,filler,none,33,correct
No,No,69,4,filler,none,33,correct
Yes,Yes,72,4,filler,none,33,correct
Yes,Yes,72,4,filler,none,33,correct
Yes,Yes,72,4,filler,none,33,correct
Yes,Yes,72,4,filler,none,33,correct
Yes,Yes,72,4,filler,none,33,correct
Yes,Yes,72,4,filler,none,33,correct
Yes,Yes,72,4,filler,none,33,correct
Yes,Yes,72,4,filler,none,33,correct
Yes,Yes,72,4,filler,none,33,correct
Yes,Yes,72,4,filler,none,33,correct
Yes,Yes,72,4,filler,none,33,correct
Yes,Yes,72,4,filler,none,33,correct
No,No,73,4,filler,none,33,correct
No,No,73,4,filler,none,33,correct
No,No,73,4,filler,none,33,correct
No,No,73,4,filler,none,33,correct
No,No,73,4,filler,none,33,correct
No,No,73,4,filler,none,33,correct
No,No,73,4,filler,none,33,correct
No,No,73,4,filler,none,33,correct
No,No,73,4,filler,none,33,correct
No,No,73,4,filler,none,33,correct
No,No,73,4,filler,none,33,correct
No,No,73,4,filler,none,33,correct
No,No,73,4,filler,none,33,correct
Yes,Yes,74,4,filler,none,33,correct
Yes,Yes,74,4,filler,none,33,correct
Yes,Yes,74,4,filler,none,33,correct
Yes,Yes,74,4,filler,none,33,correct
Yes,Yes,74,4,filler,none,33,correct
Yes,Yes,74,4,filler,none,33,correct
Yes,Yes,74,4,filler,none,33,correct
Yes,Yes,74,4,filler,none,33,correct
Yes,Yes,74,4,filler,none,33,correct
Yes,Yes,74,4,filler,none,33,correct
Yes,Yes,74,4,filler,none,33,correct
Yes,Yes,74,4,filler,none,33,correct
Yes,Yes,74,4,filler,none,33,correct
Yes,Yes,75,4,filler,none,33,correct
Yes,Yes,75,4,filler,none,33,correct
Yes,Yes,75,4,filler,none,33,correct
Yes,Yes,75,4,filler,none,33,correct
Yes,Yes,75,4,filler,none,33,correct
Yes,Yes,75,4,filler,none,33,correct
Yes,Yes,75,4,filler,none,33,correct
Yes,Yes,75,4,filler,none,33,correct
Yes,Yes,75,4,filler,none,33,correct
Yes,Yes,75,4,filler,none,33,correct
Yes,Yes,75,4,filler,none,33,correct
Yes,Yes,75,4,filler,none,33,correct
Yes,Yes,75,4,filler,none,33,correct
Yes,Yes,77,4,filler,none,33,correct
Yes,Yes,77,4,filler,none,33,correct
Yes,Yes,77,4,filler,none,33,correct
Yes,Yes,77,4,filler,none,33,correct
Yes,Yes,77,4,filler,none,33,correct
Yes,Yes,77,4,filler,none,33,correct
Yes,Yes,77,4,filler,none,33,correct
Yes,Yes,77,4,filler,none,33,correct
Yes,Yes,77,4,filler,none,33,correct
Yes,Yes,77,4,filler,none,33,correct
Yes,Yes,77,4,filler,none,33,correct
Yes,Yes,77,4,filler,none,33,correct
Yes,Yes,77,4,filler,none,33,correct
No,No,78,4,filler,none,33,correct
No,No,78,4,filler,none,33,correct
No,No,78,4,filler,none,33,correct
No,No,78,4,filler,none,33,correct
No,No,78,4,filler,none,33,correct
No,No,78,4,filler,none,33,correct
No,No,78,4,filler,none,33,correct
No,No,78,4,filler,none,33,correct
No,No,78,4,filler,none,33,correct
No,No,78,4,filler,none,33,correct
No,No,78,4,filler,none,33,correct
No,No,78,4,filler,none,33,correct
No,No,78,4,filler,none,33,correct
No,No,80,4,filler,none,33,correct
No,No,80,4,filler,none,33,correct
No,No,80,4,filler,none,33,correct
No,No,80,4,filler,none,33,correct
No,No,80,4,filler,none,33,correct
No,No,80,4,filler,none,33,correct
No,No,80,4,filler,none,33,correct
No,No,80,4,filler,none,33,correct
No,No,80,4,filler,none,33,correct
No,No,80,4,filler,none,33,correct
No,No,80,4,filler,none,33,correct
No,No,80,4,filler,none,33,correct
No,No,80,4,filler,none,33,correct
No,No,82,4,filler,none,33,correct
No,No,82,4,filler,none,33,correct
No,No,82,4,filler,none,33,correct
No,No,82,4,filler,none,33,correct
No,No,82,4,filler,none,33,correct
No,No,82,4,filler,none,33,correct
No,No,82,4,filler,none,33,correct
No,No,82,4,filler,none,33,correct
No,No,82,4,filler,none,33,correct
No,No,82,4,filler,none,33,correct
No,No,82,4,filler,none,33,correct
No,No,82,4,filler,none,33,correct
No,No,82,4,filler,none,33,correct
No,No,84,4,filler,none,33,correct
No,No,84,4,filler,none,33,correct
No,No,84,4,filler,none,33,correct
No,No,84,4,filler,none,33,correct
No,No,84,4,filler,none,33,correct
No,No,84,4,filler,none,33,correct
No,No,84,4,filler,none,33,correct
No,No,84,4,filler,none,33,correct
No,No,84,4,filler,none,33,correct
No,No,84,4,filler,none,33,correct
No,No,84,4,filler,none,33,correct
No,No,84,4,filler,none,33,correct
No,No,84,4,filler,none,33,correct
No,No,87,4,filler,none,33,correct
No,No,87,4,filler,none,33,correct
No,No,87,4,filler,none,33,correct
No,No,87,4,filler,none,33,correct
No,No,87,4,filler,none,33,correct
No,No,87,4,filler,none,33,correct
No,No,87,4,filler,none,33,correct
No,No,87,4,filler,none,33,correct
No,No,87,4,filler,none,33,correct
No,No,87,4,filler,none,33,correct
No,No,87,4,filler,none,33,correct
No,No,87,4,filler,none,33,correct
No,No,87,4,filler,none,33,correct
No,No,89,4,filler,none,33,correct
No,No,89,4,filler,none,33,correct
No,No,89,4,filler,none,33,correct
No,No,89,4,filler,none,33,correct
No,No,89,4,filler,none,33,correct
No,No,89,4,filler,none,33,correct
No,No,89,4,filler,none,33,correct
No,No,89,4,filler,none,33,correct
No,No,89,4,filler,none,33,correct
No,No,89,4,filler,none,33,correct
No,No,89,4,filler,none,33,correct
No,No,89,4,filler,none,33,correct
No,No,89,4,filler,none,33,correct
Yes,Yes,1,5,nomove,unacc,34,correct
Yes,Yes,1,5,nomove,unacc,34,correct
Yes,Yes,1,5,nomove,unacc,34,correct
Yes,Yes,1,5,nomove,unacc,34,correct
Yes,Yes,1,5,nomove,unacc,34,correct
Yes,Yes,2,5,nomove,CP,34,correct
Yes,Yes,2,5,nomove,CP,34,correct
Yes,Yes,2,5,nomove,CP,34,correct
Yes,Yes,2,5,nomove,CP,34,correct
Yes,Yes,2,5,nomove,CP,34,correct
No,No,5,5,move,CP,34,correct
No,No,5,5,move,CP,34,correct
No,No,5,5,move,CP,34,correct
No,No,5,5,move,CP,34,correct
No,No,5,5,move,CP,34,correct
Yes,Yes,6,5,nomove,DP,34,correct
Yes,Yes,6,5,nomove,DP,34,correct
Yes,Yes,6,5,nomove,DP,34,correct
Yes,Yes,6,5,nomove,DP,34,correct
Yes,Yes,6,5,nomove,DP,34,correct
Yes,Yes,7,5,nomove,unacc,34,correct
Yes,Yes,7,5,nomove,unacc,34,correct
Yes,Yes,7,5,nomove,unacc,34,correct
Yes,Yes,7,5,nomove,unacc,34,correct
Yes,Yes,7,5,nomove,unacc,34,correct
No,Yes,11,5,move,CP,34,incorrect
No,Yes,11,5,move,CP,34,incorrect
No,Yes,11,5,move,CP,34,incorrect
No,Yes,11,5,move,CP,34,incorrect
No,Yes,11,5,move,CP,34,incorrect
Yes,Yes,13,5,nomove,unacc,34,correct
Yes,Yes,13,5,nomove,unacc,34,correct
Yes,Yes,13,5,nomove,unacc,34,correct
Yes,Yes,13,5,nomove,unacc,34,correct
Yes,Yes,13,5,nomove,unacc,34,correct
Yes,Yes,14,5,nomove,CP,34,correct
Yes,Yes,14,5,nomove,CP,34,correct
Yes,Yes,14,5,nomove,CP,34,correct
Yes,Yes,14,5,nomove,CP,34,correct
Yes,Yes,14,5,nomove,CP,34,correct
Yes,Yes,17,5,move,unacc,34,correct
Yes,Yes,17,5,move,unacc,34,correct
Yes,Yes,17,5,move,unacc,34,correct
Yes,Yes,17,5,move,unacc,34,correct
Yes,Yes,17,5,move,unacc,34,correct
Yes,Yes,19,5,nomove,unacc,34,correct
Yes,Yes,19,5,nomove,unacc,34,correct
Yes,Yes,19,5,nomove,unacc,34,correct
Yes,Yes,19,5,nomove,unacc,34,correct
Yes,Yes,19,5,nomove,unacc,34,correct
Yes,Yes,21,5,move,DP,34,correct
Yes,Yes,21,5,move,DP,34,correct
Yes,Yes,21,5,move,DP,34,correct
Yes,Yes,21,5,move,DP,34,correct
Yes,Yes,21,5,move,DP,34,correct
Yes,Yes,22,5,move,unacc,34,correct
Yes,Yes,22,5,move,unacc,34,correct
Yes,Yes,22,5,move,unacc,34,correct
Yes,Yes,22,5,move,unacc,34,correct
Yes,Yes,22,5,move,unacc,34,correct
No,No,25,5,nomove,unacc,34,correct
No,No,25,5,nomove,unacc,34,correct
No,No,25,5,nomove,unacc,34,correct
No,No,25,5,nomove,unacc,34,correct
No,No,25,5,nomove,unacc,34,correct
No,Yes,30,5,nomove,DP,34,incorrect
No,Yes,30,5,nomove,DP,34,incorrect
No,Yes,30,5,nomove,DP,34,incorrect
No,Yes,30,5,nomove,DP,34,incorrect
No,Yes,30,5,nomove,DP,34,incorrect
No,No,31,5,nomove,unacc,34,correct
No,No,31,5,nomove,unacc,34,correct
No,No,31,5,nomove,unacc,34,correct
No,No,31,5,nomove,unacc,34,correct
No,No,31,5,nomove,unacc,34,correct
Yes,Yes,32,5,nomove,CP,34,correct
Yes,Yes,32,5,nomove,CP,34,correct
Yes,Yes,32,5,nomove,CP,34,correct
Yes,Yes,32,5,nomove,CP,34,correct
Yes,Yes,32,5,nomove,CP,34,correct
No,No,33,5,move,DP,34,correct
No,No,33,5,move,DP,34,correct
No,No,33,5,move,DP,34,correct
No,No,33,5,move,DP,34,correct
No,No,33,5,move,DP,34,correct
Yes,Yes,35,5,move,CP,34,correct
Yes,Yes,35,5,move,CP,34,correct
Yes,Yes,35,5,move,CP,34,correct
Yes,Yes,35,5,move,CP,34,correct
Yes,Yes,35,5,move,CP,34,correct
No,No,37,5,filler,none,34,correct
No,No,37,5,filler,none,34,correct
No,No,37,5,filler,none,34,correct
No,No,37,5,filler,none,34,correct
No,No,37,5,filler,none,34,correct
No,No,37,5,filler,none,34,correct
No,No,37,5,filler,none,34,correct
No,No,37,5,filler,none,34,correct
No,No,37,5,filler,none,34,correct
No,No,37,5,filler,none,34,correct
No,No,37,5,filler,none,34,correct
No,No,38,5,filler,none,34,correct
No,No,38,5,filler,none,34,correct
No,No,38,5,filler,none,34,correct
No,No,38,5,filler,none,34,correct
No,No,38,5,filler,none,34,correct
No,No,38,5,filler,none,34,correct
No,No,38,5,filler,none,34,correct
No,No,38,5,filler,none,34,correct
No,No,38,5,filler,none,34,correct
No,No,38,5,filler,none,34,correct
No,No,38,5,filler,none,34,correct
No,No,39,5,filler,none,34,correct
No,No,39,5,filler,none,34,correct
No,No,39,5,filler,none,34,correct
No,No,39,5,filler,none,34,correct
No,No,39,5,filler,none,34,correct
No,No,39,5,filler,none,34,correct
No,No,39,5,filler,none,34,correct
No,No,39,5,filler,none,34,correct
No,No,39,5,filler,none,34,correct
No,No,39,5,filler,none,34,correct
No,No,39,5,filler,none,34,correct
Yes,Yes,43,5,filler,none,34,correct
Yes,Yes,43,5,filler,none,34,correct
Yes,Yes,43,5,filler,none,34,correct
Yes,Yes,43,5,filler,none,34,correct
Yes,Yes,43,5,filler,none,34,correct
Yes,Yes,43,5,filler,none,34,correct
Yes,Yes,43,5,filler,none,34,correct
Yes,Yes,43,5,filler,none,34,correct
Yes,Yes,43,5,filler,none,34,correct
Yes,Yes,43,5,filler,none,34,correct
Yes,Yes,43,5,filler,none,34,correct
No,No,44,5,filler,none,34,correct
No,No,44,5,filler,none,34,correct
No,No,44,5,filler,none,34,correct
No,No,44,5,filler,none,34,correct
No,No,44,5,filler,none,34,correct
No,No,44,5,filler,none,34,correct
No,No,44,5,filler,none,34,correct
No,No,44,5,filler,none,34,correct
No,No,44,5,filler,none,34,correct
No,No,44,5,filler,none,34,correct
No,No,44,5,filler,none,34,correct
No,No,46,5,filler,none,34,correct
No,No,46,5,filler,none,34,correct
No,No,46,5,filler,none,34,correct
No,No,46,5,filler,none,34,correct
No,No,46,5,filler,none,34,correct
No,No,46,5,filler,none,34,correct
No,No,46,5,filler,none,34,correct
No,No,46,5,filler,none,34,correct
No,No,46,5,filler,none,34,correct
No,No,46,5,filler,none,34,correct
No,No,46,5,filler,none,34,correct
Yes,Yes,48,5,filler,none,34,correct
Yes,Yes,48,5,filler,none,34,correct
Yes,Yes,48,5,filler,none,34,correct
Yes,Yes,48,5,filler,none,34,correct
Yes,Yes,48,5,filler,none,34,correct
Yes,Yes,48,5,filler,none,34,correct
Yes,Yes,48,5,filler,none,34,correct
Yes,Yes,48,5,filler,none,34,correct
Yes,Yes,48,5,filler,none,34,correct
Yes,Yes,48,5,filler,none,34,correct
Yes,Yes,48,5,filler,none,34,correct
No,No,50,5,filler,none,34,correct
No,No,50,5,filler,none,34,correct
No,No,50,5,filler,none,34,correct
No,No,50,5,filler,none,34,correct
No,No,50,5,filler,none,34,correct
No,No,50,5,filler,none,34,correct
No,No,50,5,filler,none,34,correct
No,No,50,5,filler,none,34,correct
No,No,50,5,filler,none,34,correct
No,No,50,5,filler,none,34,correct
No,No,50,5,filler,none,34,correct
Yes,Yes,52,5,filler,none,34,correct
Yes,Yes,52,5,filler,none,34,correct
Yes,Yes,52,5,filler,none,34,correct
Yes,Yes,52,5,filler,none,34,correct
Yes,Yes,52,5,filler,none,34,correct
Yes,Yes,52,5,filler,none,34,correct
Yes,Yes,52,5,filler,none,34,correct
Yes,Yes,52,5,filler,none,34,correct
Yes,Yes,52,5,filler,none,34,correct
Yes,Yes,52,5,filler,none,34,correct
Yes,Yes,52,5,filler,none,34,correct
No,No,53,5,filler,none,34,correct
No,No,53,5,filler,none,34,correct
No,No,53,5,filler,none,34,correct
No,No,53,5,filler,none,34,correct
No,No,53,5,filler,none,34,correct
No,No,53,5,filler,none,34,correct
No,No,53,5,filler,none,34,correct
No,No,53,5,filler,none,34,correct
No,No,53,5,filler,none,34,correct
No,No,53,5,filler,none,34,correct
No,No,53,5,filler,none,34,correct
Yes,Yes,58,5,filler,none,34,correct
Yes,Yes,58,5,filler,none,34,correct
Yes,Yes,58,5,filler,none,34,correct
Yes,Yes,58,5,filler,none,34,correct
Yes,Yes,58,5,filler,none,34,correct
Yes,Yes,58,5,filler,none,34,correct
Yes,Yes,58,5,filler,none,34,correct
Yes,Yes,58,5,filler,none,34,correct
Yes,Yes,58,5,filler,none,34,correct
Yes,Yes,58,5,filler,none,34,correct
Yes,Yes,58,5,filler,none,34,correct
Yes,Yes,58,5,filler,none,34,correct
No,No,59,5,filler,none,34,correct
No,No,59,5,filler,none,34,correct
No,No,59,5,filler,none,34,correct
No,No,59,5,filler,none,34,correct
No,No,59,5,filler,none,34,correct
No,No,59,5,filler,none,34,correct
No,No,59,5,filler,none,34,correct
No,No,59,5,filler,none,34,correct
No,No,59,5,filler,none,34,correct
No,No,59,5,filler,none,34,correct
No,No,59,5,filler,none,34,correct
No,No,59,5,filler,none,34,correct
No,No,59,5,filler,none,34,correct
No,No,62,5,filler,none,34,correct
No,No,62,5,filler,none,34,correct
No,No,62,5,filler,none,34,correct
No,No,62,5,filler,none,34,correct
No,No,62,5,filler,none,34,correct
No,No,62,5,filler,none,34,correct
No,No,62,5,filler,none,34,correct
No,No,62,5,filler,none,34,correct
No,No,62,5,filler,none,34,correct
No,No,62,5,filler,none,34,correct
No,No,62,5,filler,none,34,correct
No,No,62,5,filler,none,34,correct
No,No,66,5,filler,none,34,correct
No,No,66,5,filler,none,34,correct
No,No,66,5,filler,none,34,correct
No,No,66,5,filler,none,34,correct
No,No,66,5,filler,none,34,correct
No,No,66,5,filler,none,34,correct
No,No,66,5,filler,none,34,correct
No,No,66,5,filler,none,34,correct
No,No,66,5,filler,none,34,correct
No,No,66,5,filler,none,34,correct
No,No,66,5,filler,none,34,correct
No,No,66,5,filler,none,34,correct
No,No,68,5,filler,none,34,correct
No,No,68,5,filler,none,34,correct
No,No,68,5,filler,none,34,correct
No,No,68,5,filler,none,34,correct
No,No,68,5,filler,none,34,correct
No,No,68,5,filler,none,34,correct
No,No,68,5,filler,none,34,correct
No,No,68,5,filler,none,34,correct
No,No,68,5,filler,none,34,correct
No,No,68,5,filler,none,34,correct
No,No,68,5,filler,none,34,correct
No,No,68,5,filler,none,34,correct
No,No,69,5,filler,none,34,correct
No,No,69,5,filler,none,34,correct
No,No,69,5,filler,none,34,correct
No,No,69,5,filler,none,34,correct
No,No,69,5,filler,none,34,correct
No,No,69,5,filler,none,34,correct
No,No,69,5,filler,none,34,correct
No,No,69,5,filler,none,34,correct
No,No,69,5,filler,none,34,correct
No,No,69,5,filler,none,34,correct
No,No,69,5,filler,none,34,correct
No,No,69,5,filler,none,34,correct
Yes,Yes,72,5,filler,none,34,correct
Yes,Yes,72,5,filler,none,34,correct
Yes,Yes,72,5,filler,none,34,correct
Yes,Yes,72,5,filler,none,34,correct
Yes,Yes,72,5,filler,none,34,correct
Yes,Yes,72,5,filler,none,34,correct
Yes,Yes,72,5,filler,none,34,correct
Yes,Yes,72,5,filler,none,34,correct
Yes,Yes,72,5,filler,none,34,correct
Yes,Yes,72,5,filler,none,34,correct
Yes,Yes,72,5,filler,none,34,correct
Yes,Yes,72,5,filler,none,34,correct
No,No,73,5,filler,none,34,correct
No,No,73,5,filler,none,34,correct
No,No,73,5,filler,none,34,correct
No,No,73,5,filler,none,34,correct
No,No,73,5,filler,none,34,correct
No,No,73,5,filler,none,34,correct
No,No,73,5,filler,none,34,correct
No,No,73,5,filler,none,34,correct
No,No,73,5,filler,none,34,correct
No,No,73,5,filler,none,34,correct
No,No,73,5,filler,none,34,correct
No,No,73,5,filler,none,34,correct
No,No,73,5,filler,none,34,correct
Yes,Yes,74,5,filler,none,34,correct
Yes,Yes,74,5,filler,none,34,correct
Yes,Yes,74,5,filler,none,34,correct
Yes,Yes,74,5,filler,none,34,correct
Yes,Yes,74,5,filler,none,34,correct
Yes,Yes,74,5,filler,none,34,correct
Yes,Yes,74,5,filler,none,34,correct
Yes,Yes,74,5,filler,none,34,correct
Yes,Yes,74,5,filler,none,34,correct
Yes,Yes,74,5,filler,none,34,correct
Yes,Yes,74,5,filler,none,34,correct
Yes,Yes,74,5,filler,none,34,correct
Yes,Yes,74,5,filler,none,34,correct
Yes,Yes,75,5,filler,none,34,correct
Yes,Yes,75,5,filler,none,34,correct
Yes,Yes,75,5,filler,none,34,correct
Yes,Yes,75,5,filler,none,34,correct
Yes,Yes,75,5,filler,none,34,correct
Yes,Yes,75,5,filler,none,34,correct
Yes,Yes,75,5,filler,none,34,correct
Yes,Yes,75,5,filler,none,34,correct
Yes,Yes,75,5,filler,none,34,correct
Yes,Yes,75,5,filler,none,34,correct
Yes,Yes,75,5,filler,none,34,correct
Yes,Yes,75,5,filler,none,34,correct
Yes,Yes,75,5,filler,none,34,correct
Yes,Yes,77,5,filler,none,34,correct
Yes,Yes,77,5,filler,none,34,correct
Yes,Yes,77,5,filler,none,34,correct
Yes,Yes,77,5,filler,none,34,correct
Yes,Yes,77,5,filler,none,34,correct
Yes,Yes,77,5,filler,none,34,correct
Yes,Yes,77,5,filler,none,34,correct
Yes,Yes,77,5,filler,none,34,correct
Yes,Yes,77,5,filler,none,34,correct
Yes,Yes,77,5,filler,none,34,correct
Yes,Yes,77,5,filler,none,34,correct
Yes,Yes,77,5,filler,none,34,correct
Yes,Yes,77,5,filler,none,34,correct
No,No,78,5,filler,none,34,correct
No,No,78,5,filler,none,34,correct
No,No,78,5,filler,none,34,correct
No,No,78,5,filler,none,34,correct
No,No,78,5,filler,none,34,correct
No,No,78,5,filler,none,34,correct
No,No,78,5,filler,none,34,correct
No,No,78,5,filler,none,34,correct
No,No,78,5,filler,none,34,correct
No,No,78,5,filler,none,34,correct
No,No,78,5,filler,none,34,correct
No,No,78,5,filler,none,34,correct
No,No,78,5,filler,none,34,correct
No,No,80,5,filler,none,34,correct
No,No,80,5,filler,none,34,correct
No,No,80,5,filler,none,34,correct
No,No,80,5,filler,none,34,correct
No,No,80,5,filler,none,34,correct
No,No,80,5,filler,none,34,correct
No,No,80,5,filler,none,34,correct
No,No,80,5,filler,none,34,correct
No,No,80,5,filler,none,34,correct
No,No,80,5,filler,none,34,correct
No,No,80,5,filler,none,34,correct
No,No,80,5,filler,none,34,correct
No,No,80,5,filler,none,34,correct
No,No,82,5,filler,none,34,correct
No,No,82,5,filler,none,34,correct
No,No,82,5,filler,none,34,correct
No,No,82,5,filler,none,34,correct
No,No,82,5,filler,none,34,correct
No,No,82,5,filler,none,34,correct
No,No,82,5,filler,none,34,correct
No,No,82,5,filler,none,34,correct
No,No,82,5,filler,none,34,correct
No,No,82,5,filler,none,34,correct
No,No,82,5,filler,none,34,correct
No,No,82,5,filler,none,34,correct
No,No,82,5,filler,none,34,correct
No,No,84,5,filler,none,34,correct
No,No,84,5,filler,none,34,correct
No,No,84,5,filler,none,34,correct
No,No,84,5,filler,none,34,correct
No,No,84,5,filler,none,34,correct
No,No,84,5,filler,none,34,correct
No,No,84,5,filler,none,34,correct
No,No,84,5,filler,none,34,correct
No,No,84,5,filler,none,34,correct
No,No,84,5,filler,none,34,correct
No,No,84,5,filler,none,34,correct
No,No,84,5,filler,none,34,correct
No,No,84,5,filler,none,34,correct
No,No,87,5,filler,none,34,correct
No,No,87,5,filler,none,34,correct
No,No,87,5,filler,none,34,correct
No,No,87,5,filler,none,34,correct
No,No,87,5,filler,none,34,correct
No,No,87,5,filler,none,34,correct
No,No,87,5,filler,none,34,correct
No,No,87,5,filler,none,34,correct
No,No,87,5,filler,none,34,correct
No,No,87,5,filler,none,34,correct
No,No,87,5,filler,none,34,correct
No,No,87,5,filler,none,34,correct
No,No,87,5,filler,none,34,correct
No,No,89,5,filler,none,34,correct
No,No,89,5,filler,none,34,correct
No,No,89,5,filler,none,34,correct
No,No,89,5,filler,none,34,correct
No,No,89,5,filler,none,34,correct
No,No,89,5,filler,none,34,correct
No,No,89,5,filler,none,34,correct
No,No,89,5,filler,none,34,correct
No,No,89,5,filler,none,34,correct
No,No,89,5,filler,none,34,correct
No,No,89,5,filler,none,34,correct
No,No,89,5,filler,none,34,correct
No,No,89,5,filler,none,34,correct
Yes,Yes,1,6,nomove,DP,35,correct
Yes,Yes,1,6,nomove,DP,35,correct
Yes,Yes,1,6,nomove,DP,35,correct
Yes,Yes,1,6,nomove,DP,35,correct
Yes,Yes,1,6,nomove,DP,35,correct
Yes,Yes,2,6,nomove,unacc,35,correct
Yes,Yes,2,6,nomove,unacc,35,correct
Yes,Yes,2,6,nomove,unacc,35,correct
Yes,Yes,2,6,nomove,unacc,35,correct
Yes,Yes,2,6,nomove,unacc,35,correct
No,No,5,6,move,unacc,35,correct
No,No,5,6,move,unacc,35,correct
No,No,5,6,move,unacc,35,correct
No,No,5,6,move,unacc,35,correct
No,No,5,6,move,unacc,35,correct
Yes,Yes,6,6,move,CP,35,correct
Yes,Yes,6,6,move,CP,35,correct
Yes,Yes,6,6,move,CP,35,correct
Yes,Yes,6,6,move,CP,35,correct
Yes,Yes,6,6,move,CP,35,correct
Yes,Yes,7,6,nomove,DP,35,correct
Yes,Yes,7,6,nomove,DP,35,correct
Yes,Yes,7,6,nomove,DP,35,correct
Yes,Yes,7,6,nomove,DP,35,correct
Yes,Yes,7,6,nomove,DP,35,correct
Yes,Yes,11,6,move,unacc,35,correct
Yes,Yes,11,6,move,unacc,35,correct
Yes,Yes,11,6,move,unacc,35,correct
Yes,Yes,11,6,move,unacc,35,correct
Yes,Yes,11,6,move,unacc,35,correct
Yes,Yes,13,6,nomove,DP,35,correct
Yes,Yes,13,6,nomove,DP,35,correct
Yes,Yes,13,6,nomove,DP,35,correct
Yes,Yes,13,6,nomove,DP,35,correct
Yes,Yes,13,6,nomove,DP,35,correct
Yes,Yes,14,6,nomove,unacc,35,correct
Yes,Yes,14,6,nomove,unacc,35,correct
Yes,Yes,14,6,nomove,unacc,35,correct
Yes,Yes,14,6,nomove,unacc,35,correct
Yes,Yes,14,6,nomove,unacc,35,correct
Yes,Yes,17,6,move,DP,35,correct
Yes,Yes,17,6,move,DP,35,correct
Yes,Yes,17,6,move,DP,35,correct
Yes,Yes,17,6,move,DP,35,correct
Yes,Yes,17,6,move,DP,35,correct
Yes,Yes,19,6,nomove,DP,35,correct
Yes,Yes,19,6,nomove,DP,35,correct
Yes,Yes,19,6,nomove,DP,35,correct
Yes,Yes,19,6,nomove,DP,35,correct
Yes,Yes,19,6,nomove,DP,35,correct
Yes,Yes,21,6,nomove,CP,35,correct
Yes,Yes,21,6,nomove,CP,35,correct
Yes,Yes,21,6,nomove,CP,35,correct
Yes,Yes,21,6,nomove,CP,35,correct
Yes,Yes,21,6,nomove,CP,35,correct
Yes,Yes,22,6,move,DP,35,correct
Yes,Yes,22,6,move,DP,35,correct
Yes,Yes,22,6,move,DP,35,correct
Yes,Yes,22,6,move,DP,35,correct
Yes,Yes,22,6,move,DP,35,correct
No,No,25,6,nomove,DP,35,correct
No,No,25,6,nomove,DP,35,correct
No,No,25,6,nomove,DP,35,correct
No,No,25,6,nomove,DP,35,correct
No,No,25,6,nomove,DP,35,correct
Yes,Yes,30,6,move,CP,35,correct
Yes,Yes,30,6,move,CP,35,correct
Yes,Yes,30,6,move,CP,35,correct
Yes,Yes,30,6,move,CP,35,correct
Yes,Yes,30,6,move,CP,35,correct
No,No,31,6,nomove,DP,35,correct
No,No,31,6,nomove,DP,35,correct
No,No,31,6,nomove,DP,35,correct
No,No,31,6,nomove,DP,35,correct
No,No,31,6,nomove,DP,35,correct
Yes,Yes,32,6,nomove,unacc,35,correct
Yes,Yes,32,6,nomove,unacc,35,correct
Yes,Yes,32,6,nomove,unacc,35,correct
Yes,Yes,32,6,nomove,unacc,35,correct
Yes,Yes,32,6,nomove,unacc,35,correct
No,No,33,6,nomove,CP,35,correct
No,No,33,6,nomove,CP,35,correct
No,No,33,6,nomove,CP,35,correct
No,No,33,6,nomove,CP,35,correct
No,No,33,6,nomove,CP,35,correct
Yes,Yes,35,6,move,unacc,35,correct
Yes,Yes,35,6,move,unacc,35,correct
Yes,Yes,35,6,move,unacc,35,correct
Yes,Yes,35,6,move,unacc,35,correct
Yes,Yes,35,6,move,unacc,35,correct
No,No,37,6,filler,none,35,correct
No,No,37,6,filler,none,35,correct
No,No,37,6,filler,none,35,correct
No,No,37,6,filler,none,35,correct
No,No,37,6,filler,none,35,correct
No,No,37,6,filler,none,35,correct
No,No,37,6,filler,none,35,correct
No,No,37,6,filler,none,35,correct
No,No,37,6,filler,none,35,correct
No,No,37,6,filler,none,35,correct
No,No,37,6,filler,none,35,correct
No,No,38,6,filler,none,35,correct
No,No,38,6,filler,none,35,correct
No,No,38,6,filler,none,35,correct
No,No,38,6,filler,none,35,correct
No,No,38,6,filler,none,35,correct
No,No,38,6,filler,none,35,correct
No,No,38,6,filler,none,35,correct
No,No,38,6,filler,none,35,correct
No,No,38,6,filler,none,35,correct
No,No,38,6,filler,none,35,correct
No,No,38,6,filler,none,35,correct
No,No,39,6,filler,none,35,correct
No,No,39,6,filler,none,35,correct
No,No,39,6,filler,none,35,correct
No,No,39,6,filler,none,35,correct
No,No,39,6,filler,none,35,correct
No,No,39,6,filler,none,35,correct
No,No,39,6,filler,none,35,correct
No,No,39,6,filler,none,35,correct
No,No,39,6,filler,none,35,correct
No,No,39,6,filler,none,35,correct
No,No,39,6,filler,none,35,correct
Yes,Yes,43,6,filler,none,35,correct
Yes,Yes,43,6,filler,none,35,correct
Yes,Yes,43,6,filler,none,35,correct
Yes,Yes,43,6,filler,none,35,correct
Yes,Yes,43,6,filler,none,35,correct
Yes,Yes,43,6,filler,none,35,correct
Yes,Yes,43,6,filler,none,35,correct
Yes,Yes,43,6,filler,none,35,correct
Yes,Yes,43,6,filler,none,35,correct
Yes,Yes,43,6,filler,none,35,correct
Yes,Yes,43,6,filler,none,35,correct
No,No,44,6,filler,none,35,correct
No,No,44,6,filler,none,35,correct
No,No,44,6,filler,none,35,correct
No,No,44,6,filler,none,35,correct
No,No,44,6,filler,none,35,correct
No,No,44,6,filler,none,35,correct
No,No,44,6,filler,none,35,correct
No,No,44,6,filler,none,35,correct
No,No,44,6,filler,none,35,correct
No,No,44,6,filler,none,35,correct
No,No,44,6,filler,none,35,correct
No,No,46,6,filler,none,35,correct
No,No,46,6,filler,none,35,correct
No,No,46,6,filler,none,35,correct
No,No,46,6,filler,none,35,correct
No,No,46,6,filler,none,35,correct
No,No,46,6,filler,none,35,correct
No,No,46,6,filler,none,35,correct
No,No,46,6,filler,none,35,correct
No,No,46,6,filler,none,35,correct
No,No,46,6,filler,none,35,correct
No,No,46,6,filler,none,35,correct
Yes,Yes,48,6,filler,none,35,correct
Yes,Yes,48,6,filler,none,35,correct
Yes,Yes,48,6,filler,none,35,correct
Yes,Yes,48,6,filler,none,35,correct
Yes,Yes,48,6,filler,none,35,correct
Yes,Yes,48,6,filler,none,35,correct
Yes,Yes,48,6,filler,none,35,correct
Yes,Yes,48,6,filler,none,35,correct
Yes,Yes,48,6,filler,none,35,correct
Yes,Yes,48,6,filler,none,35,correct
Yes,Yes,48,6,filler,none,35,correct
No,No,50,6,filler,none,35,correct
No,No,50,6,filler,none,35,correct
No,No,50,6,filler,none,35,correct
No,No,50,6,filler,none,35,correct
No,No,50,6,filler,none,35,correct
No,No,50,6,filler,none,35,correct
No,No,50,6,filler,none,35,correct
No,No,50,6,filler,none,35,correct
No,No,50,6,filler,none,35,correct
No,No,50,6,filler,none,35,correct
No,No,50,6,filler,none,35,correct
Yes,Yes,52,6,filler,none,35,correct
Yes,Yes,52,6,filler,none,35,correct
Yes,Yes,52,6,filler,none,35,correct
Yes,Yes,52,6,filler,none,35,correct
Yes,Yes,52,6,filler,none,35,correct
Yes,Yes,52,6,filler,none,35,correct
Yes,Yes,52,6,filler,none,35,correct
Yes,Yes,52,6,filler,none,35,correct
Yes,Yes,52,6,filler,none,35,correct
Yes,Yes,52,6,filler,none,35,correct
Yes,Yes,52,6,filler,none,35,correct
No,No,53,6,filler,none,35,correct
No,No,53,6,filler,none,35,correct
No,No,53,6,filler,none,35,correct
No,No,53,6,filler,none,35,correct
No,No,53,6,filler,none,35,correct
No,No,53,6,filler,none,35,correct
No,No,53,6,filler,none,35,correct
No,No,53,6,filler,none,35,correct
No,No,53,6,filler,none,35,correct
No,No,53,6,filler,none,35,correct
No,No,53,6,filler,none,35,correct
Yes,Yes,58,6,filler,none,35,correct
Yes,Yes,58,6,filler,none,35,correct
Yes,Yes,58,6,filler,none,35,correct
Yes,Yes,58,6,filler,none,35,correct
Yes,Yes,58,6,filler,none,35,correct
Yes,Yes,58,6,filler,none,35,correct
Yes,Yes,58,6,filler,none,35,correct
Yes,Yes,58,6,filler,none,35,correct
Yes,Yes,58,6,filler,none,35,correct
Yes,Yes,58,6,filler,none,35,correct
Yes,Yes,58,6,filler,none,35,correct
Yes,Yes,58,6,filler,none,35,correct
No,No,59,6,filler,none,35,correct
No,No,59,6,filler,none,35,correct
No,No,59,6,filler,none,35,correct
No,No,59,6,filler,none,35,correct
No,No,59,6,filler,none,35,correct
No,No,59,6,filler,none,35,correct
No,No,59,6,filler,none,35,correct
No,No,59,6,filler,none,35,correct
No,No,59,6,filler,none,35,correct
No,No,59,6,filler,none,35,correct
No,No,59,6,filler,none,35,correct
No,No,59,6,filler,none,35,correct
No,No,59,6,filler,none,35,correct
No,No,62,6,filler,none,35,correct
No,No,62,6,filler,none,35,correct
No,No,62,6,filler,none,35,correct
No,No,62,6,filler,none,35,correct
No,No,62,6,filler,none,35,correct
No,No,62,6,filler,none,35,correct
No,No,62,6,filler,none,35,correct
No,No,62,6,filler,none,35,correct
No,No,62,6,filler,none,35,correct
No,No,62,6,filler,none,35,correct
No,No,62,6,filler,none,35,correct
No,No,62,6,filler,none,35,correct
Yes,Yes,64,6,filler,none,35,correct
Yes,Yes,64,6,filler,none,35,correct
Yes,Yes,64,6,filler,none,35,correct
Yes,Yes,64,6,filler,none,35,correct
Yes,Yes,64,6,filler,none,35,correct
Yes,Yes,64,6,filler,none,35,correct
Yes,Yes,64,6,filler,none,35,correct
Yes,Yes,64,6,filler,none,35,correct
Yes,Yes,64,6,filler,none,35,correct
Yes,Yes,64,6,filler,none,35,correct
Yes,Yes,64,6,filler,none,35,correct
Yes,Yes,64,6,filler,none,35,correct
No,No,66,6,filler,none,35,correct
No,No,66,6,filler,none,35,correct
No,No,66,6,filler,none,35,correct
No,No,66,6,filler,none,35,correct
No,No,66,6,filler,none,35,correct
No,No,66,6,filler,none,35,correct
No,No,66,6,filler,none,35,correct
No,No,66,6,filler,none,35,correct
No,No,66,6,filler,none,35,correct
No,No,66,6,filler,none,35,correct
No,No,66,6,filler,none,35,correct
No,No,66,6,filler,none,35,correct
No,No,68,6,filler,none,35,correct
No,No,68,6,filler,none,35,correct
No,No,68,6,filler,none,35,correct
No,No,68,6,filler,none,35,correct
No,No,68,6,filler,none,35,correct
No,No,68,6,filler,none,35,correct
No,No,68,6,filler,none,35,correct
No,No,68,6,filler,none,35,correct
No,No,68,6,filler,none,35,correct
No,No,68,6,filler,none,35,correct
No,No,68,6,filler,none,35,correct
No,No,68,6,filler,none,35,correct
No,No,69,6,filler,none,35,correct
No,No,69,6,filler,none,35,correct
No,No,69,6,filler,none,35,correct
No,No,69,6,filler,none,35,correct
No,No,69,6,filler,none,35,correct
No,No,69,6,filler,none,35,correct
No,No,69,6,filler,none,35,correct
No,No,69,6,filler,none,35,correct
No,No,69,6,filler,none,35,correct
No,No,69,6,filler,none,35,correct
No,No,69,6,filler,none,35,correct
No,No,69,6,filler,none,35,correct
Yes,Yes,72,6,filler,none,35,correct
Yes,Yes,72,6,filler,none,35,correct
Yes,Yes,72,6,filler,none,35,correct
Yes,Yes,72,6,filler,none,35,correct
Yes,Yes,72,6,filler,none,35,correct
Yes,Yes,72,6,filler,none,35,correct
Yes,Yes,72,6,filler,none,35,correct
Yes,Yes,72,6,filler,none,35,correct
Yes,Yes,72,6,filler,none,35,correct
Yes,Yes,72,6,filler,none,35,correct
Yes,Yes,72,6,filler,none,35,correct
Yes,Yes,72,6,filler,none,35,correct
Yes,No,73,6,filler,none,35,incorrect
Yes,No,73,6,filler,none,35,incorrect
Yes,No,73,6,filler,none,35,incorrect
Yes,No,73,6,filler,none,35,incorrect
Yes,No,73,6,filler,none,35,incorrect
Yes,No,73,6,filler,none,35,incorrect
Yes,No,73,6,filler,none,35,incorrect
Yes,No,73,6,filler,none,35,incorrect
Yes,No,73,6,filler,none,35,incorrect
Yes,No,73,6,filler,none,35,incorrect
Yes,No,73,6,filler,none,35,incorrect
Yes,No,73,6,filler,none,35,incorrect
Yes,No,73,6,filler,none,35,incorrect
Yes,Yes,74,6,filler,none,35,correct
Yes,Yes,74,6,filler,none,35,correct
Yes,Yes,74,6,filler,none,35,correct
Yes,Yes,74,6,filler,none,35,correct
Yes,Yes,74,6,filler,none,35,correct
Yes,Yes,74,6,filler,none,35,correct
Yes,Yes,74,6,filler,none,35,correct
Yes,Yes,74,6,filler,none,35,correct
Yes,Yes,74,6,filler,none,35,correct
Yes,Yes,74,6,filler,none,35,correct
Yes,Yes,74,6,filler,none,35,correct
Yes,Yes,74,6,filler,none,35,correct
Yes,Yes,74,6,filler,none,35,correct
Yes,Yes,75,6,filler,none,35,correct
Yes,Yes,75,6,filler,none,35,correct
Yes,Yes,75,6,filler,none,35,correct
Yes,Yes,75,6,filler,none,35,correct
Yes,Yes,75,6,filler,none,35,correct
Yes,Yes,75,6,filler,none,35,correct
Yes,Yes,75,6,filler,none,35,correct
Yes,Yes,75,6,filler,none,35,correct
Yes,Yes,75,6,filler,none,35,correct
Yes,Yes,75,6,filler,none,35,correct
Yes,Yes,75,6,filler,none,35,correct
Yes,Yes,75,6,filler,none,35,correct
Yes,Yes,75,6,filler,none,35,correct
Yes,Yes,77,6,filler,none,35,correct
Yes,Yes,77,6,filler,none,35,correct
Yes,Yes,77,6,filler,none,35,correct
Yes,Yes,77,6,filler,none,35,correct
Yes,Yes,77,6,filler,none,35,correct
Yes,Yes,77,6,filler,none,35,correct
Yes,Yes,77,6,filler,none,35,correct
Yes,Yes,77,6,filler,none,35,correct
Yes,Yes,77,6,filler,none,35,correct
Yes,Yes,77,6,filler,none,35,correct
Yes,Yes,77,6,filler,none,35,correct
Yes,Yes,77,6,filler,none,35,correct
Yes,Yes,77,6,filler,none,35,correct
No,No,78,6,filler,none,35,correct
No,No,78,6,filler,none,35,correct
No,No,78,6,filler,none,35,correct
No,No,78,6,filler,none,35,correct
No,No,78,6,filler,none,35,correct
No,No,78,6,filler,none,35,correct
No,No,78,6,filler,none,35,correct
No,No,78,6,filler,none,35,correct
No,No,78,6,filler,none,35,correct
No,No,78,6,filler,none,35,correct
No,No,78,6,filler,none,35,correct
No,No,78,6,filler,none,35,correct
No,No,78,6,filler,none,35,correct
No,No,80,6,filler,none,35,correct
No,No,80,6,filler,none,35,correct
No,No,80,6,filler,none,35,correct
No,No,80,6,filler,none,35,correct
No,No,80,6,filler,none,35,correct
No,No,80,6,filler,none,35,correct
No,No,80,6,filler,none,35,correct
No,No,80,6,filler,none,35,correct
No,No,80,6,filler,none,35,correct
No,No,80,6,filler,none,35,correct
No,No,80,6,filler,none,35,correct
No,No,80,6,filler,none,35,correct
No,No,80,6,filler,none,35,correct
No,No,82,6,filler,none,35,correct
No,No,82,6,filler,none,35,correct
No,No,82,6,filler,none,35,correct
No,No,82,6,filler,none,35,correct
No,No,82,6,filler,none,35,correct
No,No,82,6,filler,none,35,correct
No,No,82,6,filler,none,35,correct
No,No,82,6,filler,none,35,correct
No,No,82,6,filler,none,35,correct
No,No,82,6,filler,none,35,correct
No,No,82,6,filler,none,35,correct
No,No,82,6,filler,none,35,correct
No,No,82,6,filler,none,35,correct
No,No,84,6,filler,none,35,correct
No,No,84,6,filler,none,35,correct
No,No,84,6,filler,none,35,correct
No,No,84,6,filler,none,35,correct
No,No,84,6,filler,none,35,correct
No,No,84,6,filler,none,35,correct
No,No,84,6,filler,none,35,correct
No,No,84,6,filler,none,35,correct
No,No,84,6,filler,none,35,correct
No,No,84,6,filler,none,35,correct
No,No,84,6,filler,none,35,correct
No,No,84,6,filler,none,35,correct
No,No,84,6,filler,none,35,correct
No,No,87,6,filler,none,35,correct
No,No,87,6,filler,none,35,correct
No,No,87,6,filler,none,35,correct
No,No,87,6,filler,none,35,correct
No,No,87,6,filler,none,35,correct
No,No,87,6,filler,none,35,correct
No,No,87,6,filler,none,35,correct
No,No,87,6,filler,none,35,correct
No,No,87,6,filler,none,35,correct
No,No,87,6,filler,none,35,correct
No,No,87,6,filler,none,35,correct
No,No,87,6,filler,none,35,correct
No,No,87,6,filler,none,35,correct
No,No,89,6,filler,none,35,correct
No,No,89,6,filler,none,35,correct
No,No,89,6,filler,none,35,correct
No,No,89,6,filler,none,35,correct
No,No,89,6,filler,none,35,correct
No,No,89,6,filler,none,35,correct
No,No,89,6,filler,none,35,correct
No,No,89,6,filler,none,35,correct
No,No,89,6,filler,none,35,correct
No,No,89,6,filler,none,35,correct
No,No,89,6,filler,none,35,correct
No,No,89,6,filler,none,35,correct
No,No,89,6,filler,none,35,correct
No,Yes,1,1,move,CP,36,incorrect
No,Yes,1,1,move,CP,36,incorrect
No,Yes,1,1,move,CP,36,incorrect
No,Yes,1,1,move,CP,36,incorrect
No,Yes,1,1,move,CP,36,incorrect
Yes,Yes,2,1,nomove,DP,36,correct
Yes,Yes,2,1,nomove,DP,36,correct
Yes,Yes,2,1,nomove,DP,36,correct
Yes,Yes,2,1,nomove,DP,36,correct
Yes,Yes,2,1,nomove,DP,36,correct
No,No,5,1,move,DP,36,correct
No,No,5,1,move,DP,36,correct
No,No,5,1,move,DP,36,correct
No,No,5,1,move,DP,36,correct
No,No,5,1,move,DP,36,correct
Yes,Yes,6,1,move,unacc,36,correct
Yes,Yes,6,1,move,unacc,36,correct
Yes,Yes,6,1,move,unacc,36,correct
Yes,Yes,6,1,move,unacc,36,correct
Yes,Yes,6,1,move,unacc,36,correct
No,Yes,7,1,move,CP,36,incorrect
No,Yes,7,1,move,CP,36,incorrect
No,Yes,7,1,move,CP,36,incorrect
No,Yes,7,1,move,CP,36,incorrect
No,Yes,7,1,move,CP,36,incorrect
No,Yes,11,1,move,DP,36,incorrect
No,Yes,11,1,move,DP,36,incorrect
No,Yes,11,1,move,DP,36,incorrect
No,Yes,11,1,move,DP,36,incorrect
No,Yes,11,1,move,DP,36,incorrect
Yes,Yes,13,1,move,CP,36,correct
Yes,Yes,13,1,move,CP,36,correct
Yes,Yes,13,1,move,CP,36,correct
Yes,Yes,13,1,move,CP,36,correct
Yes,Yes,13,1,move,CP,36,correct
Yes,Yes,14,1,nomove,DP,36,correct
Yes,Yes,14,1,nomove,DP,36,correct
Yes,Yes,14,1,nomove,DP,36,correct
Yes,Yes,14,1,nomove,DP,36,correct
Yes,Yes,14,1,nomove,DP,36,correct
Yes,Yes,17,1,nomove,CP,36,correct
Yes,Yes,17,1,nomove,CP,36,correct
Yes,Yes,17,1,nomove,CP,36,correct
Yes,Yes,17,1,nomove,CP,36,correct
Yes,Yes,17,1,nomove,CP,36,correct
Yes,Yes,19,1,move,CP,36,correct
Yes,Yes,19,1,move,CP,36,correct
Yes,Yes,19,1,move,CP,36,correct
Yes,Yes,19,1,move,CP,36,correct
Yes,Yes,19,1,move,CP,36,correct
Yes,Yes,21,1,nomove,unacc,36,correct
Yes,Yes,21,1,nomove,unacc,36,correct
Yes,Yes,21,1,nomove,unacc,36,correct
Yes,Yes,21,1,nomove,unacc,36,correct
Yes,Yes,21,1,nomove,unacc,36,correct
Yes,Yes,22,1,nomove,CP,36,correct
Yes,Yes,22,1,nomove,CP,36,correct
Yes,Yes,22,1,nomove,CP,36,correct
Yes,Yes,22,1,nomove,CP,36,correct
Yes,Yes,22,1,nomove,CP,36,correct
No,No,25,1,move,CP,36,correct
No,No,25,1,move,CP,36,correct
No,No,25,1,move,CP,36,correct
No,No,25,1,move,CP,36,correct
No,No,25,1,move,CP,36,correct
Yes,Yes,30,1,move,unacc,36,correct
Yes,Yes,30,1,move,unacc,36,correct
Yes,Yes,30,1,move,unacc,36,correct
Yes,Yes,30,1,move,unacc,36,correct
Yes,Yes,30,1,move,unacc,36,correct
No,No,31,1,move,CP,36,correct
No,No,31,1,move,CP,36,correct
No,No,31,1,move,CP,36,correct
No,No,31,1,move,CP,36,correct
No,No,31,1,move,CP,36,correct
Yes,Yes,32,1,nomove,DP,36,correct
Yes,Yes,32,1,nomove,DP,36,correct
Yes,Yes,32,1,nomove,DP,36,correct
Yes,Yes,32,1,nomove,DP,36,correct
Yes,Yes,32,1,nomove,DP,36,correct
No,No,33,1,nomove,unacc,36,correct
No,No,33,1,nomove,unacc,36,correct
No,No,33,1,nomove,unacc,36,correct
No,No,33,1,nomove,unacc,36,correct
No,No,33,1,nomove,unacc,36,correct
Yes,Yes,35,1,move,DP,36,correct
Yes,Yes,35,1,move,DP,36,correct
Yes,Yes,35,1,move,DP,36,correct
Yes,Yes,35,1,move,DP,36,correct
Yes,Yes,35,1,move,DP,36,correct
No,No,37,1,filler,none,36,correct
No,No,37,1,filler,none,36,correct
No,No,37,1,filler,none,36,correct
No,No,37,1,filler,none,36,correct
No,No,37,1,filler,none,36,correct
No,No,37,1,filler,none,36,correct
No,No,37,1,filler,none,36,correct
No,No,37,1,filler,none,36,correct
No,No,37,1,filler,none,36,correct
No,No,37,1,filler,none,36,correct
No,No,37,1,filler,none,36,correct
No,No,38,1,filler,none,36,correct
No,No,38,1,filler,none,36,correct
No,No,38,1,filler,none,36,correct
No,No,38,1,filler,none,36,correct
No,No,38,1,filler,none,36,correct
No,No,38,1,filler,none,36,correct
No,No,38,1,filler,none,36,correct
No,No,38,1,filler,none,36,correct
No,No,38,1,filler,none,36,correct
No,No,38,1,filler,none,36,correct
No,No,38,1,filler,none,36,correct
No,No,39,1,filler,none,36,correct
No,No,39,1,filler,none,36,correct
No,No,39,1,filler,none,36,correct
No,No,39,1,filler,none,36,correct
No,No,39,1,filler,none,36,correct
No,No,39,1,filler,none,36,correct
No,No,39,1,filler,none,36,correct
No,No,39,1,filler,none,36,correct
No,No,39,1,filler,none,36,correct
No,No,39,1,filler,none,36,correct
No,No,39,1,filler,none,36,correct
Yes,Yes,43,1,filler,none,36,correct
Yes,Yes,43,1,filler,none,36,correct
Yes,Yes,43,1,filler,none,36,correct
Yes,Yes,43,1,filler,none,36,correct
Yes,Yes,43,1,filler,none,36,correct
Yes,Yes,43,1,filler,none,36,correct
Yes,Yes,43,1,filler,none,36,correct
Yes,Yes,43,1,filler,none,36,correct
Yes,Yes,43,1,filler,none,36,correct
Yes,Yes,43,1,filler,none,36,correct
Yes,Yes,43,1,filler,none,36,correct
No,No,44,1,filler,none,36,correct
No,No,44,1,filler,none,36,correct
No,No,44,1,filler,none,36,correct
No,No,44,1,filler,none,36,correct
No,No,44,1,filler,none,36,correct
No,No,44,1,filler,none,36,correct
No,No,44,1,filler,none,36,correct
No,No,44,1,filler,none,36,correct
No,No,44,1,filler,none,36,correct
No,No,44,1,filler,none,36,correct
No,No,44,1,filler,none,36,correct
No,No,46,1,filler,none,36,correct
No,No,46,1,filler,none,36,correct
No,No,46,1,filler,none,36,correct
No,No,46,1,filler,none,36,correct
No,No,46,1,filler,none,36,correct
No,No,46,1,filler,none,36,correct
No,No,46,1,filler,none,36,correct
No,No,46,1,filler,none,36,correct
No,No,46,1,filler,none,36,correct
No,No,46,1,filler,none,36,correct
No,No,46,1,filler,none,36,correct
Yes,Yes,48,1,filler,none,36,correct
Yes,Yes,48,1,filler,none,36,correct
Yes,Yes,48,1,filler,none,36,correct
Yes,Yes,48,1,filler,none,36,correct
Yes,Yes,48,1,filler,none,36,correct
Yes,Yes,48,1,filler,none,36,correct
Yes,Yes,48,1,filler,none,36,correct
Yes,Yes,48,1,filler,none,36,correct
Yes,Yes,48,1,filler,none,36,correct
Yes,Yes,48,1,filler,none,36,correct
Yes,Yes,48,1,filler,none,36,correct
No,No,50,1,filler,none,36,correct
No,No,50,1,filler,none,36,correct
No,No,50,1,filler,none,36,correct
No,No,50,1,filler,none,36,correct
No,No,50,1,filler,none,36,correct
No,No,50,1,filler,none,36,correct
No,No,50,1,filler,none,36,correct
No,No,50,1,filler,none,36,correct
No,No,50,1,filler,none,36,correct
No,No,50,1,filler,none,36,correct
No,No,50,1,filler,none,36,correct
Yes,Yes,52,1,filler,none,36,correct
Yes,Yes,52,1,filler,none,36,correct
Yes,Yes,52,1,filler,none,36,correct
Yes,Yes,52,1,filler,none,36,correct
Yes,Yes,52,1,filler,none,36,correct
Yes,Yes,52,1,filler,none,36,correct
Yes,Yes,52,1,filler,none,36,correct
Yes,Yes,52,1,filler,none,36,correct
Yes,Yes,52,1,filler,none,36,correct
Yes,Yes,52,1,filler,none,36,correct
Yes,Yes,52,1,filler,none,36,correct
No,No,53,1,filler,none,36,correct
No,No,53,1,filler,none,36,correct
No,No,53,1,filler,none,36,correct
No,No,53,1,filler,none,36,correct
No,No,53,1,filler,none,36,correct
No,No,53,1,filler,none,36,correct
No,No,53,1,filler,none,36,correct
No,No,53,1,filler,none,36,correct
No,No,53,1,filler,none,36,correct
No,No,53,1,filler,none,36,correct
No,No,53,1,filler,none,36,correct
Yes,Yes,58,1,filler,none,36,correct
Yes,Yes,58,1,filler,none,36,correct
Yes,Yes,58,1,filler,none,36,correct
Yes,Yes,58,1,filler,none,36,correct
Yes,Yes,58,1,filler,none,36,correct
Yes,Yes,58,1,filler,none,36,correct
Yes,Yes,58,1,filler,none,36,correct
Yes,Yes,58,1,filler,none,36,correct
Yes,Yes,58,1,filler,none,36,correct
Yes,Yes,58,1,filler,none,36,correct
Yes,Yes,58,1,filler,none,36,correct
Yes,Yes,58,1,filler,none,36,correct
No,No,59,1,filler,none,36,correct
No,No,59,1,filler,none,36,correct
No,No,59,1,filler,none,36,correct
No,No,59,1,filler,none,36,correct
No,No,59,1,filler,none,36,correct
No,No,59,1,filler,none,36,correct
No,No,59,1,filler,none,36,correct
No,No,59,1,filler,none,36,correct
No,No,59,1,filler,none,36,correct
No,No,59,1,filler,none,36,correct
No,No,59,1,filler,none,36,correct
No,No,59,1,filler,none,36,correct
No,No,59,1,filler,none,36,correct
No,No,62,1,filler,none,36,correct
No,No,62,1,filler,none,36,correct
No,No,62,1,filler,none,36,correct
No,No,62,1,filler,none,36,correct
No,No,62,1,filler,none,36,correct
No,No,62,1,filler,none,36,correct
No,No,62,1,filler,none,36,correct
No,No,62,1,filler,none,36,correct
No,No,62,1,filler,none,36,correct
No,No,62,1,filler,none,36,correct
No,No,62,1,filler,none,36,correct
No,No,62,1,filler,none,36,correct
Yes,Yes,64,1,filler,none,36,correct
Yes,Yes,64,1,filler,none,36,correct
Yes,Yes,64,1,filler,none,36,correct
Yes,Yes,64,1,filler,none,36,correct
Yes,Yes,64,1,filler,none,36,correct
Yes,Yes,64,1,filler,none,36,correct
Yes,Yes,64,1,filler,none,36,correct
Yes,Yes,64,1,filler,none,36,correct
Yes,Yes,64,1,filler,none,36,correct
Yes,Yes,64,1,filler,none,36,correct
Yes,Yes,64,1,filler,none,36,correct
Yes,Yes,64,1,filler,none,36,correct
No,No,66,1,filler,none,36,correct
No,No,66,1,filler,none,36,correct
No,No,66,1,filler,none,36,correct
No,No,66,1,filler,none,36,correct
No,No,66,1,filler,none,36,correct
No,No,66,1,filler,none,36,correct
No,No,66,1,filler,none,36,correct
No,No,66,1,filler,none,36,correct
No,No,66,1,filler,none,36,correct
No,No,66,1,filler,none,36,correct
No,No,66,1,filler,none,36,correct
No,No,66,1,filler,none,36,correct
No,No,68,1,filler,none,36,correct
No,No,68,1,filler,none,36,correct
No,No,68,1,filler,none,36,correct
No,No,68,1,filler,none,36,correct
No,No,68,1,filler,none,36,correct
No,No,68,1,filler,none,36,correct
No,No,68,1,filler,none,36,correct
No,No,68,1,filler,none,36,correct
No,No,68,1,filler,none,36,correct
No,No,68,1,filler,none,36,correct
No,No,68,1,filler,none,36,correct
No,No,68,1,filler,none,36,correct
No,No,69,1,filler,none,36,correct
No,No,69,1,filler,none,36,correct
No,No,69,1,filler,none,36,correct
No,No,69,1,filler,none,36,correct
No,No,69,1,filler,none,36,correct
No,No,69,1,filler,none,36,correct
No,No,69,1,filler,none,36,correct
No,No,69,1,filler,none,36,correct
No,No,69,1,filler,none,36,correct
No,No,69,1,filler,none,36,correct
No,No,69,1,filler,none,36,correct
No,No,69,1,filler,none,36,correct
Yes,Yes,72,1,filler,none,36,correct
Yes,Yes,72,1,filler,none,36,correct
Yes,Yes,72,1,filler,none,36,correct
Yes,Yes,72,1,filler,none,36,correct
Yes,Yes,72,1,filler,none,36,correct
Yes,Yes,72,1,filler,none,36,correct
Yes,Yes,72,1,filler,none,36,correct
Yes,Yes,72,1,filler,none,36,correct
Yes,Yes,72,1,filler,none,36,correct
Yes,Yes,72,1,filler,none,36,correct
Yes,Yes,72,1,filler,none,36,correct
Yes,Yes,72,1,filler,none,36,correct
No,No,73,1,filler,none,36,correct
No,No,73,1,filler,none,36,correct
No,No,73,1,filler,none,36,correct
No,No,73,1,filler,none,36,correct
No,No,73,1,filler,none,36,correct
No,No,73,1,filler,none,36,correct
No,No,73,1,filler,none,36,correct
No,No,73,1,filler,none,36,correct
No,No,73,1,filler,none,36,correct
No,No,73,1,filler,none,36,correct
No,No,73,1,filler,none,36,correct
No,No,73,1,filler,none,36,correct
No,No,73,1,filler,none,36,correct
Yes,Yes,74,1,filler,none,36,correct
Yes,Yes,74,1,filler,none,36,correct
Yes,Yes,74,1,filler,none,36,correct
Yes,Yes,74,1,filler,none,36,correct
Yes,Yes,74,1,filler,none,36,correct
Yes,Yes,74,1,filler,none,36,correct
Yes,Yes,74,1,filler,none,36,correct
Yes,Yes,74,1,filler,none,36,correct
Yes,Yes,74,1,filler,none,36,correct
Yes,Yes,74,1,filler,none,36,correct
Yes,Yes,74,1,filler,none,36,correct
Yes,Yes,74,1,filler,none,36,correct
Yes,Yes,74,1,filler,none,36,correct
Yes,Yes,75,1,filler,none,36,correct
Yes,Yes,75,1,filler,none,36,correct
Yes,Yes,75,1,filler,none,36,correct
Yes,Yes,75,1,filler,none,36,correct
Yes,Yes,75,1,filler,none,36,correct
Yes,Yes,75,1,filler,none,36,correct
Yes,Yes,75,1,filler,none,36,correct
Yes,Yes,75,1,filler,none,36,correct
Yes,Yes,75,1,filler,none,36,correct
Yes,Yes,75,1,filler,none,36,correct
Yes,Yes,75,1,filler,none,36,correct
Yes,Yes,75,1,filler,none,36,correct
Yes,Yes,75,1,filler,none,36,correct
Yes,Yes,77,1,filler,none,36,correct
Yes,Yes,77,1,filler,none,36,correct
Yes,Yes,77,1,filler,none,36,correct
Yes,Yes,77,1,filler,none,36,correct
Yes,Yes,77,1,filler,none,36,correct
Yes,Yes,77,1,filler,none,36,correct
Yes,Yes,77,1,filler,none,36,correct
Yes,Yes,77,1,filler,none,36,correct
Yes,Yes,77,1,filler,none,36,correct
Yes,Yes,77,1,filler,none,36,correct
Yes,Yes,77,1,filler,none,36,correct
Yes,Yes,77,1,filler,none,36,correct
Yes,Yes,77,1,filler,none,36,correct
No,No,78,1,filler,none,36,correct
No,No,78,1,filler,none,36,correct
No,No,78,1,filler,none,36,correct
No,No,78,1,filler,none,36,correct
No,No,78,1,filler,none,36,correct
No,No,78,1,filler,none,36,correct
No,No,78,1,filler,none,36,correct
No,No,78,1,filler,none,36,correct
No,No,78,1,filler,none,36,correct
No,No,78,1,filler,none,36,correct
No,No,78,1,filler,none,36,correct
No,No,78,1,filler,none,36,correct
No,No,78,1,filler,none,36,correct
No,No,80,1,filler,none,36,correct
No,No,80,1,filler,none,36,correct
No,No,80,1,filler,none,36,correct
No,No,80,1,filler,none,36,correct
No,No,80,1,filler,none,36,correct
No,No,80,1,filler,none,36,correct
No,No,80,1,filler,none,36,correct
No,No,80,1,filler,none,36,correct
No,No,80,1,filler,none,36,correct
No,No,80,1,filler,none,36,correct
No,No,80,1,filler,none,36,correct
No,No,80,1,filler,none,36,correct
No,No,80,1,filler,none,36,correct
No,No,82,1,filler,none,36,correct
No,No,82,1,filler,none,36,correct
No,No,82,1,filler,none,36,correct
No,No,82,1,filler,none,36,correct
No,No,82,1,filler,none,36,correct
No,No,82,1,filler,none,36,correct
No,No,82,1,filler,none,36,correct
No,No,82,1,filler,none,36,correct
No,No,82,1,filler,none,36,correct
No,No,82,1,filler,none,36,correct
No,No,82,1,filler,none,36,correct
No,No,82,1,filler,none,36,correct
No,No,82,1,filler,none,36,correct
No,No,84,1,filler,none,36,correct
No,No,84,1,filler,none,36,correct
No,No,84,1,filler,none,36,correct
No,No,84,1,filler,none,36,correct
No,No,84,1,filler,none,36,correct
No,No,84,1,filler,none,36,correct
No,No,84,1,filler,none,36,correct
No,No,84,1,filler,none,36,correct
No,No,84,1,filler,none,36,correct
No,No,84,1,filler,none,36,correct
No,No,84,1,filler,none,36,correct
No,No,84,1,filler,none,36,correct
No,No,84,1,filler,none,36,correct
No,No,87,1,filler,none,36,correct
No,No,87,1,filler,none,36,correct
No,No,87,1,filler,none,36,correct
No,No,87,1,filler,none,36,correct
No,No,87,1,filler,none,36,correct
No,No,87,1,filler,none,36,correct
No,No,87,1,filler,none,36,correct
No,No,87,1,filler,none,36,correct
No,No,87,1,filler,none,36,correct
No,No,87,1,filler,none,36,correct
No,No,87,1,filler,none,36,correct
No,No,87,1,filler,none,36,correct
No,No,87,1,filler,none,36,correct
No,No,89,1,filler,none,36,correct
No,No,89,1,filler,none,36,correct
No,No,89,1,filler,none,36,correct
No,No,89,1,filler,none,36,correct
No,No,89,1,filler,none,36,correct
No,No,89,1,filler,none,36,correct
No,No,89,1,filler,none,36,correct
No,No,89,1,filler,none,36,correct
No,No,89,1,filler,none,36,correct
No,No,89,1,filler,none,36,correct
No,No,89,1,filler,none,36,correct
No,No,89,1,filler,none,36,correct
No,No,89,1,filler,none,36,correct
No,Yes,1,2,move,unacc,37,incorrect
No,Yes,1,2,move,unacc,37,incorrect
No,Yes,1,2,move,unacc,37,incorrect
No,Yes,1,2,move,unacc,37,incorrect
No,Yes,1,2,move,unacc,37,incorrect
Yes,Yes,2,2,move,CP,37,correct
Yes,Yes,2,2,move,CP,37,correct
Yes,Yes,2,2,move,CP,37,correct
Yes,Yes,2,2,move,CP,37,correct
Yes,Yes,2,2,move,CP,37,correct
Yes,No,5,2,nomove,CP,37,incorrect
Yes,No,5,2,nomove,CP,37,incorrect
Yes,No,5,2,nomove,CP,37,incorrect
Yes,No,5,2,nomove,CP,37,incorrect
Yes,No,5,2,nomove,CP,37,incorrect
No,Yes,6,2,move,DP,37,incorrect
No,Yes,6,2,move,DP,37,incorrect
No,Yes,6,2,move,DP,37,incorrect
No,Yes,6,2,move,DP,37,incorrect
No,Yes,6,2,move,DP,37,incorrect
Yes,Yes,7,2,move,unacc,37,correct
Yes,Yes,7,2,move,unacc,37,correct
Yes,Yes,7,2,move,unacc,37,correct
Yes,Yes,7,2,move,unacc,37,correct
Yes,Yes,7,2,move,unacc,37,correct
Yes,Yes,11,2,nomove,CP,37,correct
Yes,Yes,11,2,nomove,CP,37,correct
Yes,Yes,11,2,nomove,CP,37,correct
Yes,Yes,11,2,nomove,CP,37,correct
Yes,Yes,11,2,nomove,CP,37,correct
Yes,Yes,13,2,move,unacc,37,correct
Yes,Yes,13,2,move,unacc,37,correct
Yes,Yes,13,2,move,unacc,37,correct
Yes,Yes,13,2,move,unacc,37,correct
Yes,Yes,13,2,move,unacc,37,correct
Yes,Yes,14,2,move,CP,37,correct
Yes,Yes,14,2,move,CP,37,correct
Yes,Yes,14,2,move,CP,37,correct
Yes,Yes,14,2,move,CP,37,correct
Yes,Yes,14,2,move,CP,37,correct
Yes,Yes,17,2,nomove,unacc,37,correct
Yes,Yes,17,2,nomove,unacc,37,correct
Yes,Yes,17,2,nomove,unacc,37,correct
Yes,Yes,17,2,nomove,unacc,37,correct
Yes,Yes,17,2,nomove,unacc,37,correct
Yes,Yes,19,2,move,unacc,37,correct
Yes,Yes,19,2,move,unacc,37,correct
Yes,Yes,19,2,move,unacc,37,correct
Yes,Yes,19,2,move,unacc,37,correct
Yes,Yes,19,2,move,unacc,37,correct
Yes,Yes,21,2,nomove,DP,37,correct
Yes,Yes,21,2,nomove,DP,37,correct
Yes,Yes,21,2,nomove,DP,37,correct
Yes,Yes,21,2,nomove,DP,37,correct
Yes,Yes,21,2,nomove,DP,37,correct
Yes,Yes,22,2,nomove,unacc,37,correct
Yes,Yes,22,2,nomove,unacc,37,correct
Yes,Yes,22,2,nomove,unacc,37,correct
Yes,Yes,22,2,nomove,unacc,37,correct
Yes,Yes,22,2,nomove,unacc,37,correct
Yes,No,25,2,move,unacc,37,incorrect
Yes,No,25,2,move,unacc,37,incorrect
Yes,No,25,2,move,unacc,37,incorrect
Yes,No,25,2,move,unacc,37,incorrect
Yes,No,25,2,move,unacc,37,incorrect
Yes,Yes,30,2,move,DP,37,correct
Yes,Yes,30,2,move,DP,37,correct
Yes,Yes,30,2,move,DP,37,correct
Yes,Yes,30,2,move,DP,37,correct
Yes,Yes,30,2,move,DP,37,correct
No,No,31,2,move,unacc,37,correct
No,No,31,2,move,unacc,37,correct
No,No,31,2,move,unacc,37,correct
No,No,31,2,move,unacc,37,correct
No,No,31,2,move,unacc,37,correct
Yes,Yes,32,2,move,CP,37,correct
Yes,Yes,32,2,move,CP,37,correct
Yes,Yes,32,2,move,CP,37,correct
Yes,Yes,32,2,move,CP,37,correct
Yes,Yes,32,2,move,CP,37,correct
No,No,33,2,nomove,DP,37,correct
No,No,33,2,nomove,DP,37,correct
No,No,33,2,nomove,DP,37,correct
No,No,33,2,nomove,DP,37,correct
No,No,33,2,nomove,DP,37,correct
No,Yes,35,2,nomove,CP,37,incorrect
No,Yes,35,2,nomove,CP,37,incorrect
No,Yes,35,2,nomove,CP,37,incorrect
No,Yes,35,2,nomove,CP,37,incorrect
No,Yes,35,2,nomove,CP,37,incorrect
No,No,37,2,filler,none,37,correct
No,No,37,2,filler,none,37,correct
No,No,37,2,filler,none,37,correct
No,No,37,2,filler,none,37,correct
No,No,37,2,filler,none,37,correct
No,No,37,2,filler,none,37,correct
No,No,37,2,filler,none,37,correct
No,No,37,2,filler,none,37,correct
No,No,37,2,filler,none,37,correct
No,No,37,2,filler,none,37,correct
No,No,37,2,filler,none,37,correct
No,No,38,2,filler,none,37,correct
No,No,38,2,filler,none,37,correct
No,No,38,2,filler,none,37,correct
No,No,38,2,filler,none,37,correct
No,No,38,2,filler,none,37,correct
No,No,38,2,filler,none,37,correct
No,No,38,2,filler,none,37,correct
No,No,38,2,filler,none,37,correct
No,No,38,2,filler,none,37,correct
No,No,38,2,filler,none,37,correct
No,No,38,2,filler,none,37,correct
No,No,39,2,filler,none,37,correct
No,No,39,2,filler,none,37,correct
No,No,39,2,filler,none,37,correct
No,No,39,2,filler,none,37,correct
No,No,39,2,filler,none,37,correct
No,No,39,2,filler,none,37,correct
No,No,39,2,filler,none,37,correct
No,No,39,2,filler,none,37,correct
No,No,39,2,filler,none,37,correct
No,No,39,2,filler,none,37,correct
No,No,39,2,filler,none,37,correct
Yes,Yes,43,2,filler,none,37,correct
Yes,Yes,43,2,filler,none,37,correct
Yes,Yes,43,2,filler,none,37,correct
Yes,Yes,43,2,filler,none,37,correct
Yes,Yes,43,2,filler,none,37,correct
Yes,Yes,43,2,filler,none,37,correct
Yes,Yes,43,2,filler,none,37,correct
Yes,Yes,43,2,filler,none,37,correct
Yes,Yes,43,2,filler,none,37,correct
Yes,Yes,43,2,filler,none,37,correct
Yes,Yes,43,2,filler,none,37,correct
No,No,44,2,filler,none,37,correct
No,No,44,2,filler,none,37,correct
No,No,44,2,filler,none,37,correct
No,No,44,2,filler,none,37,correct
No,No,44,2,filler,none,37,correct
No,No,44,2,filler,none,37,correct
No,No,44,2,filler,none,37,correct
No,No,44,2,filler,none,37,correct
No,No,44,2,filler,none,37,correct
No,No,44,2,filler,none,37,correct
No,No,44,2,filler,none,37,correct
No,No,46,2,filler,none,37,correct
No,No,46,2,filler,none,37,correct
No,No,46,2,filler,none,37,correct
No,No,46,2,filler,none,37,correct
No,No,46,2,filler,none,37,correct
No,No,46,2,filler,none,37,correct
No,No,46,2,filler,none,37,correct
No,No,46,2,filler,none,37,correct
No,No,46,2,filler,none,37,correct
No,No,46,2,filler,none,37,correct
No,No,46,2,filler,none,37,correct
Yes,Yes,48,2,filler,none,37,correct
Yes,Yes,48,2,filler,none,37,correct
Yes,Yes,48,2,filler,none,37,correct
Yes,Yes,48,2,filler,none,37,correct
Yes,Yes,48,2,filler,none,37,correct
Yes,Yes,48,2,filler,none,37,correct
Yes,Yes,48,2,filler,none,37,correct
Yes,Yes,48,2,filler,none,37,correct
Yes,Yes,48,2,filler,none,37,correct
Yes,Yes,48,2,filler,none,37,correct
Yes,Yes,48,2,filler,none,37,correct
No,No,50,2,filler,none,37,correct
No,No,50,2,filler,none,37,correct
No,No,50,2,filler,none,37,correct
No,No,50,2,filler,none,37,correct
No,No,50,2,filler,none,37,correct
No,No,50,2,filler,none,37,correct
No,No,50,2,filler,none,37,correct
No,No,50,2,filler,none,37,correct
No,No,50,2,filler,none,37,correct
No,No,50,2,filler,none,37,correct
No,No,50,2,filler,none,37,correct
Yes,Yes,52,2,filler,none,37,correct
Yes,Yes,52,2,filler,none,37,correct
Yes,Yes,52,2,filler,none,37,correct
Yes,Yes,52,2,filler,none,37,correct
Yes,Yes,52,2,filler,none,37,correct
Yes,Yes,52,2,filler,none,37,correct
Yes,Yes,52,2,filler,none,37,correct
Yes,Yes,52,2,filler,none,37,correct
Yes,Yes,52,2,filler,none,37,correct
Yes,Yes,52,2,filler,none,37,correct
Yes,Yes,52,2,filler,none,37,correct
No,No,53,2,filler,none,37,correct
No,No,53,2,filler,none,37,correct
No,No,53,2,filler,none,37,correct
No,No,53,2,filler,none,37,correct
No,No,53,2,filler,none,37,correct
No,No,53,2,filler,none,37,correct
No,No,53,2,filler,none,37,correct
No,No,53,2,filler,none,37,correct
No,No,53,2,filler,none,37,correct
No,No,53,2,filler,none,37,correct
No,No,53,2,filler,none,37,correct
Yes,Yes,58,2,filler,none,37,correct
Yes,Yes,58,2,filler,none,37,correct
Yes,Yes,58,2,filler,none,37,correct
Yes,Yes,58,2,filler,none,37,correct
Yes,Yes,58,2,filler,none,37,correct
Yes,Yes,58,2,filler,none,37,correct
Yes,Yes,58,2,filler,none,37,correct
Yes,Yes,58,2,filler,none,37,correct
Yes,Yes,58,2,filler,none,37,correct
Yes,Yes,58,2,filler,none,37,correct
Yes,Yes,58,2,filler,none,37,correct
Yes,Yes,58,2,filler,none,37,correct
No,No,59,2,filler,none,37,correct
No,No,59,2,filler,none,37,correct
No,No,59,2,filler,none,37,correct
No,No,59,2,filler,none,37,correct
No,No,59,2,filler,none,37,correct
No,No,59,2,filler,none,37,correct
No,No,59,2,filler,none,37,correct
No,No,59,2,filler,none,37,correct
No,No,59,2,filler,none,37,correct
No,No,59,2,filler,none,37,correct
No,No,59,2,filler,none,37,correct
No,No,59,2,filler,none,37,correct
No,No,59,2,filler,none,37,correct
No,No,62,2,filler,none,37,correct
No,No,62,2,filler,none,37,correct
No,No,62,2,filler,none,37,correct
No,No,62,2,filler,none,37,correct
No,No,62,2,filler,none,37,correct
No,No,62,2,filler,none,37,correct
No,No,62,2,filler,none,37,correct
No,No,62,2,filler,none,37,correct
No,No,62,2,filler,none,37,correct
No,No,62,2,filler,none,37,correct
No,No,62,2,filler,none,37,correct
No,No,62,2,filler,none,37,correct
Yes,Yes,64,2,filler,none,37,correct
Yes,Yes,64,2,filler,none,37,correct
Yes,Yes,64,2,filler,none,37,correct
Yes,Yes,64,2,filler,none,37,correct
Yes,Yes,64,2,filler,none,37,correct
Yes,Yes,64,2,filler,none,37,correct
Yes,Yes,64,2,filler,none,37,correct
Yes,Yes,64,2,filler,none,37,correct
Yes,Yes,64,2,filler,none,37,correct
Yes,Yes,64,2,filler,none,37,correct
Yes,Yes,64,2,filler,none,37,correct
Yes,Yes,64,2,filler,none,37,correct
No,No,66,2,filler,none,37,correct
No,No,66,2,filler,none,37,correct
No,No,66,2,filler,none,37,correct
No,No,66,2,filler,none,37,correct
No,No,66,2,filler,none,37,correct
No,No,66,2,filler,none,37,correct
No,No,66,2,filler,none,37,correct
No,No,66,2,filler,none,37,correct
No,No,66,2,filler,none,37,correct
No,No,66,2,filler,none,37,correct
No,No,66,2,filler,none,37,correct
No,No,66,2,filler,none,37,correct
No,No,68,2,filler,none,37,correct
No,No,68,2,filler,none,37,correct
No,No,68,2,filler,none,37,correct
No,No,68,2,filler,none,37,correct
No,No,68,2,filler,none,37,correct
No,No,68,2,filler,none,37,correct
No,No,68,2,filler,none,37,correct
No,No,68,2,filler,none,37,correct
No,No,68,2,filler,none,37,correct
No,No,68,2,filler,none,37,correct
No,No,68,2,filler,none,37,correct
No,No,68,2,filler,none,37,correct
No,No,69,2,filler,none,37,correct
No,No,69,2,filler,none,37,correct
No,No,69,2,filler,none,37,correct
No,No,69,2,filler,none,37,correct
No,No,69,2,filler,none,37,correct
No,No,69,2,filler,none,37,correct
No,No,69,2,filler,none,37,correct
No,No,69,2,filler,none,37,correct
No,No,69,2,filler,none,37,correct
No,No,69,2,filler,none,37,correct
No,No,69,2,filler,none,37,correct
No,No,69,2,filler,none,37,correct
Yes,Yes,72,2,filler,none,37,correct
Yes,Yes,72,2,filler,none,37,correct
Yes,Yes,72,2,filler,none,37,correct
Yes,Yes,72,2,filler,none,37,correct
Yes,Yes,72,2,filler,none,37,correct
Yes,Yes,72,2,filler,none,37,correct
Yes,Yes,72,2,filler,none,37,correct
Yes,Yes,72,2,filler,none,37,correct
Yes,Yes,72,2,filler,none,37,correct
Yes,Yes,72,2,filler,none,37,correct
Yes,Yes,72,2,filler,none,37,correct
Yes,Yes,72,2,filler,none,37,correct
Yes,No,73,2,filler,none,37,incorrect
Yes,No,73,2,filler,none,37,incorrect
Yes,No,73,2,filler,none,37,incorrect
Yes,No,73,2,filler,none,37,incorrect
Yes,No,73,2,filler,none,37,incorrect
Yes,No,73,2,filler,none,37,incorrect
Yes,No,73,2,filler,none,37,incorrect
Yes,No,73,2,filler,none,37,incorrect
Yes,No,73,2,filler,none,37,incorrect
Yes,No,73,2,filler,none,37,incorrect
Yes,No,73,2,filler,none,37,incorrect
Yes,No,73,2,filler,none,37,incorrect
Yes,No,73,2,filler,none,37,incorrect
Yes,Yes,74,2,filler,none,37,correct
Yes,Yes,74,2,filler,none,37,correct
Yes,Yes,74,2,filler,none,37,correct
Yes,Yes,74,2,filler,none,37,correct
Yes,Yes,74,2,filler,none,37,correct
Yes,Yes,74,2,filler,none,37,correct
Yes,Yes,74,2,filler,none,37,correct
Yes,Yes,74,2,filler,none,37,correct
Yes,Yes,74,2,filler,none,37,correct
Yes,Yes,74,2,filler,none,37,correct
Yes,Yes,74,2,filler,none,37,correct
Yes,Yes,74,2,filler,none,37,correct
Yes,Yes,74,2,filler,none,37,correct
Yes,Yes,75,2,filler,none,37,correct
Yes,Yes,75,2,filler,none,37,correct
Yes,Yes,75,2,filler,none,37,correct
Yes,Yes,75,2,filler,none,37,correct
Yes,Yes,75,2,filler,none,37,correct
Yes,Yes,75,2,filler,none,37,correct
Yes,Yes,75,2,filler,none,37,correct
Yes,Yes,75,2,filler,none,37,correct
Yes,Yes,75,2,filler,none,37,correct
Yes,Yes,75,2,filler,none,37,correct
Yes,Yes,75,2,filler,none,37,correct
Yes,Yes,75,2,filler,none,37,correct
Yes,Yes,75,2,filler,none,37,correct
Yes,Yes,77,2,filler,none,37,correct
Yes,Yes,77,2,filler,none,37,correct
Yes,Yes,77,2,filler,none,37,correct
Yes,Yes,77,2,filler,none,37,correct
Yes,Yes,77,2,filler,none,37,correct
Yes,Yes,77,2,filler,none,37,correct
Yes,Yes,77,2,filler,none,37,correct
Yes,Yes,77,2,filler,none,37,correct
Yes,Yes,77,2,filler,none,37,correct
Yes,Yes,77,2,filler,none,37,correct
Yes,Yes,77,2,filler,none,37,correct
Yes,Yes,77,2,filler,none,37,correct
Yes,Yes,77,2,filler,none,37,correct
No,No,78,2,filler,none,37,correct
No,No,78,2,filler,none,37,correct
No,No,78,2,filler,none,37,correct
No,No,78,2,filler,none,37,correct
No,No,78,2,filler,none,37,correct
No,No,78,2,filler,none,37,correct
No,No,78,2,filler,none,37,correct
No,No,78,2,filler,none,37,correct
No,No,78,2,filler,none,37,correct
No,No,78,2,filler,none,37,correct
No,No,78,2,filler,none,37,correct
No,No,78,2,filler,none,37,correct
No,No,78,2,filler,none,37,correct
No,No,80,2,filler,none,37,correct
No,No,80,2,filler,none,37,correct
No,No,80,2,filler,none,37,correct
No,No,80,2,filler,none,37,correct
No,No,80,2,filler,none,37,correct
No,No,80,2,filler,none,37,correct
No,No,80,2,filler,none,37,correct
No,No,80,2,filler,none,37,correct
No,No,80,2,filler,none,37,correct
No,No,80,2,filler,none,37,correct
No,No,80,2,filler,none,37,correct
No,No,80,2,filler,none,37,correct
No,No,80,2,filler,none,37,correct
No,No,82,2,filler,none,37,correct
No,No,82,2,filler,none,37,correct
No,No,82,2,filler,none,37,correct
No,No,82,2,filler,none,37,correct
No,No,82,2,filler,none,37,correct
No,No,82,2,filler,none,37,correct
No,No,82,2,filler,none,37,correct
No,No,82,2,filler,none,37,correct
No,No,82,2,filler,none,37,correct
No,No,82,2,filler,none,37,correct
No,No,82,2,filler,none,37,correct
No,No,82,2,filler,none,37,correct
No,No,82,2,filler,none,37,correct
No,No,84,2,filler,none,37,correct
No,No,84,2,filler,none,37,correct
No,No,84,2,filler,none,37,correct
No,No,84,2,filler,none,37,correct
No,No,84,2,filler,none,37,correct
No,No,84,2,filler,none,37,correct
No,No,84,2,filler,none,37,correct
No,No,84,2,filler,none,37,correct
No,No,84,2,filler,none,37,correct
No,No,84,2,filler,none,37,correct
No,No,84,2,filler,none,37,correct
No,No,84,2,filler,none,37,correct
No,No,84,2,filler,none,37,correct
No,No,87,2,filler,none,37,correct
No,No,87,2,filler,none,37,correct
No,No,87,2,filler,none,37,correct
No,No,87,2,filler,none,37,correct
No,No,87,2,filler,none,37,correct
No,No,87,2,filler,none,37,correct
No,No,87,2,filler,none,37,correct
No,No,87,2,filler,none,37,correct
No,No,87,2,filler,none,37,correct
No,No,87,2,filler,none,37,correct
No,No,87,2,filler,none,37,correct
No,No,87,2,filler,none,37,correct
No,No,87,2,filler,none,37,correct
No,No,89,2,filler,none,37,correct
No,No,89,2,filler,none,37,correct
No,No,89,2,filler,none,37,correct
No,No,89,2,filler,none,37,correct
No,No,89,2,filler,none,37,correct
No,No,89,2,filler,none,37,correct
No,No,89,2,filler,none,37,correct
No,No,89,2,filler,none,37,correct
No,No,89,2,filler,none,37,correct
No,No,89,2,filler,none,37,correct
No,No,89,2,filler,none,37,correct
No,No,89,2,filler,none,37,correct
No,No,89,2,filler,none,37,correct
Yes,Yes,1,3,move,DP,38,correct
Yes,Yes,1,3,move,DP,38,correct
Yes,Yes,1,3,move,DP,38,correct
Yes,Yes,1,3,move,DP,38,correct
Yes,Yes,1,3,move,DP,38,correct
Yes,Yes,2,3,move,unacc,38,correct
Yes,Yes,2,3,move,unacc,38,correct
Yes,Yes,2,3,move,unacc,38,correct
Yes,Yes,2,3,move,unacc,38,correct
Yes,Yes,2,3,move,unacc,38,correct
Yes,No,5,3,nomove,unacc,38,incorrect
Yes,No,5,3,nomove,unacc,38,incorrect
Yes,No,5,3,nomove,unacc,38,incorrect
Yes,No,5,3,nomove,unacc,38,incorrect
Yes,No,5,3,nomove,unacc,38,incorrect
Yes,Yes,6,3,nomove,CP,38,correct
Yes,Yes,6,3,nomove,CP,38,correct
Yes,Yes,6,3,nomove,CP,38,correct
Yes,Yes,6,3,nomove,CP,38,correct
Yes,Yes,6,3,nomove,CP,38,correct
Yes,Yes,7,3,move,DP,38,correct
Yes,Yes,7,3,move,DP,38,correct
Yes,Yes,7,3,move,DP,38,correct
Yes,Yes,7,3,move,DP,38,correct
Yes,Yes,7,3,move,DP,38,correct
Yes,Yes,11,3,nomove,unacc,38,correct
Yes,Yes,11,3,nomove,unacc,38,correct
Yes,Yes,11,3,nomove,unacc,38,correct
Yes,Yes,11,3,nomove,unacc,38,correct
Yes,Yes,11,3,nomove,unacc,38,correct
Yes,Yes,13,3,move,DP,38,correct
Yes,Yes,13,3,move,DP,38,correct
Yes,Yes,13,3,move,DP,38,correct
Yes,Yes,13,3,move,DP,38,correct
Yes,Yes,13,3,move,DP,38,correct
Yes,Yes,14,3,move,unacc,38,correct
Yes,Yes,14,3,move,unacc,38,correct
Yes,Yes,14,3,move,unacc,38,correct
Yes,Yes,14,3,move,unacc,38,correct
Yes,Yes,14,3,move,unacc,38,correct
Yes,Yes,17,3,nomove,DP,38,correct
Yes,Yes,17,3,nomove,DP,38,correct
Yes,Yes,17,3,nomove,DP,38,correct
Yes,Yes,17,3,nomove,DP,38,correct
Yes,Yes,17,3,nomove,DP,38,correct
Yes,Yes,19,3,move,DP,38,correct
Yes,Yes,19,3,move,DP,38,correct
Yes,Yes,19,3,move,DP,38,correct
Yes,Yes,19,3,move,DP,38,correct
Yes,Yes,19,3,move,DP,38,correct
Yes,Yes,21,3,move,CP,38,correct
Yes,Yes,21,3,move,CP,38,correct
Yes,Yes,21,3,move,CP,38,correct
Yes,Yes,21,3,move,CP,38,correct
Yes,Yes,21,3,move,CP,38,correct
Yes,Yes,22,3,nomove,DP,38,correct
Yes,Yes,22,3,nomove,DP,38,correct
Yes,Yes,22,3,nomove,DP,38,correct
Yes,Yes,22,3,nomove,DP,38,correct
Yes,Yes,22,3,nomove,DP,38,correct
No,No,25,3,move,DP,38,correct
No,No,25,3,move,DP,38,correct
No,No,25,3,move,DP,38,correct
No,No,25,3,move,DP,38,correct
No,No,25,3,move,DP,38,correct
No,Yes,30,3,nomove,CP,38,incorrect
No,Yes,30,3,nomove,CP,38,incorrect
No,Yes,30,3,nomove,CP,38,incorrect
No,Yes,30,3,nomove,CP,38,incorrect
No,Yes,30,3,nomove,CP,38,incorrect
No,No,31,3,move,DP,38,correct
No,No,31,3,move,DP,38,correct
No,No,31,3,move,DP,38,correct
No,No,31,3,move,DP,38,correct
No,No,31,3,move,DP,38,correct
Yes,Yes,32,3,move,unacc,38,correct
Yes,Yes,32,3,move,unacc,38,correct
Yes,Yes,32,3,move,unacc,38,correct
Yes,Yes,32,3,move,unacc,38,correct
Yes,Yes,32,3,move,unacc,38,correct
No,No,33,3,move,CP,38,correct
No,No,33,3,move,CP,38,correct
No,No,33,3,move,CP,38,correct
No,No,33,3,move,CP,38,correct
No,No,33,3,move,CP,38,correct
Yes,Yes,35,3,nomove,unacc,38,correct
Yes,Yes,35,3,nomove,unacc,38,correct
Yes,Yes,35,3,nomove,unacc,38,correct
Yes,Yes,35,3,nomove,unacc,38,correct
Yes,Yes,35,3,nomove,unacc,38,correct
No,No,37,3,filler,none,38,correct
No,No,37,3,filler,none,38,correct
No,No,37,3,filler,none,38,correct
No,No,37,3,filler,none,38,correct
No,No,37,3,filler,none,38,correct
No,No,37,3,filler,none,38,correct
No,No,37,3,filler,none,38,correct
No,No,37,3,filler,none,38,correct
No,No,37,3,filler,none,38,correct
No,No,37,3,filler,none,38,correct
No,No,37,3,filler,none,38,correct
No,No,38,3,filler,none,38,correct
No,No,38,3,filler,none,38,correct
No,No,38,3,filler,none,38,correct
No,No,38,3,filler,none,38,correct
No,No,38,3,filler,none,38,correct
No,No,38,3,filler,none,38,correct
No,No,38,3,filler,none,38,correct
No,No,38,3,filler,none,38,correct
No,No,38,3,filler,none,38,correct
No,No,38,3,filler,none,38,correct
No,No,38,3,filler,none,38,correct
No,No,39,3,filler,none,38,correct
No,No,39,3,filler,none,38,correct
No,No,39,3,filler,none,38,correct
No,No,39,3,filler,none,38,correct
No,No,39,3,filler,none,38,correct
No,No,39,3,filler,none,38,correct
No,No,39,3,filler,none,38,correct
No,No,39,3,filler,none,38,correct
No,No,39,3,filler,none,38,correct
No,No,39,3,filler,none,38,correct
No,No,39,3,filler,none,38,correct
Yes,Yes,43,3,filler,none,38,correct
Yes,Yes,43,3,filler,none,38,correct
Yes,Yes,43,3,filler,none,38,correct
Yes,Yes,43,3,filler,none,38,correct
Yes,Yes,43,3,filler,none,38,correct
Yes,Yes,43,3,filler,none,38,correct
Yes,Yes,43,3,filler,none,38,correct
Yes,Yes,43,3,filler,none,38,correct
Yes,Yes,43,3,filler,none,38,correct
Yes,Yes,43,3,filler,none,38,correct
Yes,Yes,43,3,filler,none,38,correct
No,No,44,3,filler,none,38,correct
No,No,44,3,filler,none,38,correct
No,No,44,3,filler,none,38,correct
No,No,44,3,filler,none,38,correct
No,No,44,3,filler,none,38,correct
No,No,44,3,filler,none,38,correct
No,No,44,3,filler,none,38,correct
No,No,44,3,filler,none,38,correct
No,No,44,3,filler,none,38,correct
No,No,44,3,filler,none,38,correct
No,No,44,3,filler,none,38,correct
No,No,46,3,filler,none,38,correct
No,No,46,3,filler,none,38,correct
No,No,46,3,filler,none,38,correct
No,No,46,3,filler,none,38,correct
No,No,46,3,filler,none,38,correct
No,No,46,3,filler,none,38,correct
No,No,46,3,filler,none,38,correct
No,No,46,3,filler,none,38,correct
No,No,46,3,filler,none,38,correct
No,No,46,3,filler,none,38,correct
No,No,46,3,filler,none,38,correct
Yes,Yes,48,3,filler,none,38,correct
Yes,Yes,48,3,filler,none,38,correct
Yes,Yes,48,3,filler,none,38,correct
Yes,Yes,48,3,filler,none,38,correct
Yes,Yes,48,3,filler,none,38,correct
Yes,Yes,48,3,filler,none,38,correct
Yes,Yes,48,3,filler,none,38,correct
Yes,Yes,48,3,filler,none,38,correct
Yes,Yes,48,3,filler,none,38,correct
Yes,Yes,48,3,filler,none,38,correct
Yes,Yes,48,3,filler,none,38,correct
No,No,50,3,filler,none,38,correct
No,No,50,3,filler,none,38,correct
No,No,50,3,filler,none,38,correct
No,No,50,3,filler,none,38,correct
No,No,50,3,filler,none,38,correct
No,No,50,3,filler,none,38,correct
No,No,50,3,filler,none,38,correct
No,No,50,3,filler,none,38,correct
No,No,50,3,filler,none,38,correct
No,No,50,3,filler,none,38,correct
No,No,50,3,filler,none,38,correct
Yes,Yes,52,3,filler,none,38,correct
Yes,Yes,52,3,filler,none,38,correct
Yes,Yes,52,3,filler,none,38,correct
Yes,Yes,52,3,filler,none,38,correct
Yes,Yes,52,3,filler,none,38,correct
Yes,Yes,52,3,filler,none,38,correct
Yes,Yes,52,3,filler,none,38,correct
Yes,Yes,52,3,filler,none,38,correct
Yes,Yes,52,3,filler,none,38,correct
Yes,Yes,52,3,filler,none,38,correct
Yes,Yes,52,3,filler,none,38,correct
No,No,53,3,filler,none,38,correct
No,No,53,3,filler,none,38,correct
No,No,53,3,filler,none,38,correct
No,No,53,3,filler,none,38,correct
No,No,53,3,filler,none,38,correct
No,No,53,3,filler,none,38,correct
No,No,53,3,filler,none,38,correct
No,No,53,3,filler,none,38,correct
No,No,53,3,filler,none,38,correct
No,No,53,3,filler,none,38,correct
No,No,53,3,filler,none,38,correct
Yes,Yes,58,3,filler,none,38,correct
Yes,Yes,58,3,filler,none,38,correct
Yes,Yes,58,3,filler,none,38,correct
Yes,Yes,58,3,filler,none,38,correct
Yes,Yes,58,3,filler,none,38,correct
Yes,Yes,58,3,filler,none,38,correct
Yes,Yes,58,3,filler,none,38,correct
Yes,Yes,58,3,filler,none,38,correct
Yes,Yes,58,3,filler,none,38,correct
Yes,Yes,58,3,filler,none,38,correct
Yes,Yes,58,3,filler,none,38,correct
Yes,Yes,58,3,filler,none,38,correct
No,No,59,3,filler,none,38,correct
No,No,59,3,filler,none,38,correct
No,No,59,3,filler,none,38,correct
No,No,59,3,filler,none,38,correct
No,No,59,3,filler,none,38,correct
No,No,59,3,filler,none,38,correct
No,No,59,3,filler,none,38,correct
No,No,59,3,filler,none,38,correct
No,No,59,3,filler,none,38,correct
No,No,59,3,filler,none,38,correct
No,No,59,3,filler,none,38,correct
No,No,59,3,filler,none,38,correct
No,No,59,3,filler,none,38,correct
No,No,62,3,filler,none,38,correct
No,No,62,3,filler,none,38,correct
No,No,62,3,filler,none,38,correct
No,No,62,3,filler,none,38,correct
No,No,62,3,filler,none,38,correct
No,No,62,3,filler,none,38,correct
No,No,62,3,filler,none,38,correct
No,No,62,3,filler,none,38,correct
No,No,62,3,filler,none,38,correct
No,No,62,3,filler,none,38,correct
No,No,62,3,filler,none,38,correct
No,No,62,3,filler,none,38,correct
Yes,Yes,64,3,filler,none,38,correct
Yes,Yes,64,3,filler,none,38,correct
Yes,Yes,64,3,filler,none,38,correct
Yes,Yes,64,3,filler,none,38,correct
Yes,Yes,64,3,filler,none,38,correct
Yes,Yes,64,3,filler,none,38,correct
Yes,Yes,64,3,filler,none,38,correct
Yes,Yes,64,3,filler,none,38,correct
Yes,Yes,64,3,filler,none,38,correct
Yes,Yes,64,3,filler,none,38,correct
Yes,Yes,64,3,filler,none,38,correct
Yes,Yes,64,3,filler,none,38,correct
No,No,66,3,filler,none,38,correct
No,No,66,3,filler,none,38,correct
No,No,66,3,filler,none,38,correct
No,No,66,3,filler,none,38,correct
No,No,66,3,filler,none,38,correct
No,No,66,3,filler,none,38,correct
No,No,66,3,filler,none,38,correct
No,No,66,3,filler,none,38,correct
No,No,66,3,filler,none,38,correct
No,No,66,3,filler,none,38,correct
No,No,66,3,filler,none,38,correct
No,No,66,3,filler,none,38,correct
No,No,68,3,filler,none,38,correct
No,No,68,3,filler,none,38,correct
No,No,68,3,filler,none,38,correct
No,No,68,3,filler,none,38,correct
No,No,68,3,filler,none,38,correct
No,No,68,3,filler,none,38,correct
No,No,68,3,filler,none,38,correct
No,No,68,3,filler,none,38,correct
No,No,68,3,filler,none,38,correct
No,No,68,3,filler,none,38,correct
No,No,68,3,filler,none,38,correct
No,No,68,3,filler,none,38,correct
Yes,No,69,3,filler,none,38,incorrect
Yes,No,69,3,filler,none,38,incorrect
Yes,No,69,3,filler,none,38,incorrect
Yes,No,69,3,filler,none,38,incorrect
Yes,No,69,3,filler,none,38,incorrect
Yes,No,69,3,filler,none,38,incorrect
Yes,No,69,3,filler,none,38,incorrect
Yes,No,69,3,filler,none,38,incorrect
Yes,No,69,3,filler,none,38,incorrect
Yes,No,69,3,filler,none,38,incorrect
Yes,No,69,3,filler,none,38,incorrect
Yes,No,69,3,filler,none,38,incorrect
Yes,Yes,72,3,filler,none,38,correct
Yes,Yes,72,3,filler,none,38,correct
Yes,Yes,72,3,filler,none,38,correct
Yes,Yes,72,3,filler,none,38,correct
Yes,Yes,72,3,filler,none,38,correct
Yes,Yes,72,3,filler,none,38,correct
Yes,Yes,72,3,filler,none,38,correct
Yes,Yes,72,3,filler,none,38,correct
Yes,Yes,72,3,filler,none,38,correct
Yes,Yes,72,3,filler,none,38,correct
Yes,Yes,72,3,filler,none,38,correct
Yes,Yes,72,3,filler,none,38,correct
Yes,No,73,3,filler,none,38,incorrect
Yes,No,73,3,filler,none,38,incorrect
Yes,No,73,3,filler,none,38,incorrect
Yes,No,73,3,filler,none,38,incorrect
Yes,No,73,3,filler,none,38,incorrect
Yes,No,73,3,filler,none,38,incorrect
Yes,No,73,3,filler,none,38,incorrect
Yes,No,73,3,filler,none,38,incorrect
Yes,No,73,3,filler,none,38,incorrect
Yes,No,73,3,filler,none,38,incorrect
Yes,No,73,3,filler,none,38,incorrect
Yes,No,73,3,filler,none,38,incorrect
Yes,No,73,3,filler,none,38,incorrect
Yes,Yes,74,3,filler,none,38,correct
Yes,Yes,74,3,filler,none,38,correct
Yes,Yes,74,3,filler,none,38,correct
Yes,Yes,74,3,filler,none,38,correct
Yes,Yes,74,3,filler,none,38,correct
Yes,Yes,74,3,filler,none,38,correct
Yes,Yes,74,3,filler,none,38,correct
Yes,Yes,74,3,filler,none,38,correct
Yes,Yes,74,3,filler,none,38,correct
Yes,Yes,74,3,filler,none,38,correct
Yes,Yes,74,3,filler,none,38,correct
Yes,Yes,74,3,filler,none,38,correct
Yes,Yes,74,3,filler,none,38,correct
Yes,Yes,75,3,filler,none,38,correct
Yes,Yes,75,3,filler,none,38,correct
Yes,Yes,75,3,filler,none,38,correct
Yes,Yes,75,3,filler,none,38,correct
Yes,Yes,75,3,filler,none,38,correct
Yes,Yes,75,3,filler,none,38,correct
Yes,Yes,75,3,filler,none,38,correct
Yes,Yes,75,3,filler,none,38,correct
Yes,Yes,75,3,filler,none,38,correct
Yes,Yes,75,3,filler,none,38,correct
Yes,Yes,75,3,filler,none,38,correct
Yes,Yes,75,3,filler,none,38,correct
Yes,Yes,75,3,filler,none,38,correct
Yes,Yes,77,3,filler,none,38,correct
Yes,Yes,77,3,filler,none,38,correct
Yes,Yes,77,3,filler,none,38,correct
Yes,Yes,77,3,filler,none,38,correct
Yes,Yes,77,3,filler,none,38,correct
Yes,Yes,77,3,filler,none,38,correct
Yes,Yes,77,3,filler,none,38,correct
Yes,Yes,77,3,filler,none,38,correct
Yes,Yes,77,3,filler,none,38,correct
Yes,Yes,77,3,filler,none,38,correct
Yes,Yes,77,3,filler,none,38,correct
Yes,Yes,77,3,filler,none,38,correct
Yes,Yes,77,3,filler,none,38,correct
No,No,78,3,filler,none,38,correct
No,No,78,3,filler,none,38,correct
No,No,78,3,filler,none,38,correct
No,No,78,3,filler,none,38,correct
No,No,78,3,filler,none,38,correct
No,No,78,3,filler,none,38,correct
No,No,78,3,filler,none,38,correct
No,No,78,3,filler,none,38,correct
No,No,78,3,filler,none,38,correct
No,No,78,3,filler,none,38,correct
No,No,78,3,filler,none,38,correct
No,No,78,3,filler,none,38,correct
No,No,78,3,filler,none,38,correct
No,No,80,3,filler,none,38,correct
No,No,80,3,filler,none,38,correct
No,No,80,3,filler,none,38,correct
No,No,80,3,filler,none,38,correct
No,No,80,3,filler,none,38,correct
No,No,80,3,filler,none,38,correct
No,No,80,3,filler,none,38,correct
No,No,80,3,filler,none,38,correct
No,No,80,3,filler,none,38,correct
No,No,80,3,filler,none,38,correct
No,No,80,3,filler,none,38,correct
No,No,80,3,filler,none,38,correct
No,No,80,3,filler,none,38,correct
No,No,82,3,filler,none,38,correct
No,No,82,3,filler,none,38,correct
No,No,82,3,filler,none,38,correct
No,No,82,3,filler,none,38,correct
No,No,82,3,filler,none,38,correct
No,No,82,3,filler,none,38,correct
No,No,82,3,filler,none,38,correct
No,No,82,3,filler,none,38,correct
No,No,82,3,filler,none,38,correct
No,No,82,3,filler,none,38,correct
No,No,82,3,filler,none,38,correct
No,No,82,3,filler,none,38,correct
No,No,82,3,filler,none,38,correct
No,No,84,3,filler,none,38,correct
No,No,84,3,filler,none,38,correct
No,No,84,3,filler,none,38,correct
No,No,84,3,filler,none,38,correct
No,No,84,3,filler,none,38,correct
No,No,84,3,filler,none,38,correct
No,No,84,3,filler,none,38,correct
No,No,84,3,filler,none,38,correct
No,No,84,3,filler,none,38,correct
No,No,84,3,filler,none,38,correct
No,No,84,3,filler,none,38,correct
No,No,84,3,filler,none,38,correct
No,No,84,3,filler,none,38,correct
No,No,87,3,filler,none,38,correct
No,No,87,3,filler,none,38,correct
No,No,87,3,filler,none,38,correct
No,No,87,3,filler,none,38,correct
No,No,87,3,filler,none,38,correct
No,No,87,3,filler,none,38,correct
No,No,87,3,filler,none,38,correct
No,No,87,3,filler,none,38,correct
No,No,87,3,filler,none,38,correct
No,No,87,3,filler,none,38,correct
No,No,87,3,filler,none,38,correct
No,No,87,3,filler,none,38,correct
No,No,87,3,filler,none,38,correct
No,No,89,3,filler,none,38,correct
No,No,89,3,filler,none,38,correct
No,No,89,3,filler,none,38,correct
No,No,89,3,filler,none,38,correct
No,No,89,3,filler,none,38,correct
No,No,89,3,filler,none,38,correct
No,No,89,3,filler,none,38,correct
No,No,89,3,filler,none,38,correct
No,No,89,3,filler,none,38,correct
No,No,89,3,filler,none,38,correct
No,No,89,3,filler,none,38,correct
No,No,89,3,filler,none,38,correct
No,No,89,3,filler,none,38,correct
Yes,Yes,1,4,nomove,CP,39,correct
Yes,Yes,1,4,nomove,CP,39,correct
Yes,Yes,1,4,nomove,CP,39,correct
Yes,Yes,1,4,nomove,CP,39,correct
Yes,Yes,1,4,nomove,CP,39,correct
Yes,Yes,2,4,move,DP,39,correct
Yes,Yes,2,4,move,DP,39,correct
Yes,Yes,2,4,move,DP,39,correct
Yes,Yes,2,4,move,DP,39,correct
Yes,Yes,2,4,move,DP,39,correct
No,No,5,4,nomove,DP,39,correct
No,No,5,4,nomove,DP,39,correct
No,No,5,4,nomove,DP,39,correct
No,No,5,4,nomove,DP,39,correct
No,No,5,4,nomove,DP,39,correct
Yes,Yes,6,4,nomove,unacc,39,correct
Yes,Yes,6,4,nomove,unacc,39,correct
Yes,Yes,6,4,nomove,unacc,39,correct
Yes,Yes,6,4,nomove,unacc,39,correct
Yes,Yes,6,4,nomove,unacc,39,correct
Yes,Yes,7,4,nomove,CP,39,correct
Yes,Yes,7,4,nomove,CP,39,correct
Yes,Yes,7,4,nomove,CP,39,correct
Yes,Yes,7,4,nomove,CP,39,correct
Yes,Yes,7,4,nomove,CP,39,correct
Yes,Yes,11,4,nomove,DP,39,correct
Yes,Yes,11,4,nomove,DP,39,correct
Yes,Yes,11,4,nomove,DP,39,correct
Yes,Yes,11,4,nomove,DP,39,correct
Yes,Yes,11,4,nomove,DP,39,correct
Yes,Yes,13,4,nomove,CP,39,correct
Yes,Yes,13,4,nomove,CP,39,correct
Yes,Yes,13,4,nomove,CP,39,correct
Yes,Yes,13,4,nomove,CP,39,correct
Yes,Yes,13,4,nomove,CP,39,correct
Yes,Yes,14,4,move,DP,39,correct
Yes,Yes,14,4,move,DP,39,correct
Yes,Yes,14,4,move,DP,39,correct
Yes,Yes,14,4,move,DP,39,correct
Yes,Yes,14,4,move,DP,39,correct
Yes,Yes,17,4,move,CP,39,correct
Yes,Yes,17,4,move,CP,39,correct
Yes,Yes,17,4,move,CP,39,correct
Yes,Yes,17,4,move,CP,39,correct
Yes,Yes,17,4,move,CP,39,correct
Yes,Yes,19,4,nomove,CP,39,correct
Yes,Yes,19,4,nomove,CP,39,correct
Yes,Yes,19,4,nomove,CP,39,correct
Yes,Yes,19,4,nomove,CP,39,correct
Yes,Yes,19,4,nomove,CP,39,correct
Yes,Yes,21,4,move,unacc,39,correct
Yes,Yes,21,4,move,unacc,39,correct
Yes,Yes,21,4,move,unacc,39,correct
Yes,Yes,21,4,move,unacc,39,correct
Yes,Yes,21,4,move,unacc,39,correct
Yes,Yes,22,4,move,CP,39,correct
Yes,Yes,22,4,move,CP,39,correct
Yes,Yes,22,4,move,CP,39,correct
Yes,Yes,22,4,move,CP,39,correct
Yes,Yes,22,4,move,CP,39,correct
No,No,25,4,nomove,CP,39,correct
No,No,25,4,nomove,CP,39,correct
No,No,25,4,nomove,CP,39,correct
No,No,25,4,nomove,CP,39,correct
No,No,25,4,nomove,CP,39,correct
Yes,Yes,30,4,nomove,unacc,39,correct
Yes,Yes,30,4,nomove,unacc,39,correct
Yes,Yes,30,4,nomove,unacc,39,correct
Yes,Yes,30,4,nomove,unacc,39,correct
Yes,Yes,30,4,nomove,unacc,39,correct
No,No,31,4,nomove,CP,39,correct
No,No,31,4,nomove,CP,39,correct
No,No,31,4,nomove,CP,39,correct
No,No,31,4,nomove,CP,39,correct
No,No,31,4,nomove,CP,39,correct
Yes,Yes,32,4,move,DP,39,correct
Yes,Yes,32,4,move,DP,39,correct
Yes,Yes,32,4,move,DP,39,correct
Yes,Yes,32,4,move,DP,39,correct
Yes,Yes,32,4,move,DP,39,correct
No,No,33,4,move,unacc,39,correct
No,No,33,4,move,unacc,39,correct
No,No,33,4,move,unacc,39,correct
No,No,33,4,move,unacc,39,correct
No,No,33,4,move,unacc,39,correct
Yes,Yes,35,4,nomove,DP,39,correct
Yes,Yes,35,4,nomove,DP,39,correct
Yes,Yes,35,4,nomove,DP,39,correct
Yes,Yes,35,4,nomove,DP,39,correct
Yes,Yes,35,4,nomove,DP,39,correct
No,No,37,4,filler,none,39,correct
No,No,37,4,filler,none,39,correct
No,No,37,4,filler,none,39,correct
No,No,37,4,filler,none,39,correct
No,No,37,4,filler,none,39,correct
No,No,37,4,filler,none,39,correct
No,No,37,4,filler,none,39,correct
No,No,37,4,filler,none,39,correct
No,No,37,4,filler,none,39,correct
No,No,37,4,filler,none,39,correct
No,No,37,4,filler,none,39,correct
No,No,38,4,filler,none,39,correct
No,No,38,4,filler,none,39,correct
No,No,38,4,filler,none,39,correct
No,No,38,4,filler,none,39,correct
No,No,38,4,filler,none,39,correct
No,No,38,4,filler,none,39,correct
No,No,38,4,filler,none,39,correct
No,No,38,4,filler,none,39,correct
No,No,38,4,filler,none,39,correct
No,No,38,4,filler,none,39,correct
No,No,38,4,filler,none,39,correct
No,No,39,4,filler,none,39,correct
No,No,39,4,filler,none,39,correct
No,No,39,4,filler,none,39,correct
No,No,39,4,filler,none,39,correct
No,No,39,4,filler,none,39,correct
No,No,39,4,filler,none,39,correct
No,No,39,4,filler,none,39,correct
No,No,39,4,filler,none,39,correct
No,No,39,4,filler,none,39,correct
No,No,39,4,filler,none,39,correct
No,No,39,4,filler,none,39,correct
Yes,Yes,43,4,filler,none,39,correct
Yes,Yes,43,4,filler,none,39,correct
Yes,Yes,43,4,filler,none,39,correct
Yes,Yes,43,4,filler,none,39,correct
Yes,Yes,43,4,filler,none,39,correct
Yes,Yes,43,4,filler,none,39,correct
Yes,Yes,43,4,filler,none,39,correct
Yes,Yes,43,4,filler,none,39,correct
Yes,Yes,43,4,filler,none,39,correct
Yes,Yes,43,4,filler,none,39,correct
Yes,Yes,43,4,filler,none,39,correct
No,No,44,4,filler,none,39,correct
No,No,44,4,filler,none,39,correct
No,No,44,4,filler,none,39,correct
No,No,44,4,filler,none,39,correct
No,No,44,4,filler,none,39,correct
No,No,44,4,filler,none,39,correct
No,No,44,4,filler,none,39,correct
No,No,44,4,filler,none,39,correct
No,No,44,4,filler,none,39,correct
No,No,44,4,filler,none,39,correct
No,No,44,4,filler,none,39,correct
No,No,46,4,filler,none,39,correct
No,No,46,4,filler,none,39,correct
No,No,46,4,filler,none,39,correct
No,No,46,4,filler,none,39,correct
No,No,46,4,filler,none,39,correct
No,No,46,4,filler,none,39,correct
No,No,46,4,filler,none,39,correct
No,No,46,4,filler,none,39,correct
No,No,46,4,filler,none,39,correct
No,No,46,4,filler,none,39,correct
No,No,46,4,filler,none,39,correct
Yes,Yes,48,4,filler,none,39,correct
Yes,Yes,48,4,filler,none,39,correct
Yes,Yes,48,4,filler,none,39,correct
Yes,Yes,48,4,filler,none,39,correct
Yes,Yes,48,4,filler,none,39,correct
Yes,Yes,48,4,filler,none,39,correct
Yes,Yes,48,4,filler,none,39,correct
Yes,Yes,48,4,filler,none,39,correct
Yes,Yes,48,4,filler,none,39,correct
Yes,Yes,48,4,filler,none,39,correct
Yes,Yes,48,4,filler,none,39,correct
No,No,50,4,filler,none,39,correct
No,No,50,4,filler,none,39,correct
No,No,50,4,filler,none,39,correct
No,No,50,4,filler,none,39,correct
No,No,50,4,filler,none,39,correct
No,No,50,4,filler,none,39,correct
No,No,50,4,filler,none,39,correct
No,No,50,4,filler,none,39,correct
No,No,50,4,filler,none,39,correct
No,No,50,4,filler,none,39,correct
No,No,50,4,filler,none,39,correct
Yes,Yes,52,4,filler,none,39,correct
Yes,Yes,52,4,filler,none,39,correct
Yes,Yes,52,4,filler,none,39,correct
Yes,Yes,52,4,filler,none,39,correct
Yes,Yes,52,4,filler,none,39,correct
Yes,Yes,52,4,filler,none,39,correct
Yes,Yes,52,4,filler,none,39,correct
Yes,Yes,52,4,filler,none,39,correct
Yes,Yes,52,4,filler,none,39,correct
Yes,Yes,52,4,filler,none,39,correct
Yes,Yes,52,4,filler,none,39,correct
No,No,53,4,filler,none,39,correct
No,No,53,4,filler,none,39,correct
No,No,53,4,filler,none,39,correct
No,No,53,4,filler,none,39,correct
No,No,53,4,filler,none,39,correct
No,No,53,4,filler,none,39,correct
No,No,53,4,filler,none,39,correct
No,No,53,4,filler,none,39,correct
No,No,53,4,filler,none,39,correct
No,No,53,4,filler,none,39,correct
No,No,53,4,filler,none,39,correct
Yes,Yes,58,4,filler,none,39,correct
Yes,Yes,58,4,filler,none,39,correct
Yes,Yes,58,4,filler,none,39,correct
Yes,Yes,58,4,filler,none,39,correct
Yes,Yes,58,4,filler,none,39,correct
Yes,Yes,58,4,filler,none,39,correct
Yes,Yes,58,4,filler,none,39,correct
Yes,Yes,58,4,filler,none,39,correct
Yes,Yes,58,4,filler,none,39,correct
Yes,Yes,58,4,filler,none,39,correct
Yes,Yes,58,4,filler,none,39,correct
Yes,Yes,58,4,filler,none,39,correct
No,No,59,4,filler,none,39,correct
No,No,59,4,filler,none,39,correct
No,No,59,4,filler,none,39,correct
No,No,59,4,filler,none,39,correct
No,No,59,4,filler,none,39,correct
No,No,59,4,filler,none,39,correct
No,No,59,4,filler,none,39,correct
No,No,59,4,filler,none,39,correct
No,No,59,4,filler,none,39,correct
No,No,59,4,filler,none,39,correct
No,No,59,4,filler,none,39,correct
No,No,59,4,filler,none,39,correct
No,No,59,4,filler,none,39,correct
No,No,62,4,filler,none,39,correct
No,No,62,4,filler,none,39,correct
No,No,62,4,filler,none,39,correct
No,No,62,4,filler,none,39,correct
No,No,62,4,filler,none,39,correct
No,No,62,4,filler,none,39,correct
No,No,62,4,filler,none,39,correct
No,No,62,4,filler,none,39,correct
No,No,62,4,filler,none,39,correct
No,No,62,4,filler,none,39,correct
No,No,62,4,filler,none,39,correct
No,No,62,4,filler,none,39,correct
Yes,Yes,64,4,filler,none,39,correct
Yes,Yes,64,4,filler,none,39,correct
Yes,Yes,64,4,filler,none,39,correct
Yes,Yes,64,4,filler,none,39,correct
Yes,Yes,64,4,filler,none,39,correct
Yes,Yes,64,4,filler,none,39,correct
Yes,Yes,64,4,filler,none,39,correct
Yes,Yes,64,4,filler,none,39,correct
Yes,Yes,64,4,filler,none,39,correct
Yes,Yes,64,4,filler,none,39,correct
Yes,Yes,64,4,filler,none,39,correct
Yes,Yes,64,4,filler,none,39,correct
No,No,66,4,filler,none,39,correct
No,No,66,4,filler,none,39,correct
No,No,66,4,filler,none,39,correct
No,No,66,4,filler,none,39,correct
No,No,66,4,filler,none,39,correct
No,No,66,4,filler,none,39,correct
No,No,66,4,filler,none,39,correct
No,No,66,4,filler,none,39,correct
No,No,66,4,filler,none,39,correct
No,No,66,4,filler,none,39,correct
No,No,66,4,filler,none,39,correct
No,No,66,4,filler,none,39,correct
No,No,68,4,filler,none,39,correct
No,No,68,4,filler,none,39,correct
No,No,68,4,filler,none,39,correct
No,No,68,4,filler,none,39,correct
No,No,68,4,filler,none,39,correct
No,No,68,4,filler,none,39,correct
No,No,68,4,filler,none,39,correct
No,No,68,4,filler,none,39,correct
No,No,68,4,filler,none,39,correct
No,No,68,4,filler,none,39,correct
No,No,68,4,filler,none,39,correct
No,No,68,4,filler,none,39,correct
No,No,69,4,filler,none,39,correct
No,No,69,4,filler,none,39,correct
No,No,69,4,filler,none,39,correct
No,No,69,4,filler,none,39,correct
No,No,69,4,filler,none,39,correct
No,No,69,4,filler,none,39,correct
No,No,69,4,filler,none,39,correct
No,No,69,4,filler,none,39,correct
No,No,69,4,filler,none,39,correct
No,No,69,4,filler,none,39,correct
No,No,69,4,filler,none,39,correct
No,No,69,4,filler,none,39,correct
Yes,Yes,72,4,filler,none,39,correct
Yes,Yes,72,4,filler,none,39,correct
Yes,Yes,72,4,filler,none,39,correct
Yes,Yes,72,4,filler,none,39,correct
Yes,Yes,72,4,filler,none,39,correct
Yes,Yes,72,4,filler,none,39,correct
Yes,Yes,72,4,filler,none,39,correct
Yes,Yes,72,4,filler,none,39,correct
Yes,Yes,72,4,filler,none,39,correct
Yes,Yes,72,4,filler,none,39,correct
Yes,Yes,72,4,filler,none,39,correct
Yes,Yes,72,4,filler,none,39,correct
Yes,No,73,4,filler,none,39,incorrect
Yes,No,73,4,filler,none,39,incorrect
Yes,No,73,4,filler,none,39,incorrect
Yes,No,73,4,filler,none,39,incorrect
Yes,No,73,4,filler,none,39,incorrect
Yes,No,73,4,filler,none,39,incorrect
Yes,No,73,4,filler,none,39,incorrect
Yes,No,73,4,filler,none,39,incorrect
Yes,No,73,4,filler,none,39,incorrect
Yes,No,73,4,filler,none,39,incorrect
Yes,No,73,4,filler,none,39,incorrect
Yes,No,73,4,filler,none,39,incorrect
Yes,No,73,4,filler,none,39,incorrect
Yes,Yes,74,4,filler,none,39,correct
Yes,Yes,74,4,filler,none,39,correct
Yes,Yes,74,4,filler,none,39,correct
Yes,Yes,74,4,filler,none,39,correct
Yes,Yes,74,4,filler,none,39,correct
Yes,Yes,74,4,filler,none,39,correct
Yes,Yes,74,4,filler,none,39,correct
Yes,Yes,74,4,filler,none,39,correct
Yes,Yes,74,4,filler,none,39,correct
Yes,Yes,74,4,filler,none,39,correct
Yes,Yes,74,4,filler,none,39,correct
Yes,Yes,74,4,filler,none,39,correct
Yes,Yes,74,4,filler,none,39,correct
Yes,Yes,75,4,filler,none,39,correct
Yes,Yes,75,4,filler,none,39,correct
Yes,Yes,75,4,filler,none,39,correct
Yes,Yes,75,4,filler,none,39,correct
Yes,Yes,75,4,filler,none,39,correct
Yes,Yes,75,4,filler,none,39,correct
Yes,Yes,75,4,filler,none,39,correct
Yes,Yes,75,4,filler,none,39,correct
Yes,Yes,75,4,filler,none,39,correct
Yes,Yes,75,4,filler,none,39,correct
Yes,Yes,75,4,filler,none,39,correct
Yes,Yes,75,4,filler,none,39,correct
Yes,Yes,75,4,filler,none,39,correct
Yes,Yes,77,4,filler,none,39,correct
Yes,Yes,77,4,filler,none,39,correct
Yes,Yes,77,4,filler,none,39,correct
Yes,Yes,77,4,filler,none,39,correct
Yes,Yes,77,4,filler,none,39,correct
Yes,Yes,77,4,filler,none,39,correct
Yes,Yes,77,4,filler,none,39,correct
Yes,Yes,77,4,filler,none,39,correct
Yes,Yes,77,4,filler,none,39,correct
Yes,Yes,77,4,filler,none,39,correct
Yes,Yes,77,4,filler,none,39,correct
Yes,Yes,77,4,filler,none,39,correct
Yes,Yes,77,4,filler,none,39,correct
No,No,78,4,filler,none,39,correct
No,No,78,4,filler,none,39,correct
No,No,78,4,filler,none,39,correct
No,No,78,4,filler,none,39,correct
No,No,78,4,filler,none,39,correct
No,No,78,4,filler,none,39,correct
No,No,78,4,filler,none,39,correct
No,No,78,4,filler,none,39,correct
No,No,78,4,filler,none,39,correct
No,No,78,4,filler,none,39,correct
No,No,78,4,filler,none,39,correct
No,No,78,4,filler,none,39,correct
No,No,78,4,filler,none,39,correct
No,No,80,4,filler,none,39,correct
No,No,80,4,filler,none,39,correct
No,No,80,4,filler,none,39,correct
No,No,80,4,filler,none,39,correct
No,No,80,4,filler,none,39,correct
No,No,80,4,filler,none,39,correct
No,No,80,4,filler,none,39,correct
No,No,80,4,filler,none,39,correct
No,No,80,4,filler,none,39,correct
No,No,80,4,filler,none,39,correct
No,No,80,4,filler,none,39,correct
No,No,80,4,filler,none,39,correct
No,No,80,4,filler,none,39,correct
No,No,82,4,filler,none,39,correct
No,No,82,4,filler,none,39,correct
No,No,82,4,filler,none,39,correct
No,No,82,4,filler,none,39,correct
No,No,82,4,filler,none,39,correct
No,No,82,4,filler,none,39,correct
No,No,82,4,filler,none,39,correct
No,No,82,4,filler,none,39,correct
No,No,82,4,filler,none,39,correct
No,No,82,4,filler,none,39,correct
No,No,82,4,filler,none,39,correct
No,No,82,4,filler,none,39,correct
No,No,82,4,filler,none,39,correct
No,No,84,4,filler,none,39,correct
No,No,84,4,filler,none,39,correct
No,No,84,4,filler,none,39,correct
No,No,84,4,filler,none,39,correct
No,No,84,4,filler,none,39,correct
No,No,84,4,filler,none,39,correct
No,No,84,4,filler,none,39,correct
No,No,84,4,filler,none,39,correct
No,No,84,4,filler,none,39,correct
No,No,84,4,filler,none,39,correct
No,No,84,4,filler,none,39,correct
No,No,84,4,filler,none,39,correct
No,No,84,4,filler,none,39,correct
No,No,87,4,filler,none,39,correct
No,No,87,4,filler,none,39,correct
No,No,87,4,filler,none,39,correct
No,No,87,4,filler,none,39,correct
No,No,87,4,filler,none,39,correct
No,No,87,4,filler,none,39,correct
No,No,87,4,filler,none,39,correct
No,No,87,4,filler,none,39,correct
No,No,87,4,filler,none,39,correct
No,No,87,4,filler,none,39,correct
No,No,87,4,filler,none,39,correct
No,No,87,4,filler,none,39,correct
No,No,87,4,filler,none,39,correct
No,No,89,4,filler,none,39,correct
No,No,89,4,filler,none,39,correct
No,No,89,4,filler,none,39,correct
No,No,89,4,filler,none,39,correct
No,No,89,4,filler,none,39,correct
No,No,89,4,filler,none,39,correct
No,No,89,4,filler,none,39,correct
No,No,89,4,filler,none,39,correct
No,No,89,4,filler,none,39,correct
No,No,89,4,filler,none,39,correct
No,No,89,4,filler,none,39,correct
No,No,89,4,filler,none,39,correct
No,No,89,4,filler,none,39,correct
Yes,Yes,1,5,nomove,unacc,40,correct
Yes,Yes,1,5,nomove,unacc,40,correct
Yes,Yes,1,5,nomove,unacc,40,correct
Yes,Yes,1,5,nomove,unacc,40,correct
Yes,Yes,1,5,nomove,unacc,40,correct
Yes,Yes,2,5,nomove,CP,40,correct
Yes,Yes,2,5,nomove,CP,40,correct
Yes,Yes,2,5,nomove,CP,40,correct
Yes,Yes,2,5,nomove,CP,40,correct
Yes,Yes,2,5,nomove,CP,40,correct
No,No,5,5,move,CP,40,correct
No,No,5,5,move,CP,40,correct
No,No,5,5,move,CP,40,correct
No,No,5,5,move,CP,40,correct
No,No,5,5,move,CP,40,correct
No,Yes,6,5,nomove,DP,40,incorrect
No,Yes,6,5,nomove,DP,40,incorrect
No,Yes,6,5,nomove,DP,40,incorrect
No,Yes,6,5,nomove,DP,40,incorrect
No,Yes,6,5,nomove,DP,40,incorrect
Yes,Yes,7,5,nomove,unacc,40,correct
Yes,Yes,7,5,nomove,unacc,40,correct
Yes,Yes,7,5,nomove,unacc,40,correct
Yes,Yes,7,5,nomove,unacc,40,correct
Yes,Yes,7,5,nomove,unacc,40,correct
No,Yes,11,5,move,CP,40,incorrect
No,Yes,11,5,move,CP,40,incorrect
No,Yes,11,5,move,CP,40,incorrect
No,Yes,11,5,move,CP,40,incorrect
No,Yes,11,5,move,CP,40,incorrect
Yes,Yes,13,5,nomove,unacc,40,correct
Yes,Yes,13,5,nomove,unacc,40,correct
Yes,Yes,13,5,nomove,unacc,40,correct
Yes,Yes,13,5,nomove,unacc,40,correct
Yes,Yes,13,5,nomove,unacc,40,correct
Yes,Yes,14,5,nomove,CP,40,correct
Yes,Yes,14,5,nomove,CP,40,correct
Yes,Yes,14,5,nomove,CP,40,correct
Yes,Yes,14,5,nomove,CP,40,correct
Yes,Yes,14,5,nomove,CP,40,correct
Yes,Yes,17,5,move,unacc,40,correct
Yes,Yes,17,5,move,unacc,40,correct
Yes,Yes,17,5,move,unacc,40,correct
Yes,Yes,17,5,move,unacc,40,correct
Yes,Yes,17,5,move,unacc,40,correct
Yes,Yes,19,5,nomove,unacc,40,correct
Yes,Yes,19,5,nomove,unacc,40,correct
Yes,Yes,19,5,nomove,unacc,40,correct
Yes,Yes,19,5,nomove,unacc,40,correct
Yes,Yes,19,5,nomove,unacc,40,correct
Yes,Yes,21,5,move,DP,40,correct
Yes,Yes,21,5,move,DP,40,correct
Yes,Yes,21,5,move,DP,40,correct
Yes,Yes,21,5,move,DP,40,correct
Yes,Yes,21,5,move,DP,40,correct
Yes,Yes,22,5,move,unacc,40,correct
Yes,Yes,22,5,move,unacc,40,correct
Yes,Yes,22,5,move,unacc,40,correct
Yes,Yes,22,5,move,unacc,40,correct
Yes,Yes,22,5,move,unacc,40,correct
No,No,25,5,nomove,unacc,40,correct
No,No,25,5,nomove,unacc,40,correct
No,No,25,5,nomove,unacc,40,correct
No,No,25,5,nomove,unacc,40,correct
No,No,25,5,nomove,unacc,40,correct
No,Yes,30,5,nomove,DP,40,incorrect
No,Yes,30,5,nomove,DP,40,incorrect
No,Yes,30,5,nomove,DP,40,incorrect
No,Yes,30,5,nomove,DP,40,incorrect
No,Yes,30,5,nomove,DP,40,incorrect
Yes,No,31,5,nomove,unacc,40,incorrect
Yes,No,31,5,nomove,unacc,40,incorrect
Yes,No,31,5,nomove,unacc,40,incorrect
Yes,No,31,5,nomove,unacc,40,incorrect
Yes,No,31,5,nomove,unacc,40,incorrect
Yes,Yes,32,5,nomove,CP,40,correct
Yes,Yes,32,5,nomove,CP,40,correct
Yes,Yes,32,5,nomove,CP,40,correct
Yes,Yes,32,5,nomove,CP,40,correct
Yes,Yes,32,5,nomove,CP,40,correct
No,No,33,5,move,DP,40,correct
No,No,33,5,move,DP,40,correct
No,No,33,5,move,DP,40,correct
No,No,33,5,move,DP,40,correct
No,No,33,5,move,DP,40,correct
Yes,Yes,35,5,move,CP,40,correct
Yes,Yes,35,5,move,CP,40,correct
Yes,Yes,35,5,move,CP,40,correct
Yes,Yes,35,5,move,CP,40,correct
Yes,Yes,35,5,move,CP,40,correct
No,No,37,5,filler,none,40,correct
No,No,37,5,filler,none,40,correct
No,No,37,5,filler,none,40,correct
No,No,37,5,filler,none,40,correct
No,No,37,5,filler,none,40,correct
No,No,37,5,filler,none,40,correct
No,No,37,5,filler,none,40,correct
No,No,37,5,filler,none,40,correct
No,No,37,5,filler,none,40,correct
No,No,37,5,filler,none,40,correct
No,No,37,5,filler,none,40,correct
No,No,38,5,filler,none,40,correct
No,No,38,5,filler,none,40,correct
No,No,38,5,filler,none,40,correct
No,No,38,5,filler,none,40,correct
No,No,38,5,filler,none,40,correct
No,No,38,5,filler,none,40,correct
No,No,38,5,filler,none,40,correct
No,No,38,5,filler,none,40,correct
No,No,38,5,filler,none,40,correct
No,No,38,5,filler,none,40,correct
No,No,38,5,filler,none,40,correct
No,No,39,5,filler,none,40,correct
No,No,39,5,filler,none,40,correct
No,No,39,5,filler,none,40,correct
No,No,39,5,filler,none,40,correct
No,No,39,5,filler,none,40,correct
No,No,39,5,filler,none,40,correct
No,No,39,5,filler,none,40,correct
No,No,39,5,filler,none,40,correct
No,No,39,5,filler,none,40,correct
No,No,39,5,filler,none,40,correct
No,No,39,5,filler,none,40,correct
Yes,Yes,43,5,filler,none,40,correct
Yes,Yes,43,5,filler,none,40,correct
Yes,Yes,43,5,filler,none,40,correct
Yes,Yes,43,5,filler,none,40,correct
Yes,Yes,43,5,filler,none,40,correct
Yes,Yes,43,5,filler,none,40,correct
Yes,Yes,43,5,filler,none,40,correct
Yes,Yes,43,5,filler,none,40,correct
Yes,Yes,43,5,filler,none,40,correct
Yes,Yes,43,5,filler,none,40,correct
Yes,Yes,43,5,filler,none,40,correct
No,No,44,5,filler,none,40,correct
No,No,44,5,filler,none,40,correct
No,No,44,5,filler,none,40,correct
No,No,44,5,filler,none,40,correct
No,No,44,5,filler,none,40,correct
No,No,44,5,filler,none,40,correct
No,No,44,5,filler,none,40,correct
No,No,44,5,filler,none,40,correct
No,No,44,5,filler,none,40,correct
No,No,44,5,filler,none,40,correct
No,No,44,5,filler,none,40,correct
No,No,46,5,filler,none,40,correct
No,No,46,5,filler,none,40,correct
No,No,46,5,filler,none,40,correct
No,No,46,5,filler,none,40,correct
No,No,46,5,filler,none,40,correct
No,No,46,5,filler,none,40,correct
No,No,46,5,filler,none,40,correct
No,No,46,5,filler,none,40,correct
No,No,46,5,filler,none,40,correct
No,No,46,5,filler,none,40,correct
No,No,46,5,filler,none,40,correct
Yes,Yes,48,5,filler,none,40,correct
Yes,Yes,48,5,filler,none,40,correct
Yes,Yes,48,5,filler,none,40,correct
Yes,Yes,48,5,filler,none,40,correct
Yes,Yes,48,5,filler,none,40,correct
Yes,Yes,48,5,filler,none,40,correct
Yes,Yes,48,5,filler,none,40,correct
Yes,Yes,48,5,filler,none,40,correct
Yes,Yes,48,5,filler,none,40,correct
Yes,Yes,48,5,filler,none,40,correct
Yes,Yes,48,5,filler,none,40,correct
No,No,50,5,filler,none,40,correct
No,No,50,5,filler,none,40,correct
No,No,50,5,filler,none,40,correct
No,No,50,5,filler,none,40,correct
No,No,50,5,filler,none,40,correct
No,No,50,5,filler,none,40,correct
No,No,50,5,filler,none,40,correct
No,No,50,5,filler,none,40,correct
No,No,50,5,filler,none,40,correct
No,No,50,5,filler,none,40,correct
No,No,50,5,filler,none,40,correct
Yes,Yes,52,5,filler,none,40,correct
Yes,Yes,52,5,filler,none,40,correct
Yes,Yes,52,5,filler,none,40,correct
Yes,Yes,52,5,filler,none,40,correct
Yes,Yes,52,5,filler,none,40,correct
Yes,Yes,52,5,filler,none,40,correct
Yes,Yes,52,5,filler,none,40,correct
Yes,Yes,52,5,filler,none,40,correct
Yes,Yes,52,5,filler,none,40,correct
Yes,Yes,52,5,filler,none,40,correct
Yes,Yes,52,5,filler,none,40,correct
No,No,53,5,filler,none,40,correct
No,No,53,5,filler,none,40,correct
No,No,53,5,filler,none,40,correct
No,No,53,5,filler,none,40,correct
No,No,53,5,filler,none,40,correct
No,No,53,5,filler,none,40,correct
No,No,53,5,filler,none,40,correct
No,No,53,5,filler,none,40,correct
No,No,53,5,filler,none,40,correct
No,No,53,5,filler,none,40,correct
No,No,53,5,filler,none,40,correct
Yes,Yes,58,5,filler,none,40,correct
Yes,Yes,58,5,filler,none,40,correct
Yes,Yes,58,5,filler,none,40,correct
Yes,Yes,58,5,filler,none,40,correct
Yes,Yes,58,5,filler,none,40,correct
Yes,Yes,58,5,filler,none,40,correct
Yes,Yes,58,5,filler,none,40,correct
Yes,Yes,58,5,filler,none,40,correct
Yes,Yes,58,5,filler,none,40,correct
Yes,Yes,58,5,filler,none,40,correct
Yes,Yes,58,5,filler,none,40,correct
Yes,Yes,58,5,filler,none,40,correct
No,No,59,5,filler,none,40,correct
No,No,59,5,filler,none,40,correct
No,No,59,5,filler,none,40,correct
No,No,59,5,filler,none,40,correct
No,No,59,5,filler,none,40,correct
No,No,59,5,filler,none,40,correct
No,No,59,5,filler,none,40,correct
No,No,59,5,filler,none,40,correct
No,No,59,5,filler,none,40,correct
No,No,59,5,filler,none,40,correct
No,No,59,5,filler,none,40,correct
No,No,59,5,filler,none,40,correct
No,No,59,5,filler,none,40,correct
No,No,62,5,filler,none,40,correct
No,No,62,5,filler,none,40,correct
No,No,62,5,filler,none,40,correct
No,No,62,5,filler,none,40,correct
No,No,62,5,filler,none,40,correct
No,No,62,5,filler,none,40,correct
No,No,62,5,filler,none,40,correct
No,No,62,5,filler,none,40,correct
No,No,62,5,filler,none,40,correct
No,No,62,5,filler,none,40,correct
No,No,62,5,filler,none,40,correct
No,No,62,5,filler,none,40,correct
Yes,Yes,64,5,filler,none,40,correct
Yes,Yes,64,5,filler,none,40,correct
Yes,Yes,64,5,filler,none,40,correct
Yes,Yes,64,5,filler,none,40,correct
Yes,Yes,64,5,filler,none,40,correct
Yes,Yes,64,5,filler,none,40,correct
Yes,Yes,64,5,filler,none,40,correct
Yes,Yes,64,5,filler,none,40,correct
Yes,Yes,64,5,filler,none,40,correct
Yes,Yes,64,5,filler,none,40,correct
Yes,Yes,64,5,filler,none,40,correct
Yes,Yes,64,5,filler,none,40,correct
No,No,66,5,filler,none,40,correct
No,No,66,5,filler,none,40,correct
No,No,66,5,filler,none,40,correct
No,No,66,5,filler,none,40,correct
No,No,66,5,filler,none,40,correct
No,No,66,5,filler,none,40,correct
No,No,66,5,filler,none,40,correct
No,No,66,5,filler,none,40,correct
No,No,66,5,filler,none,40,correct
No,No,66,5,filler,none,40,correct
No,No,66,5,filler,none,40,correct
No,No,66,5,filler,none,40,correct
No,No,68,5,filler,none,40,correct
No,No,68,5,filler,none,40,correct
No,No,68,5,filler,none,40,correct
No,No,68,5,filler,none,40,correct
No,No,68,5,filler,none,40,correct
No,No,68,5,filler,none,40,correct
No,No,68,5,filler,none,40,correct
No,No,68,5,filler,none,40,correct
No,No,68,5,filler,none,40,correct
No,No,68,5,filler,none,40,correct
No,No,68,5,filler,none,40,correct
No,No,68,5,filler,none,40,correct
No,No,69,5,filler,none,40,correct
No,No,69,5,filler,none,40,correct
No,No,69,5,filler,none,40,correct
No,No,69,5,filler,none,40,correct
No,No,69,5,filler,none,40,correct
No,No,69,5,filler,none,40,correct
No,No,69,5,filler,none,40,correct
No,No,69,5,filler,none,40,correct
No,No,69,5,filler,none,40,correct
No,No,69,5,filler,none,40,correct
No,No,69,5,filler,none,40,correct
No,No,69,5,filler,none,40,correct
Yes,Yes,72,5,filler,none,40,correct
Yes,Yes,72,5,filler,none,40,correct
Yes,Yes,72,5,filler,none,40,correct
Yes,Yes,72,5,filler,none,40,correct
Yes,Yes,72,5,filler,none,40,correct
Yes,Yes,72,5,filler,none,40,correct
Yes,Yes,72,5,filler,none,40,correct
Yes,Yes,72,5,filler,none,40,correct
Yes,Yes,72,5,filler,none,40,correct
Yes,Yes,72,5,filler,none,40,correct
Yes,Yes,72,5,filler,none,40,correct
Yes,Yes,72,5,filler,none,40,correct
No,No,73,5,filler,none,40,correct
No,No,73,5,filler,none,40,correct
No,No,73,5,filler,none,40,correct
No,No,73,5,filler,none,40,correct
No,No,73,5,filler,none,40,correct
No,No,73,5,filler,none,40,correct
No,No,73,5,filler,none,40,correct
No,No,73,5,filler,none,40,correct
No,No,73,5,filler,none,40,correct
No,No,73,5,filler,none,40,correct
No,No,73,5,filler,none,40,correct
No,No,73,5,filler,none,40,correct
No,No,73,5,filler,none,40,correct
Yes,Yes,74,5,filler,none,40,correct
Yes,Yes,74,5,filler,none,40,correct
Yes,Yes,74,5,filler,none,40,correct
Yes,Yes,74,5,filler,none,40,correct
Yes,Yes,74,5,filler,none,40,correct
Yes,Yes,74,5,filler,none,40,correct
Yes,Yes,74,5,filler,none,40,correct
Yes,Yes,74,5,filler,none,40,correct
Yes,Yes,74,5,filler,none,40,correct
Yes,Yes,74,5,filler,none,40,correct
Yes,Yes,74,5,filler,none,40,correct
Yes,Yes,74,5,filler,none,40,correct
Yes,Yes,74,5,filler,none,40,correct
Yes,Yes,75,5,filler,none,40,correct
Yes,Yes,75,5,filler,none,40,correct
Yes,Yes,75,5,filler,none,40,correct
Yes,Yes,75,5,filler,none,40,correct
Yes,Yes,75,5,filler,none,40,correct
Yes,Yes,75,5,filler,none,40,correct
Yes,Yes,75,5,filler,none,40,correct
Yes,Yes,75,5,filler,none,40,correct
Yes,Yes,75,5,filler,none,40,correct
Yes,Yes,75,5,filler,none,40,correct
Yes,Yes,75,5,filler,none,40,correct
Yes,Yes,75,5,filler,none,40,correct
Yes,Yes,75,5,filler,none,40,correct
Yes,Yes,77,5,filler,none,40,correct
Yes,Yes,77,5,filler,none,40,correct
Yes,Yes,77,5,filler,none,40,correct
Yes,Yes,77,5,filler,none,40,correct
Yes,Yes,77,5,filler,none,40,correct
Yes,Yes,77,5,filler,none,40,correct
Yes,Yes,77,5,filler,none,40,correct
Yes,Yes,77,5,filler,none,40,correct
Yes,Yes,77,5,filler,none,40,correct
Yes,Yes,77,5,filler,none,40,correct
Yes,Yes,77,5,filler,none,40,correct
Yes,Yes,77,5,filler,none,40,correct
Yes,Yes,77,5,filler,none,40,correct
No,No,78,5,filler,none,40,correct
No,No,78,5,filler,none,40,correct
No,No,78,5,filler,none,40,correct
No,No,78,5,filler,none,40,correct
No,No,78,5,filler,none,40,correct
No,No,78,5,filler,none,40,correct
No,No,78,5,filler,none,40,correct
No,No,78,5,filler,none,40,correct
No,No,78,5,filler,none,40,correct
No,No,78,5,filler,none,40,correct
No,No,78,5,filler,none,40,correct
No,No,78,5,filler,none,40,correct
No,No,78,5,filler,none,40,correct
No,No,80,5,filler,none,40,correct
No,No,80,5,filler,none,40,correct
No,No,80,5,filler,none,40,correct
No,No,80,5,filler,none,40,correct
No,No,80,5,filler,none,40,correct
No,No,80,5,filler,none,40,correct
No,No,80,5,filler,none,40,correct
No,No,80,5,filler,none,40,correct
No,No,80,5,filler,none,40,correct
No,No,80,5,filler,none,40,correct
No,No,80,5,filler,none,40,correct
No,No,80,5,filler,none,40,correct
No,No,80,5,filler,none,40,correct
No,No,82,5,filler,none,40,correct
No,No,82,5,filler,none,40,correct
No,No,82,5,filler,none,40,correct
No,No,82,5,filler,none,40,correct
No,No,82,5,filler,none,40,correct
No,No,82,5,filler,none,40,correct
No,No,82,5,filler,none,40,correct
No,No,82,5,filler,none,40,correct
No,No,82,5,filler,none,40,correct
No,No,82,5,filler,none,40,correct
No,No,82,5,filler,none,40,correct
No,No,82,5,filler,none,40,correct
No,No,82,5,filler,none,40,correct
No,No,84,5,filler,none,40,correct
No,No,84,5,filler,none,40,correct
No,No,84,5,filler,none,40,correct
No,No,84,5,filler,none,40,correct
No,No,84,5,filler,none,40,correct
No,No,84,5,filler,none,40,correct
No,No,84,5,filler,none,40,correct
No,No,84,5,filler,none,40,correct
No,No,84,5,filler,none,40,correct
No,No,84,5,filler,none,40,correct
No,No,84,5,filler,none,40,correct
No,No,84,5,filler,none,40,correct
No,No,84,5,filler,none,40,correct
No,No,87,5,filler,none,40,correct
No,No,87,5,filler,none,40,correct
No,No,87,5,filler,none,40,correct
No,No,87,5,filler,none,40,correct
No,No,87,5,filler,none,40,correct
No,No,87,5,filler,none,40,correct
No,No,87,5,filler,none,40,correct
No,No,87,5,filler,none,40,correct
No,No,87,5,filler,none,40,correct
No,No,87,5,filler,none,40,correct
No,No,87,5,filler,none,40,correct
No,No,87,5,filler,none,40,correct
No,No,87,5,filler,none,40,correct
No,No,89,5,filler,none,40,correct
No,No,89,5,filler,none,40,correct
No,No,89,5,filler,none,40,correct
No,No,89,5,filler,none,40,correct
No,No,89,5,filler,none,40,correct
No,No,89,5,filler,none,40,correct
No,No,89,5,filler,none,40,correct
No,No,89,5,filler,none,40,correct
No,No,89,5,filler,none,40,correct
No,No,89,5,filler,none,40,correct
No,No,89,5,filler,none,40,correct
No,No,89,5,filler,none,40,correct
No,No,89,5,filler,none,40,correct
Yes,Yes,1,6,nomove,DP,41,correct
Yes,Yes,1,6,nomove,DP,41,correct
Yes,Yes,1,6,nomove,DP,41,correct
Yes,Yes,1,6,nomove,DP,41,correct
Yes,Yes,1,6,nomove,DP,41,correct
Yes,Yes,2,6,nomove,unacc,41,correct
Yes,Yes,2,6,nomove,unacc,41,correct
Yes,Yes,2,6,nomove,unacc,41,correct
Yes,Yes,2,6,nomove,unacc,41,correct
Yes,Yes,2,6,nomove,unacc,41,correct
No,No,5,6,move,unacc,41,correct
No,No,5,6,move,unacc,41,correct
No,No,5,6,move,unacc,41,correct
No,No,5,6,move,unacc,41,correct
No,No,5,6,move,unacc,41,correct
Yes,Yes,6,6,move,CP,41,correct
Yes,Yes,6,6,move,CP,41,correct
Yes,Yes,6,6,move,CP,41,correct
Yes,Yes,6,6,move,CP,41,correct
Yes,Yes,6,6,move,CP,41,correct
Yes,Yes,7,6,nomove,DP,41,correct
Yes,Yes,7,6,nomove,DP,41,correct
Yes,Yes,7,6,nomove,DP,41,correct
Yes,Yes,7,6,nomove,DP,41,correct
Yes,Yes,7,6,nomove,DP,41,correct
Yes,Yes,11,6,move,unacc,41,correct
Yes,Yes,11,6,move,unacc,41,correct
Yes,Yes,11,6,move,unacc,41,correct
Yes,Yes,11,6,move,unacc,41,correct
Yes,Yes,11,6,move,unacc,41,correct
Yes,Yes,13,6,nomove,DP,41,correct
Yes,Yes,13,6,nomove,DP,41,correct
Yes,Yes,13,6,nomove,DP,41,correct
Yes,Yes,13,6,nomove,DP,41,correct
Yes,Yes,13,6,nomove,DP,41,correct
Yes,Yes,14,6,nomove,unacc,41,correct
Yes,Yes,14,6,nomove,unacc,41,correct
Yes,Yes,14,6,nomove,unacc,41,correct
Yes,Yes,14,6,nomove,unacc,41,correct
Yes,Yes,14,6,nomove,unacc,41,correct
Yes,Yes,17,6,move,DP,41,correct
Yes,Yes,17,6,move,DP,41,correct
Yes,Yes,17,6,move,DP,41,correct
Yes,Yes,17,6,move,DP,41,correct
Yes,Yes,17,6,move,DP,41,correct
Yes,Yes,19,6,nomove,DP,41,correct
Yes,Yes,19,6,nomove,DP,41,correct
Yes,Yes,19,6,nomove,DP,41,correct
Yes,Yes,19,6,nomove,DP,41,correct
Yes,Yes,19,6,nomove,DP,41,correct
Yes,Yes,21,6,nomove,CP,41,correct
Yes,Yes,21,6,nomove,CP,41,correct
Yes,Yes,21,6,nomove,CP,41,correct
Yes,Yes,21,6,nomove,CP,41,correct
Yes,Yes,21,6,nomove,CP,41,correct
Yes,Yes,22,6,move,DP,41,correct
Yes,Yes,22,6,move,DP,41,correct
Yes,Yes,22,6,move,DP,41,correct
Yes,Yes,22,6,move,DP,41,correct
Yes,Yes,22,6,move,DP,41,correct
No,No,25,6,nomove,DP,41,correct
No,No,25,6,nomove,DP,41,correct
No,No,25,6,nomove,DP,41,correct
No,No,25,6,nomove,DP,41,correct
No,No,25,6,nomove,DP,41,correct
Yes,Yes,30,6,move,CP,41,correct
Yes,Yes,30,6,move,CP,41,correct
Yes,Yes,30,6,move,CP,41,correct
Yes,Yes,30,6,move,CP,41,correct
Yes,Yes,30,6,move,CP,41,correct
No,No,31,6,nomove,DP,41,correct
No,No,31,6,nomove,DP,41,correct
No,No,31,6,nomove,DP,41,correct
No,No,31,6,nomove,DP,41,correct
No,No,31,6,nomove,DP,41,correct
Yes,Yes,32,6,nomove,unacc,41,correct
Yes,Yes,32,6,nomove,unacc,41,correct
Yes,Yes,32,6,nomove,unacc,41,correct
Yes,Yes,32,6,nomove,unacc,41,correct
Yes,Yes,32,6,nomove,unacc,41,correct
No,No,33,6,nomove,CP,41,correct
No,No,33,6,nomove,CP,41,correct
No,No,33,6,nomove,CP,41,correct
No,No,33,6,nomove,CP,41,correct
No,No,33,6,nomove,CP,41,correct
Yes,Yes,35,6,move,unacc,41,correct
Yes,Yes,35,6,move,unacc,41,correct
Yes,Yes,35,6,move,unacc,41,correct
Yes,Yes,35,6,move,unacc,41,correct
Yes,Yes,35,6,move,unacc,41,correct
No,No,37,6,filler,none,41,correct
No,No,37,6,filler,none,41,correct
No,No,37,6,filler,none,41,correct
No,No,37,6,filler,none,41,correct
No,No,37,6,filler,none,41,correct
No,No,37,6,filler,none,41,correct
No,No,37,6,filler,none,41,correct
No,No,37,6,filler,none,41,correct
No,No,37,6,filler,none,41,correct
No,No,37,6,filler,none,41,correct
No,No,37,6,filler,none,41,correct
No,No,38,6,filler,none,41,correct
No,No,38,6,filler,none,41,correct
No,No,38,6,filler,none,41,correct
No,No,38,6,filler,none,41,correct
No,No,38,6,filler,none,41,correct
No,No,38,6,filler,none,41,correct
No,No,38,6,filler,none,41,correct
No,No,38,6,filler,none,41,correct
No,No,38,6,filler,none,41,correct
No,No,38,6,filler,none,41,correct
No,No,38,6,filler,none,41,correct
No,No,39,6,filler,none,41,correct
No,No,39,6,filler,none,41,correct
No,No,39,6,filler,none,41,correct
No,No,39,6,filler,none,41,correct
No,No,39,6,filler,none,41,correct
No,No,39,6,filler,none,41,correct
No,No,39,6,filler,none,41,correct
No,No,39,6,filler,none,41,correct
No,No,39,6,filler,none,41,correct
No,No,39,6,filler,none,41,correct
No,No,39,6,filler,none,41,correct
Yes,Yes,43,6,filler,none,41,correct
Yes,Yes,43,6,filler,none,41,correct
Yes,Yes,43,6,filler,none,41,correct
Yes,Yes,43,6,filler,none,41,correct
Yes,Yes,43,6,filler,none,41,correct
Yes,Yes,43,6,filler,none,41,correct
Yes,Yes,43,6,filler,none,41,correct
Yes,Yes,43,6,filler,none,41,correct
Yes,Yes,43,6,filler,none,41,correct
Yes,Yes,43,6,filler,none,41,correct
Yes,Yes,43,6,filler,none,41,correct
No,No,44,6,filler,none,41,correct
No,No,44,6,filler,none,41,correct
No,No,44,6,filler,none,41,correct
No,No,44,6,filler,none,41,correct
No,No,44,6,filler,none,41,correct
No,No,44,6,filler,none,41,correct
No,No,44,6,filler,none,41,correct
No,No,44,6,filler,none,41,correct
No,No,44,6,filler,none,41,correct
No,No,44,6,filler,none,41,correct
No,No,44,6,filler,none,41,correct
No,No,46,6,filler,none,41,correct
No,No,46,6,filler,none,41,correct
No,No,46,6,filler,none,41,correct
No,No,46,6,filler,none,41,correct
No,No,46,6,filler,none,41,correct
No,No,46,6,filler,none,41,correct
No,No,46,6,filler,none,41,correct
No,No,46,6,filler,none,41,correct
No,No,46,6,filler,none,41,correct
No,No,46,6,filler,none,41,correct
No,No,46,6,filler,none,41,correct
Yes,Yes,48,6,filler,none,41,correct
Yes,Yes,48,6,filler,none,41,correct
Yes,Yes,48,6,filler,none,41,correct
Yes,Yes,48,6,filler,none,41,correct
Yes,Yes,48,6,filler,none,41,correct
Yes,Yes,48,6,filler,none,41,correct
Yes,Yes,48,6,filler,none,41,correct
Yes,Yes,48,6,filler,none,41,correct
Yes,Yes,48,6,filler,none,41,correct
Yes,Yes,48,6,filler,none,41,correct
Yes,Yes,48,6,filler,none,41,correct
No,No,50,6,filler,none,41,correct
No,No,50,6,filler,none,41,correct
No,No,50,6,filler,none,41,correct
No,No,50,6,filler,none,41,correct
No,No,50,6,filler,none,41,correct
No,No,50,6,filler,none,41,correct
No,No,50,6,filler,none,41,correct
No,No,50,6,filler,none,41,correct
No,No,50,6,filler,none,41,correct
No,No,50,6,filler,none,41,correct
No,No,50,6,filler,none,41,correct
Yes,Yes,52,6,filler,none,41,correct
Yes,Yes,52,6,filler,none,41,correct
Yes,Yes,52,6,filler,none,41,correct
Yes,Yes,52,6,filler,none,41,correct
Yes,Yes,52,6,filler,none,41,correct
Yes,Yes,52,6,filler,none,41,correct
Yes,Yes,52,6,filler,none,41,correct
Yes,Yes,52,6,filler,none,41,correct
Yes,Yes,52,6,filler,none,41,correct
Yes,Yes,52,6,filler,none,41,correct
Yes,Yes,52,6,filler,none,41,correct
No,No,53,6,filler,none,41,correct
No,No,53,6,filler,none,41,correct
No,No,53,6,filler,none,41,correct
No,No,53,6,filler,none,41,correct
No,No,53,6,filler,none,41,correct
No,No,53,6,filler,none,41,correct
No,No,53,6,filler,none,41,correct
No,No,53,6,filler,none,41,correct
No,No,53,6,filler,none,41,correct
No,No,53,6,filler,none,41,correct
No,No,53,6,filler,none,41,correct
Yes,Yes,58,6,filler,none,41,correct
Yes,Yes,58,6,filler,none,41,correct
Yes,Yes,58,6,filler,none,41,correct
Yes,Yes,58,6,filler,none,41,correct
Yes,Yes,58,6,filler,none,41,correct
Yes,Yes,58,6,filler,none,41,correct
Yes,Yes,58,6,filler,none,41,correct
Yes,Yes,58,6,filler,none,41,correct
Yes,Yes,58,6,filler,none,41,correct
Yes,Yes,58,6,filler,none,41,correct
Yes,Yes,58,6,filler,none,41,correct
Yes,Yes,58,6,filler,none,41,correct
No,No,59,6,filler,none,41,correct
No,No,59,6,filler,none,41,correct
No,No,59,6,filler,none,41,correct
No,No,59,6,filler,none,41,correct
No,No,59,6,filler,none,41,correct
No,No,59,6,filler,none,41,correct
No,No,59,6,filler,none,41,correct
No,No,59,6,filler,none,41,correct
No,No,59,6,filler,none,41,correct
No,No,59,6,filler,none,41,correct
No,No,59,6,filler,none,41,correct
No,No,59,6,filler,none,41,correct
No,No,59,6,filler,none,41,correct
No,No,62,6,filler,none,41,correct
No,No,62,6,filler,none,41,correct
No,No,62,6,filler,none,41,correct
No,No,62,6,filler,none,41,correct
No,No,62,6,filler,none,41,correct
No,No,62,6,filler,none,41,correct
No,No,62,6,filler,none,41,correct
No,No,62,6,filler,none,41,correct
No,No,62,6,filler,none,41,correct
No,No,62,6,filler,none,41,correct
No,No,62,6,filler,none,41,correct
No,No,62,6,filler,none,41,correct
Yes,Yes,64,6,filler,none,41,correct
Yes,Yes,64,6,filler,none,41,correct
Yes,Yes,64,6,filler,none,41,correct
Yes,Yes,64,6,filler,none,41,correct
Yes,Yes,64,6,filler,none,41,correct
Yes,Yes,64,6,filler,none,41,correct
Yes,Yes,64,6,filler,none,41,correct
Yes,Yes,64,6,filler,none,41,correct
Yes,Yes,64,6,filler,none,41,correct
Yes,Yes,64,6,filler,none,41,correct
Yes,Yes,64,6,filler,none,41,correct
Yes,Yes,64,6,filler,none,41,correct
No,No,66,6,filler,none,41,correct
No,No,66,6,filler,none,41,correct
No,No,66,6,filler,none,41,correct
No,No,66,6,filler,none,41,correct
No,No,66,6,filler,none,41,correct
No,No,66,6,filler,none,41,correct
No,No,66,6,filler,none,41,correct
No,No,66,6,filler,none,41,correct
No,No,66,6,filler,none,41,correct
No,No,66,6,filler,none,41,correct
No,No,66,6,filler,none,41,correct
No,No,66,6,filler,none,41,correct
No,No,68,6,filler,none,41,correct
No,No,68,6,filler,none,41,correct
No,No,68,6,filler,none,41,correct
No,No,68,6,filler,none,41,correct
No,No,68,6,filler,none,41,correct
No,No,68,6,filler,none,41,correct
No,No,68,6,filler,none,41,correct
No,No,68,6,filler,none,41,correct
No,No,68,6,filler,none,41,correct
No,No,68,6,filler,none,41,correct
No,No,68,6,filler,none,41,correct
No,No,68,6,filler,none,41,correct
No,No,69,6,filler,none,41,correct
No,No,69,6,filler,none,41,correct
No,No,69,6,filler,none,41,correct
No,No,69,6,filler,none,41,correct
No,No,69,6,filler,none,41,correct
No,No,69,6,filler,none,41,correct
No,No,69,6,filler,none,41,correct
No,No,69,6,filler,none,41,correct
No,No,69,6,filler,none,41,correct
No,No,69,6,filler,none,41,correct
No,No,69,6,filler,none,41,correct
No,No,69,6,filler,none,41,correct
Yes,Yes,72,6,filler,none,41,correct
Yes,Yes,72,6,filler,none,41,correct
Yes,Yes,72,6,filler,none,41,correct
Yes,Yes,72,6,filler,none,41,correct
Yes,Yes,72,6,filler,none,41,correct
Yes,Yes,72,6,filler,none,41,correct
Yes,Yes,72,6,filler,none,41,correct
Yes,Yes,72,6,filler,none,41,correct
Yes,Yes,72,6,filler,none,41,correct
Yes,Yes,72,6,filler,none,41,correct
Yes,Yes,72,6,filler,none,41,correct
Yes,Yes,72,6,filler,none,41,correct
No,No,73,6,filler,none,41,correct
No,No,73,6,filler,none,41,correct
No,No,73,6,filler,none,41,correct
No,No,73,6,filler,none,41,correct
No,No,73,6,filler,none,41,correct
No,No,73,6,filler,none,41,correct
No,No,73,6,filler,none,41,correct
No,No,73,6,filler,none,41,correct
No,No,73,6,filler,none,41,correct
No,No,73,6,filler,none,41,correct
No,No,73,6,filler,none,41,correct
No,No,73,6,filler,none,41,correct
No,No,73,6,filler,none,41,correct
Yes,Yes,74,6,filler,none,41,correct
Yes,Yes,74,6,filler,none,41,correct
Yes,Yes,74,6,filler,none,41,correct
Yes,Yes,74,6,filler,none,41,correct
Yes,Yes,74,6,filler,none,41,correct
Yes,Yes,74,6,filler,none,41,correct
Yes,Yes,74,6,filler,none,41,correct
Yes,Yes,74,6,filler,none,41,correct
Yes,Yes,74,6,filler,none,41,correct
Yes,Yes,74,6,filler,none,41,correct
Yes,Yes,74,6,filler,none,41,correct
Yes,Yes,74,6,filler,none,41,correct
Yes,Yes,74,6,filler,none,41,correct
Yes,Yes,75,6,filler,none,41,correct
Yes,Yes,75,6,filler,none,41,correct
Yes,Yes,75,6,filler,none,41,correct
Yes,Yes,75,6,filler,none,41,correct
Yes,Yes,75,6,filler,none,41,correct
Yes,Yes,75,6,filler,none,41,correct
Yes,Yes,75,6,filler,none,41,correct
Yes,Yes,75,6,filler,none,41,correct
Yes,Yes,75,6,filler,none,41,correct
Yes,Yes,75,6,filler,none,41,correct
Yes,Yes,75,6,filler,none,41,correct
Yes,Yes,75,6,filler,none,41,correct
Yes,Yes,75,6,filler,none,41,correct
Yes,Yes,77,6,filler,none,41,correct
Yes,Yes,77,6,filler,none,41,correct
Yes,Yes,77,6,filler,none,41,correct
Yes,Yes,77,6,filler,none,41,correct
Yes,Yes,77,6,filler,none,41,correct
Yes,Yes,77,6,filler,none,41,correct
Yes,Yes,77,6,filler,none,41,correct
Yes,Yes,77,6,filler,none,41,correct
Yes,Yes,77,6,filler,none,41,correct
Yes,Yes,77,6,filler,none,41,correct
Yes,Yes,77,6,filler,none,41,correct
Yes,Yes,77,6,filler,none,41,correct
Yes,Yes,77,6,filler,none,41,correct
No,No,78,6,filler,none,41,correct
No,No,78,6,filler,none,41,correct
No,No,78,6,filler,none,41,correct
No,No,78,6,filler,none,41,correct
No,No,78,6,filler,none,41,correct
No,No,78,6,filler,none,41,correct
No,No,78,6,filler,none,41,correct
No,No,78,6,filler,none,41,correct
No,No,78,6,filler,none,41,correct
No,No,78,6,filler,none,41,correct
No,No,78,6,filler,none,41,correct
No,No,78,6,filler,none,41,correct
No,No,78,6,filler,none,41,correct
No,No,80,6,filler,none,41,correct
No,No,80,6,filler,none,41,correct
No,No,80,6,filler,none,41,correct
No,No,80,6,filler,none,41,correct
No,No,80,6,filler,none,41,correct
No,No,80,6,filler,none,41,correct
No,No,80,6,filler,none,41,correct
No,No,80,6,filler,none,41,correct
No,No,80,6,filler,none,41,correct
No,No,80,6,filler,none,41,correct
No,No,80,6,filler,none,41,correct
No,No,80,6,filler,none,41,correct
No,No,80,6,filler,none,41,correct
No,No,82,6,filler,none,41,correct
No,No,82,6,filler,none,41,correct
No,No,82,6,filler,none,41,correct
No,No,82,6,filler,none,41,correct
No,No,82,6,filler,none,41,correct
No,No,82,6,filler,none,41,correct
No,No,82,6,filler,none,41,correct
No,No,82,6,filler,none,41,correct
No,No,82,6,filler,none,41,correct
No,No,82,6,filler,none,41,correct
No,No,82,6,filler,none,41,correct
No,No,82,6,filler,none,41,correct
No,No,82,6,filler,none,41,correct
No,No,84,6,filler,none,41,correct
No,No,84,6,filler,none,41,correct
No,No,84,6,filler,none,41,correct
No,No,84,6,filler,none,41,correct
No,No,84,6,filler,none,41,correct
No,No,84,6,filler,none,41,correct
No,No,84,6,filler,none,41,correct
No,No,84,6,filler,none,41,correct
No,No,84,6,filler,none,41,correct
No,No,84,6,filler,none,41,correct
No,No,84,6,filler,none,41,correct
No,No,84,6,filler,none,41,correct
No,No,84,6,filler,none,41,correct
No,No,87,6,filler,none,41,correct
No,No,87,6,filler,none,41,correct
No,No,87,6,filler,none,41,correct
No,No,87,6,filler,none,41,correct
No,No,87,6,filler,none,41,correct
No,No,87,6,filler,none,41,correct
No,No,87,6,filler,none,41,correct
No,No,87,6,filler,none,41,correct
No,No,87,6,filler,none,41,correct
No,No,87,6,filler,none,41,correct
No,No,87,6,filler,none,41,correct
No,No,87,6,filler,none,41,correct
No,No,87,6,filler,none,41,correct
No,No,89,6,filler,none,41,correct
No,No,89,6,filler,none,41,correct
No,No,89,6,filler,none,41,correct
No,No,89,6,filler,none,41,correct
No,No,89,6,filler,none,41,correct
No,No,89,6,filler,none,41,correct
No,No,89,6,filler,none,41,correct
No,No,89,6,filler,none,41,correct
No,No,89,6,filler,none,41,correct
No,No,89,6,filler,none,41,correct
No,No,89,6,filler,none,41,correct
No,No,89,6,filler,none,41,correct
No,No,89,6,filler,none,41,correct
No,Yes,1,2,move,unacc,43,incorrect
No,Yes,1,2,move,unacc,43,incorrect
No,Yes,1,2,move,unacc,43,incorrect
No,Yes,1,2,move,unacc,43,incorrect
No,Yes,1,2,move,unacc,43,incorrect
Yes,Yes,2,2,move,CP,43,correct
Yes,Yes,2,2,move,CP,43,correct
Yes,Yes,2,2,move,CP,43,correct
Yes,Yes,2,2,move,CP,43,correct
Yes,Yes,2,2,move,CP,43,correct
No,No,5,2,nomove,CP,43,correct
No,No,5,2,nomove,CP,43,correct
No,No,5,2,nomove,CP,43,correct
No,No,5,2,nomove,CP,43,correct
No,No,5,2,nomove,CP,43,correct
No,Yes,6,2,move,DP,43,incorrect
No,Yes,6,2,move,DP,43,incorrect
No,Yes,6,2,move,DP,43,incorrect
No,Yes,6,2,move,DP,43,incorrect
No,Yes,6,2,move,DP,43,incorrect
Yes,Yes,7,2,move,unacc,43,correct
Yes,Yes,7,2,move,unacc,43,correct
Yes,Yes,7,2,move,unacc,43,correct
Yes,Yes,7,2,move,unacc,43,correct
Yes,Yes,7,2,move,unacc,43,correct
Yes,Yes,11,2,nomove,CP,43,correct
Yes,Yes,11,2,nomove,CP,43,correct
Yes,Yes,11,2,nomove,CP,43,correct
Yes,Yes,11,2,nomove,CP,43,correct
Yes,Yes,11,2,nomove,CP,43,correct
Yes,Yes,13,2,move,unacc,43,correct
Yes,Yes,13,2,move,unacc,43,correct
Yes,Yes,13,2,move,unacc,43,correct
Yes,Yes,13,2,move,unacc,43,correct
Yes,Yes,13,2,move,unacc,43,correct
Yes,Yes,14,2,move,CP,43,correct
Yes,Yes,14,2,move,CP,43,correct
Yes,Yes,14,2,move,CP,43,correct
Yes,Yes,14,2,move,CP,43,correct
Yes,Yes,14,2,move,CP,43,correct
Yes,Yes,17,2,nomove,unacc,43,correct
Yes,Yes,17,2,nomove,unacc,43,correct
Yes,Yes,17,2,nomove,unacc,43,correct
Yes,Yes,17,2,nomove,unacc,43,correct
Yes,Yes,17,2,nomove,unacc,43,correct
Yes,Yes,19,2,move,unacc,43,correct
Yes,Yes,19,2,move,unacc,43,correct
Yes,Yes,19,2,move,unacc,43,correct
Yes,Yes,19,2,move,unacc,43,correct
Yes,Yes,19,2,move,unacc,43,correct
Yes,Yes,21,2,nomove,DP,43,correct
Yes,Yes,21,2,nomove,DP,43,correct
Yes,Yes,21,2,nomove,DP,43,correct
Yes,Yes,21,2,nomove,DP,43,correct
Yes,Yes,21,2,nomove,DP,43,correct
No,Yes,22,2,nomove,unacc,43,incorrect
No,Yes,22,2,nomove,unacc,43,incorrect
No,Yes,22,2,nomove,unacc,43,incorrect
No,Yes,22,2,nomove,unacc,43,incorrect
No,Yes,22,2,nomove,unacc,43,incorrect
No,No,25,2,move,unacc,43,correct
No,No,25,2,move,unacc,43,correct
No,No,25,2,move,unacc,43,correct
No,No,25,2,move,unacc,43,correct
No,No,25,2,move,unacc,43,correct
Yes,Yes,30,2,move,DP,43,correct
Yes,Yes,30,2,move,DP,43,correct
Yes,Yes,30,2,move,DP,43,correct
Yes,Yes,30,2,move,DP,43,correct
Yes,Yes,30,2,move,DP,43,correct
Yes,No,31,2,move,unacc,43,incorrect
Yes,No,31,2,move,unacc,43,incorrect
Yes,No,31,2,move,unacc,43,incorrect
Yes,No,31,2,move,unacc,43,incorrect
Yes,No,31,2,move,unacc,43,incorrect
Yes,Yes,32,2,move,CP,43,correct
Yes,Yes,32,2,move,CP,43,correct
Yes,Yes,32,2,move,CP,43,correct
Yes,Yes,32,2,move,CP,43,correct
Yes,Yes,32,2,move,CP,43,correct
No,No,33,2,nomove,DP,43,correct
No,No,33,2,nomove,DP,43,correct
No,No,33,2,nomove,DP,43,correct
No,No,33,2,nomove,DP,43,correct
No,No,33,2,nomove,DP,43,correct
Yes,Yes,35,2,nomove,CP,43,correct
Yes,Yes,35,2,nomove,CP,43,correct
Yes,Yes,35,2,nomove,CP,43,correct
Yes,Yes,35,2,nomove,CP,43,correct
Yes,Yes,35,2,nomove,CP,43,correct
No,No,37,2,filler,none,43,correct
No,No,37,2,filler,none,43,correct
No,No,37,2,filler,none,43,correct
No,No,37,2,filler,none,43,correct
No,No,37,2,filler,none,43,correct
No,No,37,2,filler,none,43,correct
No,No,37,2,filler,none,43,correct
No,No,37,2,filler,none,43,correct
No,No,37,2,filler,none,43,correct
No,No,37,2,filler,none,43,correct
No,No,37,2,filler,none,43,correct
No,No,38,2,filler,none,43,correct
No,No,38,2,filler,none,43,correct
No,No,38,2,filler,none,43,correct
No,No,38,2,filler,none,43,correct
No,No,38,2,filler,none,43,correct
No,No,38,2,filler,none,43,correct
No,No,38,2,filler,none,43,correct
No,No,38,2,filler,none,43,correct
No,No,38,2,filler,none,43,correct
No,No,38,2,filler,none,43,correct
No,No,38,2,filler,none,43,correct
No,No,39,2,filler,none,43,correct
No,No,39,2,filler,none,43,correct
No,No,39,2,filler,none,43,correct
No,No,39,2,filler,none,43,correct
No,No,39,2,filler,none,43,correct
No,No,39,2,filler,none,43,correct
No,No,39,2,filler,none,43,correct
No,No,39,2,filler,none,43,correct
No,No,39,2,filler,none,43,correct
No,No,39,2,filler,none,43,correct
No,No,39,2,filler,none,43,correct
Yes,Yes,43,2,filler,none,43,correct
Yes,Yes,43,2,filler,none,43,correct
Yes,Yes,43,2,filler,none,43,correct
Yes,Yes,43,2,filler,none,43,correct
Yes,Yes,43,2,filler,none,43,correct
Yes,Yes,43,2,filler,none,43,correct
Yes,Yes,43,2,filler,none,43,correct
Yes,Yes,43,2,filler,none,43,correct
Yes,Yes,43,2,filler,none,43,correct
Yes,Yes,43,2,filler,none,43,correct
Yes,Yes,43,2,filler,none,43,correct
No,No,44,2,filler,none,43,correct
No,No,44,2,filler,none,43,correct
No,No,44,2,filler,none,43,correct
No,No,44,2,filler,none,43,correct
No,No,44,2,filler,none,43,correct
No,No,44,2,filler,none,43,correct
No,No,44,2,filler,none,43,correct
No,No,44,2,filler,none,43,correct
No,No,44,2,filler,none,43,correct
No,No,44,2,filler,none,43,correct
No,No,44,2,filler,none,43,correct
No,No,46,2,filler,none,43,correct
No,No,46,2,filler,none,43,correct
No,No,46,2,filler,none,43,correct
No,No,46,2,filler,none,43,correct
No,No,46,2,filler,none,43,correct
No,No,46,2,filler,none,43,correct
No,No,46,2,filler,none,43,correct
No,No,46,2,filler,none,43,correct
No,No,46,2,filler,none,43,correct
No,No,46,2,filler,none,43,correct
No,No,46,2,filler,none,43,correct
Yes,Yes,48,2,filler,none,43,correct
Yes,Yes,48,2,filler,none,43,correct
Yes,Yes,48,2,filler,none,43,correct
Yes,Yes,48,2,filler,none,43,correct
Yes,Yes,48,2,filler,none,43,correct
Yes,Yes,48,2,filler,none,43,correct
Yes,Yes,48,2,filler,none,43,correct
Yes,Yes,48,2,filler,none,43,correct
Yes,Yes,48,2,filler,none,43,correct
Yes,Yes,48,2,filler,none,43,correct
Yes,Yes,48,2,filler,none,43,correct
No,No,50,2,filler,none,43,correct
No,No,50,2,filler,none,43,correct
No,No,50,2,filler,none,43,correct
No,No,50,2,filler,none,43,correct
No,No,50,2,filler,none,43,correct
No,No,50,2,filler,none,43,correct
No,No,50,2,filler,none,43,correct
No,No,50,2,filler,none,43,correct
No,No,50,2,filler,none,43,correct
No,No,50,2,filler,none,43,correct
No,No,50,2,filler,none,43,correct
Yes,Yes,52,2,filler,none,43,correct
Yes,Yes,52,2,filler,none,43,correct
Yes,Yes,52,2,filler,none,43,correct
Yes,Yes,52,2,filler,none,43,correct
Yes,Yes,52,2,filler,none,43,correct
Yes,Yes,52,2,filler,none,43,correct
Yes,Yes,52,2,filler,none,43,correct
Yes,Yes,52,2,filler,none,43,correct
Yes,Yes,52,2,filler,none,43,correct
Yes,Yes,52,2,filler,none,43,correct
Yes,Yes,52,2,filler,none,43,correct
No,No,53,2,filler,none,43,correct
No,No,53,2,filler,none,43,correct
No,No,53,2,filler,none,43,correct
No,No,53,2,filler,none,43,correct
No,No,53,2,filler,none,43,correct
No,No,53,2,filler,none,43,correct
No,No,53,2,filler,none,43,correct
No,No,53,2,filler,none,43,correct
No,No,53,2,filler,none,43,correct
No,No,53,2,filler,none,43,correct
No,No,53,2,filler,none,43,correct
Yes,Yes,58,2,filler,none,43,correct
Yes,Yes,58,2,filler,none,43,correct
Yes,Yes,58,2,filler,none,43,correct
Yes,Yes,58,2,filler,none,43,correct
Yes,Yes,58,2,filler,none,43,correct
Yes,Yes,58,2,filler,none,43,correct
Yes,Yes,58,2,filler,none,43,correct
Yes,Yes,58,2,filler,none,43,correct
Yes,Yes,58,2,filler,none,43,correct
Yes,Yes,58,2,filler,none,43,correct
Yes,Yes,58,2,filler,none,43,correct
Yes,Yes,58,2,filler,none,43,correct
No,No,59,2,filler,none,43,correct
No,No,59,2,filler,none,43,correct
No,No,59,2,filler,none,43,correct
No,No,59,2,filler,none,43,correct
No,No,59,2,filler,none,43,correct
No,No,59,2,filler,none,43,correct
No,No,59,2,filler,none,43,correct
No,No,59,2,filler,none,43,correct
No,No,59,2,filler,none,43,correct
No,No,59,2,filler,none,43,correct
No,No,59,2,filler,none,43,correct
No,No,59,2,filler,none,43,correct
No,No,59,2,filler,none,43,correct
No,No,62,2,filler,none,43,correct
No,No,62,2,filler,none,43,correct
No,No,62,2,filler,none,43,correct
No,No,62,2,filler,none,43,correct
No,No,62,2,filler,none,43,correct
No,No,62,2,filler,none,43,correct
No,No,62,2,filler,none,43,correct
No,No,62,2,filler,none,43,correct
No,No,62,2,filler,none,43,correct
No,No,62,2,filler,none,43,correct
No,No,62,2,filler,none,43,correct
No,No,62,2,filler,none,43,correct
Yes,Yes,64,2,filler,none,43,correct
Yes,Yes,64,2,filler,none,43,correct
Yes,Yes,64,2,filler,none,43,correct
Yes,Yes,64,2,filler,none,43,correct
Yes,Yes,64,2,filler,none,43,correct
Yes,Yes,64,2,filler,none,43,correct
Yes,Yes,64,2,filler,none,43,correct
Yes,Yes,64,2,filler,none,43,correct
Yes,Yes,64,2,filler,none,43,correct
Yes,Yes,64,2,filler,none,43,correct
Yes,Yes,64,2,filler,none,43,correct
Yes,Yes,64,2,filler,none,43,correct
No,No,66,2,filler,none,43,correct
No,No,66,2,filler,none,43,correct
No,No,66,2,filler,none,43,correct
No,No,66,2,filler,none,43,correct
No,No,66,2,filler,none,43,correct
No,No,66,2,filler,none,43,correct
No,No,66,2,filler,none,43,correct
No,No,66,2,filler,none,43,correct
No,No,66,2,filler,none,43,correct
No,No,66,2,filler,none,43,correct
No,No,66,2,filler,none,43,correct
No,No,66,2,filler,none,43,correct
No,No,68,2,filler,none,43,correct
No,No,68,2,filler,none,43,correct
No,No,68,2,filler,none,43,correct
No,No,68,2,filler,none,43,correct
No,No,68,2,filler,none,43,correct
No,No,68,2,filler,none,43,correct
No,No,68,2,filler,none,43,correct
No,No,68,2,filler,none,43,correct
No,No,68,2,filler,none,43,correct
No,No,68,2,filler,none,43,correct
No,No,68,2,filler,none,43,correct
No,No,68,2,filler,none,43,correct
Yes,No,69,2,filler,none,43,incorrect
Yes,No,69,2,filler,none,43,incorrect
Yes,No,69,2,filler,none,43,incorrect
Yes,No,69,2,filler,none,43,incorrect
Yes,No,69,2,filler,none,43,incorrect
Yes,No,69,2,filler,none,43,incorrect
Yes,No,69,2,filler,none,43,incorrect
Yes,No,69,2,filler,none,43,incorrect
Yes,No,69,2,filler,none,43,incorrect
Yes,No,69,2,filler,none,43,incorrect
Yes,No,69,2,filler,none,43,incorrect
Yes,No,69,2,filler,none,43,incorrect
Yes,Yes,72,2,filler,none,43,correct
Yes,Yes,72,2,filler,none,43,correct
Yes,Yes,72,2,filler,none,43,correct
Yes,Yes,72,2,filler,none,43,correct
Yes,Yes,72,2,filler,none,43,correct
Yes,Yes,72,2,filler,none,43,correct
Yes,Yes,72,2,filler,none,43,correct
Yes,Yes,72,2,filler,none,43,correct
Yes,Yes,72,2,filler,none,43,correct
Yes,Yes,72,2,filler,none,43,correct
Yes,Yes,72,2,filler,none,43,correct
Yes,Yes,72,2,filler,none,43,correct
Yes,No,73,2,filler,none,43,incorrect
Yes,No,73,2,filler,none,43,incorrect
Yes,No,73,2,filler,none,43,incorrect
Yes,No,73,2,filler,none,43,incorrect
Yes,No,73,2,filler,none,43,incorrect
Yes,No,73,2,filler,none,43,incorrect
Yes,No,73,2,filler,none,43,incorrect
Yes,No,73,2,filler,none,43,incorrect
Yes,No,73,2,filler,none,43,incorrect
Yes,No,73,2,filler,none,43,incorrect
Yes,No,73,2,filler,none,43,incorrect
Yes,No,73,2,filler,none,43,incorrect
Yes,No,73,2,filler,none,43,incorrect
Yes,Yes,74,2,filler,none,43,correct
Yes,Yes,74,2,filler,none,43,correct
Yes,Yes,74,2,filler,none,43,correct
Yes,Yes,74,2,filler,none,43,correct
Yes,Yes,74,2,filler,none,43,correct
Yes,Yes,74,2,filler,none,43,correct
Yes,Yes,74,2,filler,none,43,correct
Yes,Yes,74,2,filler,none,43,correct
Yes,Yes,74,2,filler,none,43,correct
Yes,Yes,74,2,filler,none,43,correct
Yes,Yes,74,2,filler,none,43,correct
Yes,Yes,74,2,filler,none,43,correct
Yes,Yes,74,2,filler,none,43,correct
Yes,Yes,75,2,filler,none,43,correct
Yes,Yes,75,2,filler,none,43,correct
Yes,Yes,75,2,filler,none,43,correct
Yes,Yes,75,2,filler,none,43,correct
Yes,Yes,75,2,filler,none,43,correct
Yes,Yes,75,2,filler,none,43,correct
Yes,Yes,75,2,filler,none,43,correct
Yes,Yes,75,2,filler,none,43,correct
Yes,Yes,75,2,filler,none,43,correct
Yes,Yes,75,2,filler,none,43,correct
Yes,Yes,75,2,filler,none,43,correct
Yes,Yes,75,2,filler,none,43,correct
Yes,Yes,75,2,filler,none,43,correct
Yes,Yes,77,2,filler,none,43,correct
Yes,Yes,77,2,filler,none,43,correct
Yes,Yes,77,2,filler,none,43,correct
Yes,Yes,77,2,filler,none,43,correct
Yes,Yes,77,2,filler,none,43,correct
Yes,Yes,77,2,filler,none,43,correct
Yes,Yes,77,2,filler,none,43,correct
Yes,Yes,77,2,filler,none,43,correct
Yes,Yes,77,2,filler,none,43,correct
Yes,Yes,77,2,filler,none,43,correct
Yes,Yes,77,2,filler,none,43,correct
Yes,Yes,77,2,filler,none,43,correct
Yes,Yes,77,2,filler,none,43,correct
No,No,78,2,filler,none,43,correct
No,No,78,2,filler,none,43,correct
No,No,78,2,filler,none,43,correct
No,No,78,2,filler,none,43,correct
No,No,78,2,filler,none,43,correct
No,No,78,2,filler,none,43,correct
No,No,78,2,filler,none,43,correct
No,No,78,2,filler,none,43,correct
No,No,78,2,filler,none,43,correct
No,No,78,2,filler,none,43,correct
No,No,78,2,filler,none,43,correct
No,No,78,2,filler,none,43,correct
No,No,78,2,filler,none,43,correct
No,No,80,2,filler,none,43,correct
No,No,80,2,filler,none,43,correct
No,No,80,2,filler,none,43,correct
No,No,80,2,filler,none,43,correct
No,No,80,2,filler,none,43,correct
No,No,80,2,filler,none,43,correct
No,No,80,2,filler,none,43,correct
No,No,80,2,filler,none,43,correct
No,No,80,2,filler,none,43,correct
No,No,80,2,filler,none,43,correct
No,No,80,2,filler,none,43,correct
No,No,80,2,filler,none,43,correct
No,No,80,2,filler,none,43,correct
No,No,82,2,filler,none,43,correct
No,No,82,2,filler,none,43,correct
No,No,82,2,filler,none,43,correct
No,No,82,2,filler,none,43,correct
No,No,82,2,filler,none,43,correct
No,No,82,2,filler,none,43,correct
No,No,82,2,filler,none,43,correct
No,No,82,2,filler,none,43,correct
No,No,82,2,filler,none,43,correct
No,No,82,2,filler,none,43,correct
No,No,82,2,filler,none,43,correct
No,No,82,2,filler,none,43,correct
No,No,82,2,filler,none,43,correct
No,No,84,2,filler,none,43,correct
No,No,84,2,filler,none,43,correct
No,No,84,2,filler,none,43,correct
No,No,84,2,filler,none,43,correct
No,No,84,2,filler,none,43,correct
No,No,84,2,filler,none,43,correct
No,No,84,2,filler,none,43,correct
No,No,84,2,filler,none,43,correct
No,No,84,2,filler,none,43,correct
No,No,84,2,filler,none,43,correct
No,No,84,2,filler,none,43,correct
No,No,84,2,filler,none,43,correct
No,No,84,2,filler,none,43,correct
No,No,87,2,filler,none,43,correct
No,No,87,2,filler,none,43,correct
No,No,87,2,filler,none,43,correct
No,No,87,2,filler,none,43,correct
No,No,87,2,filler,none,43,correct
No,No,87,2,filler,none,43,correct
No,No,87,2,filler,none,43,correct
No,No,87,2,filler,none,43,correct
No,No,87,2,filler,none,43,correct
No,No,87,2,filler,none,43,correct
No,No,87,2,filler,none,43,correct
No,No,87,2,filler,none,43,correct
No,No,87,2,filler,none,43,correct
Yes,No,89,2,filler,none,43,incorrect
Yes,No,89,2,filler,none,43,incorrect
Yes,No,89,2,filler,none,43,incorrect
Yes,No,89,2,filler,none,43,incorrect
Yes,No,89,2,filler,none,43,incorrect
Yes,No,89,2,filler,none,43,incorrect
Yes,No,89,2,filler,none,43,incorrect
Yes,No,89,2,filler,none,43,incorrect
Yes,No,89,2,filler,none,43,incorrect
Yes,No,89,2,filler,none,43,incorrect
Yes,No,89,2,filler,none,43,incorrect
Yes,No,89,2,filler,none,43,incorrect
Yes,No,89,2,filler,none,43,incorrect
Yes,Yes,1,3,move,DP,44,correct
Yes,Yes,1,3,move,DP,44,correct
Yes,Yes,1,3,move,DP,44,correct
Yes,Yes,1,3,move,DP,44,correct
Yes,Yes,1,3,move,DP,44,correct
Yes,Yes,2,3,move,unacc,44,correct
Yes,Yes,2,3,move,unacc,44,correct
Yes,Yes,2,3,move,unacc,44,correct
Yes,Yes,2,3,move,unacc,44,correct
Yes,Yes,2,3,move,unacc,44,correct
No,No,5,3,nomove,unacc,44,correct
No,No,5,3,nomove,unacc,44,correct
No,No,5,3,nomove,unacc,44,correct
No,No,5,3,nomove,unacc,44,correct
No,No,5,3,nomove,unacc,44,correct
Yes,Yes,6,3,nomove,CP,44,correct
Yes,Yes,6,3,nomove,CP,44,correct
Yes,Yes,6,3,nomove,CP,44,correct
Yes,Yes,6,3,nomove,CP,44,correct
Yes,Yes,6,3,nomove,CP,44,correct
Yes,Yes,7,3,move,DP,44,correct
Yes,Yes,7,3,move,DP,44,correct
Yes,Yes,7,3,move,DP,44,correct
Yes,Yes,7,3,move,DP,44,correct
Yes,Yes,7,3,move,DP,44,correct
Yes,Yes,11,3,nomove,unacc,44,correct
Yes,Yes,11,3,nomove,unacc,44,correct
Yes,Yes,11,3,nomove,unacc,44,correct
Yes,Yes,11,3,nomove,unacc,44,correct
Yes,Yes,11,3,nomove,unacc,44,correct
Yes,Yes,13,3,move,DP,44,correct
Yes,Yes,13,3,move,DP,44,correct
Yes,Yes,13,3,move,DP,44,correct
Yes,Yes,13,3,move,DP,44,correct
Yes,Yes,13,3,move,DP,44,correct
Yes,Yes,14,3,move,unacc,44,correct
Yes,Yes,14,3,move,unacc,44,correct
Yes,Yes,14,3,move,unacc,44,correct
Yes,Yes,14,3,move,unacc,44,correct
Yes,Yes,14,3,move,unacc,44,correct
Yes,Yes,17,3,nomove,DP,44,correct
Yes,Yes,17,3,nomove,DP,44,correct
Yes,Yes,17,3,nomove,DP,44,correct
Yes,Yes,17,3,nomove,DP,44,correct
Yes,Yes,17,3,nomove,DP,44,correct
Yes,Yes,19,3,move,DP,44,correct
Yes,Yes,19,3,move,DP,44,correct
Yes,Yes,19,3,move,DP,44,correct
Yes,Yes,19,3,move,DP,44,correct
Yes,Yes,19,3,move,DP,44,correct
Yes,Yes,21,3,move,CP,44,correct
Yes,Yes,21,3,move,CP,44,correct
Yes,Yes,21,3,move,CP,44,correct
Yes,Yes,21,3,move,CP,44,correct
Yes,Yes,21,3,move,CP,44,correct
Yes,Yes,22,3,nomove,DP,44,correct
Yes,Yes,22,3,nomove,DP,44,correct
Yes,Yes,22,3,nomove,DP,44,correct
Yes,Yes,22,3,nomove,DP,44,correct
Yes,Yes,22,3,nomove,DP,44,correct
No,No,25,3,move,DP,44,correct
No,No,25,3,move,DP,44,correct
No,No,25,3,move,DP,44,correct
No,No,25,3,move,DP,44,correct
No,No,25,3,move,DP,44,correct
Yes,Yes,30,3,nomove,CP,44,correct
Yes,Yes,30,3,nomove,CP,44,correct
Yes,Yes,30,3,nomove,CP,44,correct
Yes,Yes,30,3,nomove,CP,44,correct
Yes,Yes,30,3,nomove,CP,44,correct
No,No,31,3,move,DP,44,correct
No,No,31,3,move,DP,44,correct
No,No,31,3,move,DP,44,correct
No,No,31,3,move,DP,44,correct
No,No,31,3,move,DP,44,correct
Yes,Yes,32,3,move,unacc,44,correct
Yes,Yes,32,3,move,unacc,44,correct
Yes,Yes,32,3,move,unacc,44,correct
Yes,Yes,32,3,move,unacc,44,correct
Yes,Yes,32,3,move,unacc,44,correct
No,No,33,3,move,CP,44,correct
No,No,33,3,move,CP,44,correct
No,No,33,3,move,CP,44,correct
No,No,33,3,move,CP,44,correct
No,No,33,3,move,CP,44,correct
Yes,Yes,35,3,nomove,unacc,44,correct
Yes,Yes,35,3,nomove,unacc,44,correct
Yes,Yes,35,3,nomove,unacc,44,correct
Yes,Yes,35,3,nomove,unacc,44,correct
Yes,Yes,35,3,nomove,unacc,44,correct
No,No,37,3,filler,none,44,correct
No,No,37,3,filler,none,44,correct
No,No,37,3,filler,none,44,correct
No,No,37,3,filler,none,44,correct
No,No,37,3,filler,none,44,correct
No,No,37,3,filler,none,44,correct
No,No,37,3,filler,none,44,correct
No,No,37,3,filler,none,44,correct
No,No,37,3,filler,none,44,correct
No,No,37,3,filler,none,44,correct
No,No,37,3,filler,none,44,correct
No,No,38,3,filler,none,44,correct
No,No,38,3,filler,none,44,correct
No,No,38,3,filler,none,44,correct
No,No,38,3,filler,none,44,correct
No,No,38,3,filler,none,44,correct
No,No,38,3,filler,none,44,correct
No,No,38,3,filler,none,44,correct
No,No,38,3,filler,none,44,correct
No,No,38,3,filler,none,44,correct
No,No,38,3,filler,none,44,correct
No,No,38,3,filler,none,44,correct
No,No,39,3,filler,none,44,correct
No,No,39,3,filler,none,44,correct
No,No,39,3,filler,none,44,correct
No,No,39,3,filler,none,44,correct
No,No,39,3,filler,none,44,correct
No,No,39,3,filler,none,44,correct
No,No,39,3,filler,none,44,correct
No,No,39,3,filler,none,44,correct
No,No,39,3,filler,none,44,correct
No,No,39,3,filler,none,44,correct
No,No,39,3,filler,none,44,correct
Yes,Yes,43,3,filler,none,44,correct
Yes,Yes,43,3,filler,none,44,correct
Yes,Yes,43,3,filler,none,44,correct
Yes,Yes,43,3,filler,none,44,correct
Yes,Yes,43,3,filler,none,44,correct
Yes,Yes,43,3,filler,none,44,correct
Yes,Yes,43,3,filler,none,44,correct
Yes,Yes,43,3,filler,none,44,correct
Yes,Yes,43,3,filler,none,44,correct
Yes,Yes,43,3,filler,none,44,correct
Yes,Yes,43,3,filler,none,44,correct
No,No,44,3,filler,none,44,correct
No,No,44,3,filler,none,44,correct
No,No,44,3,filler,none,44,correct
No,No,44,3,filler,none,44,correct
No,No,44,3,filler,none,44,correct
No,No,44,3,filler,none,44,correct
No,No,44,3,filler,none,44,correct
No,No,44,3,filler,none,44,correct
No,No,44,3,filler,none,44,correct
No,No,44,3,filler,none,44,correct
No,No,44,3,filler,none,44,correct
No,No,46,3,filler,none,44,correct
No,No,46,3,filler,none,44,correct
No,No,46,3,filler,none,44,correct
No,No,46,3,filler,none,44,correct
No,No,46,3,filler,none,44,correct
No,No,46,3,filler,none,44,correct
No,No,46,3,filler,none,44,correct
No,No,46,3,filler,none,44,correct
No,No,46,3,filler,none,44,correct
No,No,46,3,filler,none,44,correct
No,No,46,3,filler,none,44,correct
Yes,Yes,48,3,filler,none,44,correct
Yes,Yes,48,3,filler,none,44,correct
Yes,Yes,48,3,filler,none,44,correct
Yes,Yes,48,3,filler,none,44,correct
Yes,Yes,48,3,filler,none,44,correct
Yes,Yes,48,3,filler,none,44,correct
Yes,Yes,48,3,filler,none,44,correct
Yes,Yes,48,3,filler,none,44,correct
Yes,Yes,48,3,filler,none,44,correct
Yes,Yes,48,3,filler,none,44,correct
Yes,Yes,48,3,filler,none,44,correct
No,No,50,3,filler,none,44,correct
No,No,50,3,filler,none,44,correct
No,No,50,3,filler,none,44,correct
No,No,50,3,filler,none,44,correct
No,No,50,3,filler,none,44,correct
No,No,50,3,filler,none,44,correct
No,No,50,3,filler,none,44,correct
No,No,50,3,filler,none,44,correct
No,No,50,3,filler,none,44,correct
No,No,50,3,filler,none,44,correct
No,No,50,3,filler,none,44,correct
Yes,Yes,52,3,filler,none,44,correct
Yes,Yes,52,3,filler,none,44,correct
Yes,Yes,52,3,filler,none,44,correct
Yes,Yes,52,3,filler,none,44,correct
Yes,Yes,52,3,filler,none,44,correct
Yes,Yes,52,3,filler,none,44,correct
Yes,Yes,52,3,filler,none,44,correct
Yes,Yes,52,3,filler,none,44,correct
Yes,Yes,52,3,filler,none,44,correct
Yes,Yes,52,3,filler,none,44,correct
Yes,Yes,52,3,filler,none,44,correct
No,No,53,3,filler,none,44,correct
No,No,53,3,filler,none,44,correct
No,No,53,3,filler,none,44,correct
No,No,53,3,filler,none,44,correct
No,No,53,3,filler,none,44,correct
No,No,53,3,filler,none,44,correct
No,No,53,3,filler,none,44,correct
No,No,53,3,filler,none,44,correct
No,No,53,3,filler,none,44,correct
No,No,53,3,filler,none,44,correct
No,No,53,3,filler,none,44,correct
Yes,Yes,58,3,filler,none,44,correct
Yes,Yes,58,3,filler,none,44,correct
Yes,Yes,58,3,filler,none,44,correct
Yes,Yes,58,3,filler,none,44,correct
Yes,Yes,58,3,filler,none,44,correct
Yes,Yes,58,3,filler,none,44,correct
Yes,Yes,58,3,filler,none,44,correct
Yes,Yes,58,3,filler,none,44,correct
Yes,Yes,58,3,filler,none,44,correct
Yes,Yes,58,3,filler,none,44,correct
Yes,Yes,58,3,filler,none,44,correct
Yes,Yes,58,3,filler,none,44,correct
No,No,59,3,filler,none,44,correct
No,No,59,3,filler,none,44,correct
No,No,59,3,filler,none,44,correct
No,No,59,3,filler,none,44,correct
No,No,59,3,filler,none,44,correct
No,No,59,3,filler,none,44,correct
No,No,59,3,filler,none,44,correct
No,No,59,3,filler,none,44,correct
No,No,59,3,filler,none,44,correct
No,No,59,3,filler,none,44,correct
No,No,59,3,filler,none,44,correct
No,No,59,3,filler,none,44,correct
No,No,59,3,filler,none,44,correct
No,No,62,3,filler,none,44,correct
No,No,62,3,filler,none,44,correct
No,No,62,3,filler,none,44,correct
No,No,62,3,filler,none,44,correct
No,No,62,3,filler,none,44,correct
No,No,62,3,filler,none,44,correct
No,No,62,3,filler,none,44,correct
No,No,62,3,filler,none,44,correct
No,No,62,3,filler,none,44,correct
No,No,62,3,filler,none,44,correct
No,No,62,3,filler,none,44,correct
No,No,62,3,filler,none,44,correct
Yes,Yes,64,3,filler,none,44,correct
Yes,Yes,64,3,filler,none,44,correct
Yes,Yes,64,3,filler,none,44,correct
Yes,Yes,64,3,filler,none,44,correct
Yes,Yes,64,3,filler,none,44,correct
Yes,Yes,64,3,filler,none,44,correct
Yes,Yes,64,3,filler,none,44,correct
Yes,Yes,64,3,filler,none,44,correct
Yes,Yes,64,3,filler,none,44,correct
Yes,Yes,64,3,filler,none,44,correct
Yes,Yes,64,3,filler,none,44,correct
Yes,Yes,64,3,filler,none,44,correct
No,No,66,3,filler,none,44,correct
No,No,66,3,filler,none,44,correct
No,No,66,3,filler,none,44,correct
No,No,66,3,filler,none,44,correct
No,No,66,3,filler,none,44,correct
No,No,66,3,filler,none,44,correct
No,No,66,3,filler,none,44,correct
No,No,66,3,filler,none,44,correct
No,No,66,3,filler,none,44,correct
No,No,66,3,filler,none,44,correct
No,No,66,3,filler,none,44,correct
No,No,66,3,filler,none,44,correct
No,No,68,3,filler,none,44,correct
No,No,68,3,filler,none,44,correct
No,No,68,3,filler,none,44,correct
No,No,68,3,filler,none,44,correct
No,No,68,3,filler,none,44,correct
No,No,68,3,filler,none,44,correct
No,No,68,3,filler,none,44,correct
No,No,68,3,filler,none,44,correct
No,No,68,3,filler,none,44,correct
No,No,68,3,filler,none,44,correct
No,No,68,3,filler,none,44,correct
No,No,68,3,filler,none,44,correct
No,No,69,3,filler,none,44,correct
No,No,69,3,filler,none,44,correct
No,No,69,3,filler,none,44,correct
No,No,69,3,filler,none,44,correct
No,No,69,3,filler,none,44,correct
No,No,69,3,filler,none,44,correct
No,No,69,3,filler,none,44,correct
No,No,69,3,filler,none,44,correct
No,No,69,3,filler,none,44,correct
No,No,69,3,filler,none,44,correct
No,No,69,3,filler,none,44,correct
No,No,69,3,filler,none,44,correct
Yes,Yes,72,3,filler,none,44,correct
Yes,Yes,72,3,filler,none,44,correct
Yes,Yes,72,3,filler,none,44,correct
Yes,Yes,72,3,filler,none,44,correct
Yes,Yes,72,3,filler,none,44,correct
Yes,Yes,72,3,filler,none,44,correct
Yes,Yes,72,3,filler,none,44,correct
Yes,Yes,72,3,filler,none,44,correct
Yes,Yes,72,3,filler,none,44,correct
Yes,Yes,72,3,filler,none,44,correct
Yes,Yes,72,3,filler,none,44,correct
Yes,Yes,72,3,filler,none,44,correct
No,No,73,3,filler,none,44,correct
No,No,73,3,filler,none,44,correct
No,No,73,3,filler,none,44,correct
No,No,73,3,filler,none,44,correct
No,No,73,3,filler,none,44,correct
No,No,73,3,filler,none,44,correct
No,No,73,3,filler,none,44,correct
No,No,73,3,filler,none,44,correct
No,No,73,3,filler,none,44,correct
No,No,73,3,filler,none,44,correct
No,No,73,3,filler,none,44,correct
No,No,73,3,filler,none,44,correct
No,No,73,3,filler,none,44,correct
Yes,Yes,74,3,filler,none,44,correct
Yes,Yes,74,3,filler,none,44,correct
Yes,Yes,74,3,filler,none,44,correct
Yes,Yes,74,3,filler,none,44,correct
Yes,Yes,74,3,filler,none,44,correct
Yes,Yes,74,3,filler,none,44,correct
Yes,Yes,74,3,filler,none,44,correct
Yes,Yes,74,3,filler,none,44,correct
Yes,Yes,74,3,filler,none,44,correct
Yes,Yes,74,3,filler,none,44,correct
Yes,Yes,74,3,filler,none,44,correct
Yes,Yes,74,3,filler,none,44,correct
Yes,Yes,74,3,filler,none,44,correct
Yes,Yes,75,3,filler,none,44,correct
Yes,Yes,75,3,filler,none,44,correct
Yes,Yes,75,3,filler,none,44,correct
Yes,Yes,75,3,filler,none,44,correct
Yes,Yes,75,3,filler,none,44,correct
Yes,Yes,75,3,filler,none,44,correct
Yes,Yes,75,3,filler,none,44,correct
Yes,Yes,75,3,filler,none,44,correct
Yes,Yes,75,3,filler,none,44,correct
Yes,Yes,75,3,filler,none,44,correct
Yes,Yes,75,3,filler,none,44,correct
Yes,Yes,75,3,filler,none,44,correct
Yes,Yes,75,3,filler,none,44,correct
Yes,Yes,77,3,filler,none,44,correct
Yes,Yes,77,3,filler,none,44,correct
Yes,Yes,77,3,filler,none,44,correct
Yes,Yes,77,3,filler,none,44,correct
Yes,Yes,77,3,filler,none,44,correct
Yes,Yes,77,3,filler,none,44,correct
Yes,Yes,77,3,filler,none,44,correct
Yes,Yes,77,3,filler,none,44,correct
Yes,Yes,77,3,filler,none,44,correct
Yes,Yes,77,3,filler,none,44,correct
Yes,Yes,77,3,filler,none,44,correct
Yes,Yes,77,3,filler,none,44,correct
Yes,Yes,77,3,filler,none,44,correct
No,No,78,3,filler,none,44,correct
No,No,78,3,filler,none,44,correct
No,No,78,3,filler,none,44,correct
No,No,78,3,filler,none,44,correct
No,No,78,3,filler,none,44,correct
No,No,78,3,filler,none,44,correct
No,No,78,3,filler,none,44,correct
No,No,78,3,filler,none,44,correct
No,No,78,3,filler,none,44,correct
No,No,78,3,filler,none,44,correct
No,No,78,3,filler,none,44,correct
No,No,78,3,filler,none,44,correct
No,No,78,3,filler,none,44,correct
No,No,80,3,filler,none,44,correct
No,No,80,3,filler,none,44,correct
No,No,80,3,filler,none,44,correct
No,No,80,3,filler,none,44,correct
No,No,80,3,filler,none,44,correct
No,No,80,3,filler,none,44,correct
No,No,80,3,filler,none,44,correct
No,No,80,3,filler,none,44,correct
No,No,80,3,filler,none,44,correct
No,No,80,3,filler,none,44,correct
No,No,80,3,filler,none,44,correct
No,No,80,3,filler,none,44,correct
No,No,80,3,filler,none,44,correct
No,No,82,3,filler,none,44,correct
No,No,82,3,filler,none,44,correct
No,No,82,3,filler,none,44,correct
No,No,82,3,filler,none,44,correct
No,No,82,3,filler,none,44,correct
No,No,82,3,filler,none,44,correct
No,No,82,3,filler,none,44,correct
No,No,82,3,filler,none,44,correct
No,No,82,3,filler,none,44,correct
No,No,82,3,filler,none,44,correct
No,No,82,3,filler,none,44,correct
No,No,82,3,filler,none,44,correct
No,No,82,3,filler,none,44,correct
No,No,84,3,filler,none,44,correct
No,No,84,3,filler,none,44,correct
No,No,84,3,filler,none,44,correct
No,No,84,3,filler,none,44,correct
No,No,84,3,filler,none,44,correct
No,No,84,3,filler,none,44,correct
No,No,84,3,filler,none,44,correct
No,No,84,3,filler,none,44,correct
No,No,84,3,filler,none,44,correct
No,No,84,3,filler,none,44,correct
No,No,84,3,filler,none,44,correct
No,No,84,3,filler,none,44,correct
No,No,84,3,filler,none,44,correct
No,No,87,3,filler,none,44,correct
No,No,87,3,filler,none,44,correct
No,No,87,3,filler,none,44,correct
No,No,87,3,filler,none,44,correct
No,No,87,3,filler,none,44,correct
No,No,87,3,filler,none,44,correct
No,No,87,3,filler,none,44,correct
No,No,87,3,filler,none,44,correct
No,No,87,3,filler,none,44,correct
No,No,87,3,filler,none,44,correct
No,No,87,3,filler,none,44,correct
No,No,87,3,filler,none,44,correct
No,No,87,3,filler,none,44,correct
No,No,89,3,filler,none,44,correct
No,No,89,3,filler,none,44,correct
No,No,89,3,filler,none,44,correct
No,No,89,3,filler,none,44,correct
No,No,89,3,filler,none,44,correct
No,No,89,3,filler,none,44,correct
No,No,89,3,filler,none,44,correct
No,No,89,3,filler,none,44,correct
No,No,89,3,filler,none,44,correct
No,No,89,3,filler,none,44,correct
No,No,89,3,filler,none,44,correct
No,No,89,3,filler,none,44,correct
No,No,89,3,filler,none,44,correct
Yes,Yes,1,4,nomove,CP,45,correct
Yes,Yes,1,4,nomove,CP,45,correct
Yes,Yes,1,4,nomove,CP,45,correct
Yes,Yes,1,4,nomove,CP,45,correct
Yes,Yes,1,4,nomove,CP,45,correct
Yes,Yes,2,4,move,DP,45,correct
Yes,Yes,2,4,move,DP,45,correct
Yes,Yes,2,4,move,DP,45,correct
Yes,Yes,2,4,move,DP,45,correct
Yes,Yes,2,4,move,DP,45,correct
No,No,5,4,nomove,DP,45,correct
No,No,5,4,nomove,DP,45,correct
No,No,5,4,nomove,DP,45,correct
No,No,5,4,nomove,DP,45,correct
No,No,5,4,nomove,DP,45,correct
No,Yes,6,4,nomove,unacc,45,incorrect
No,Yes,6,4,nomove,unacc,45,incorrect
No,Yes,6,4,nomove,unacc,45,incorrect
No,Yes,6,4,nomove,unacc,45,incorrect
No,Yes,6,4,nomove,unacc,45,incorrect
Yes,Yes,7,4,nomove,CP,45,correct
Yes,Yes,7,4,nomove,CP,45,correct
Yes,Yes,7,4,nomove,CP,45,correct
Yes,Yes,7,4,nomove,CP,45,correct
Yes,Yes,7,4,nomove,CP,45,correct
Yes,Yes,11,4,nomove,DP,45,correct
Yes,Yes,11,4,nomove,DP,45,correct
Yes,Yes,11,4,nomove,DP,45,correct
Yes,Yes,11,4,nomove,DP,45,correct
Yes,Yes,11,4,nomove,DP,45,correct
Yes,Yes,13,4,nomove,CP,45,correct
Yes,Yes,13,4,nomove,CP,45,correct
Yes,Yes,13,4,nomove,CP,45,correct
Yes,Yes,13,4,nomove,CP,45,correct
Yes,Yes,13,4,nomove,CP,45,correct
Yes,Yes,14,4,move,DP,45,correct
Yes,Yes,14,4,move,DP,45,correct
Yes,Yes,14,4,move,DP,45,correct
Yes,Yes,14,4,move,DP,45,correct
Yes,Yes,14,4,move,DP,45,correct
Yes,Yes,17,4,move,CP,45,correct
Yes,Yes,17,4,move,CP,45,correct
Yes,Yes,17,4,move,CP,45,correct
Yes,Yes,17,4,move,CP,45,correct
Yes,Yes,17,4,move,CP,45,correct
Yes,Yes,19,4,nomove,CP,45,correct
Yes,Yes,19,4,nomove,CP,45,correct
Yes,Yes,19,4,nomove,CP,45,correct
Yes,Yes,19,4,nomove,CP,45,correct
Yes,Yes,19,4,nomove,CP,45,correct
Yes,Yes,21,4,move,unacc,45,correct
Yes,Yes,21,4,move,unacc,45,correct
Yes,Yes,21,4,move,unacc,45,correct
Yes,Yes,21,4,move,unacc,45,correct
Yes,Yes,21,4,move,unacc,45,correct
No,Yes,22,4,move,CP,45,incorrect
No,Yes,22,4,move,CP,45,incorrect
No,Yes,22,4,move,CP,45,incorrect
No,Yes,22,4,move,CP,45,incorrect
No,Yes,22,4,move,CP,45,incorrect
No,No,25,4,nomove,CP,45,correct
No,No,25,4,nomove,CP,45,correct
No,No,25,4,nomove,CP,45,correct
No,No,25,4,nomove,CP,45,correct
No,No,25,4,nomove,CP,45,correct
No,Yes,30,4,nomove,unacc,45,incorrect
No,Yes,30,4,nomove,unacc,45,incorrect
No,Yes,30,4,nomove,unacc,45,incorrect
No,Yes,30,4,nomove,unacc,45,incorrect
No,Yes,30,4,nomove,unacc,45,incorrect
No,No,31,4,nomove,CP,45,correct
No,No,31,4,nomove,CP,45,correct
No,No,31,4,nomove,CP,45,correct
No,No,31,4,nomove,CP,45,correct
No,No,31,4,nomove,CP,45,correct
Yes,Yes,32,4,move,DP,45,correct
Yes,Yes,32,4,move,DP,45,correct
Yes,Yes,32,4,move,DP,45,correct
Yes,Yes,32,4,move,DP,45,correct
Yes,Yes,32,4,move,DP,45,correct
No,No,33,4,move,unacc,45,correct
No,No,33,4,move,unacc,45,correct
No,No,33,4,move,unacc,45,correct
No,No,33,4,move,unacc,45,correct
No,No,33,4,move,unacc,45,correct
Yes,Yes,35,4,nomove,DP,45,correct
Yes,Yes,35,4,nomove,DP,45,correct
Yes,Yes,35,4,nomove,DP,45,correct
Yes,Yes,35,4,nomove,DP,45,correct
Yes,Yes,35,4,nomove,DP,45,correct
No,No,37,4,filler,none,45,correct
No,No,37,4,filler,none,45,correct
No,No,37,4,filler,none,45,correct
No,No,37,4,filler,none,45,correct
No,No,37,4,filler,none,45,correct
No,No,37,4,filler,none,45,correct
No,No,37,4,filler,none,45,correct
No,No,37,4,filler,none,45,correct
No,No,37,4,filler,none,45,correct
No,No,37,4,filler,none,45,correct
No,No,37,4,filler,none,45,correct
No,No,38,4,filler,none,45,correct
No,No,38,4,filler,none,45,correct
No,No,38,4,filler,none,45,correct
No,No,38,4,filler,none,45,correct
No,No,38,4,filler,none,45,correct
No,No,38,4,filler,none,45,correct
No,No,38,4,filler,none,45,correct
No,No,38,4,filler,none,45,correct
No,No,38,4,filler,none,45,correct
No,No,38,4,filler,none,45,correct
No,No,38,4,filler,none,45,correct
No,No,39,4,filler,none,45,correct
No,No,39,4,filler,none,45,correct
No,No,39,4,filler,none,45,correct
No,No,39,4,filler,none,45,correct
No,No,39,4,filler,none,45,correct
No,No,39,4,filler,none,45,correct
No,No,39,4,filler,none,45,correct
No,No,39,4,filler,none,45,correct
No,No,39,4,filler,none,45,correct
No,No,39,4,filler,none,45,correct
No,No,39,4,filler,none,45,correct
Yes,Yes,43,4,filler,none,45,correct
Yes,Yes,43,4,filler,none,45,correct
Yes,Yes,43,4,filler,none,45,correct
Yes,Yes,43,4,filler,none,45,correct
Yes,Yes,43,4,filler,none,45,correct
Yes,Yes,43,4,filler,none,45,correct
Yes,Yes,43,4,filler,none,45,correct
Yes,Yes,43,4,filler,none,45,correct
Yes,Yes,43,4,filler,none,45,correct
Yes,Yes,43,4,filler,none,45,correct
Yes,Yes,43,4,filler,none,45,correct
No,No,44,4,filler,none,45,correct
No,No,44,4,filler,none,45,correct
No,No,44,4,filler,none,45,correct
No,No,44,4,filler,none,45,correct
No,No,44,4,filler,none,45,correct
No,No,44,4,filler,none,45,correct
No,No,44,4,filler,none,45,correct
No,No,44,4,filler,none,45,correct
No,No,44,4,filler,none,45,correct
No,No,44,4,filler,none,45,correct
No,No,44,4,filler,none,45,correct
No,No,46,4,filler,none,45,correct
No,No,46,4,filler,none,45,correct
No,No,46,4,filler,none,45,correct
No,No,46,4,filler,none,45,correct
No,No,46,4,filler,none,45,correct
No,No,46,4,filler,none,45,correct
No,No,46,4,filler,none,45,correct
No,No,46,4,filler,none,45,correct
No,No,46,4,filler,none,45,correct
No,No,46,4,filler,none,45,correct
No,No,46,4,filler,none,45,correct
Yes,Yes,48,4,filler,none,45,correct
Yes,Yes,48,4,filler,none,45,correct
Yes,Yes,48,4,filler,none,45,correct
Yes,Yes,48,4,filler,none,45,correct
Yes,Yes,48,4,filler,none,45,correct
Yes,Yes,48,4,filler,none,45,correct
Yes,Yes,48,4,filler,none,45,correct
Yes,Yes,48,4,filler,none,45,correct
Yes,Yes,48,4,filler,none,45,correct
Yes,Yes,48,4,filler,none,45,correct
Yes,Yes,48,4,filler,none,45,correct
No,No,50,4,filler,none,45,correct
No,No,50,4,filler,none,45,correct
No,No,50,4,filler,none,45,correct
No,No,50,4,filler,none,45,correct
No,No,50,4,filler,none,45,correct
No,No,50,4,filler,none,45,correct
No,No,50,4,filler,none,45,correct
No,No,50,4,filler,none,45,correct
No,No,50,4,filler,none,45,correct
No,No,50,4,filler,none,45,correct
No,No,50,4,filler,none,45,correct
Yes,Yes,52,4,filler,none,45,correct
Yes,Yes,52,4,filler,none,45,correct
Yes,Yes,52,4,filler,none,45,correct
Yes,Yes,52,4,filler,none,45,correct
Yes,Yes,52,4,filler,none,45,correct
Yes,Yes,52,4,filler,none,45,correct
Yes,Yes,52,4,filler,none,45,correct
Yes,Yes,52,4,filler,none,45,correct
Yes,Yes,52,4,filler,none,45,correct
Yes,Yes,52,4,filler,none,45,correct
Yes,Yes,52,4,filler,none,45,correct
No,No,53,4,filler,none,45,correct
No,No,53,4,filler,none,45,correct
No,No,53,4,filler,none,45,correct
No,No,53,4,filler,none,45,correct
No,No,53,4,filler,none,45,correct
No,No,53,4,filler,none,45,correct
No,No,53,4,filler,none,45,correct
No,No,53,4,filler,none,45,correct
No,No,53,4,filler,none,45,correct
No,No,53,4,filler,none,45,correct
No,No,53,4,filler,none,45,correct
Yes,Yes,58,4,filler,none,45,correct
Yes,Yes,58,4,filler,none,45,correct
Yes,Yes,58,4,filler,none,45,correct
Yes,Yes,58,4,filler,none,45,correct
Yes,Yes,58,4,filler,none,45,correct
Yes,Yes,58,4,filler,none,45,correct
Yes,Yes,58,4,filler,none,45,correct
Yes,Yes,58,4,filler,none,45,correct
Yes,Yes,58,4,filler,none,45,correct
Yes,Yes,58,4,filler,none,45,correct
Yes,Yes,58,4,filler,none,45,correct
Yes,Yes,58,4,filler,none,45,correct
No,No,59,4,filler,none,45,correct
No,No,59,4,filler,none,45,correct
No,No,59,4,filler,none,45,correct
No,No,59,4,filler,none,45,correct
No,No,59,4,filler,none,45,correct
No,No,59,4,filler,none,45,correct
No,No,59,4,filler,none,45,correct
No,No,59,4,filler,none,45,correct
No,No,59,4,filler,none,45,correct
No,No,59,4,filler,none,45,correct
No,No,59,4,filler,none,45,correct
No,No,59,4,filler,none,45,correct
No,No,59,4,filler,none,45,correct
No,No,62,4,filler,none,45,correct
No,No,62,4,filler,none,45,correct
No,No,62,4,filler,none,45,correct
No,No,62,4,filler,none,45,correct
No,No,62,4,filler,none,45,correct
No,No,62,4,filler,none,45,correct
No,No,62,4,filler,none,45,correct
No,No,62,4,filler,none,45,correct
No,No,62,4,filler,none,45,correct
No,No,62,4,filler,none,45,correct
No,No,62,4,filler,none,45,correct
No,No,62,4,filler,none,45,correct
Yes,Yes,64,4,filler,none,45,correct
Yes,Yes,64,4,filler,none,45,correct
Yes,Yes,64,4,filler,none,45,correct
Yes,Yes,64,4,filler,none,45,correct
Yes,Yes,64,4,filler,none,45,correct
Yes,Yes,64,4,filler,none,45,correct
Yes,Yes,64,4,filler,none,45,correct
Yes,Yes,64,4,filler,none,45,correct
Yes,Yes,64,4,filler,none,45,correct
Yes,Yes,64,4,filler,none,45,correct
Yes,Yes,64,4,filler,none,45,correct
Yes,Yes,64,4,filler,none,45,correct
No,No,66,4,filler,none,45,correct
No,No,66,4,filler,none,45,correct
No,No,66,4,filler,none,45,correct
No,No,66,4,filler,none,45,correct
No,No,66,4,filler,none,45,correct
No,No,66,4,filler,none,45,correct
No,No,66,4,filler,none,45,correct
No,No,66,4,filler,none,45,correct
No,No,66,4,filler,none,45,correct
No,No,66,4,filler,none,45,correct
No,No,66,4,filler,none,45,correct
No,No,66,4,filler,none,45,correct
No,No,68,4,filler,none,45,correct
No,No,68,4,filler,none,45,correct
No,No,68,4,filler,none,45,correct
No,No,68,4,filler,none,45,correct
No,No,68,4,filler,none,45,correct
No,No,68,4,filler,none,45,correct
No,No,68,4,filler,none,45,correct
No,No,68,4,filler,none,45,correct
No,No,68,4,filler,none,45,correct
No,No,68,4,filler,none,45,correct
No,No,68,4,filler,none,45,correct
No,No,68,4,filler,none,45,correct
No,No,69,4,filler,none,45,correct
No,No,69,4,filler,none,45,correct
No,No,69,4,filler,none,45,correct
No,No,69,4,filler,none,45,correct
No,No,69,4,filler,none,45,correct
No,No,69,4,filler,none,45,correct
No,No,69,4,filler,none,45,correct
No,No,69,4,filler,none,45,correct
No,No,69,4,filler,none,45,correct
No,No,69,4,filler,none,45,correct
No,No,69,4,filler,none,45,correct
No,No,69,4,filler,none,45,correct
Yes,Yes,72,4,filler,none,45,correct
Yes,Yes,72,4,filler,none,45,correct
Yes,Yes,72,4,filler,none,45,correct
Yes,Yes,72,4,filler,none,45,correct
Yes,Yes,72,4,filler,none,45,correct
Yes,Yes,72,4,filler,none,45,correct
Yes,Yes,72,4,filler,none,45,correct
Yes,Yes,72,4,filler,none,45,correct
Yes,Yes,72,4,filler,none,45,correct
Yes,Yes,72,4,filler,none,45,correct
Yes,Yes,72,4,filler,none,45,correct
Yes,Yes,72,4,filler,none,45,correct
Yes,No,73,4,filler,none,45,incorrect
Yes,No,73,4,filler,none,45,incorrect
Yes,No,73,4,filler,none,45,incorrect
Yes,No,73,4,filler,none,45,incorrect
Yes,No,73,4,filler,none,45,incorrect
Yes,No,73,4,filler,none,45,incorrect
Yes,No,73,4,filler,none,45,incorrect
Yes,No,73,4,filler,none,45,incorrect
Yes,No,73,4,filler,none,45,incorrect
Yes,No,73,4,filler,none,45,incorrect
Yes,No,73,4,filler,none,45,incorrect
Yes,No,73,4,filler,none,45,incorrect
Yes,No,73,4,filler,none,45,incorrect
Yes,Yes,74,4,filler,none,45,correct
Yes,Yes,74,4,filler,none,45,correct
Yes,Yes,74,4,filler,none,45,correct
Yes,Yes,74,4,filler,none,45,correct
Yes,Yes,74,4,filler,none,45,correct
Yes,Yes,74,4,filler,none,45,correct
Yes,Yes,74,4,filler,none,45,correct
Yes,Yes,74,4,filler,none,45,correct
Yes,Yes,74,4,filler,none,45,correct
Yes,Yes,74,4,filler,none,45,correct
Yes,Yes,74,4,filler,none,45,correct
Yes,Yes,74,4,filler,none,45,correct
Yes,Yes,74,4,filler,none,45,correct
Yes,Yes,75,4,filler,none,45,correct
Yes,Yes,75,4,filler,none,45,correct
Yes,Yes,75,4,filler,none,45,correct
Yes,Yes,75,4,filler,none,45,correct
Yes,Yes,75,4,filler,none,45,correct
Yes,Yes,75,4,filler,none,45,correct
Yes,Yes,75,4,filler,none,45,correct
Yes,Yes,75,4,filler,none,45,correct
Yes,Yes,75,4,filler,none,45,correct
Yes,Yes,75,4,filler,none,45,correct
Yes,Yes,75,4,filler,none,45,correct
Yes,Yes,75,4,filler,none,45,correct
Yes,Yes,75,4,filler,none,45,correct
Yes,Yes,77,4,filler,none,45,correct
Yes,Yes,77,4,filler,none,45,correct
Yes,Yes,77,4,filler,none,45,correct
Yes,Yes,77,4,filler,none,45,correct
Yes,Yes,77,4,filler,none,45,correct
Yes,Yes,77,4,filler,none,45,correct
Yes,Yes,77,4,filler,none,45,correct
Yes,Yes,77,4,filler,none,45,correct
Yes,Yes,77,4,filler,none,45,correct
Yes,Yes,77,4,filler,none,45,correct
Yes,Yes,77,4,filler,none,45,correct
Yes,Yes,77,4,filler,none,45,correct
Yes,Yes,77,4,filler,none,45,correct
No,No,78,4,filler,none,45,correct
No,No,78,4,filler,none,45,correct
No,No,78,4,filler,none,45,correct
No,No,78,4,filler,none,45,correct
No,No,78,4,filler,none,45,correct
No,No,78,4,filler,none,45,correct
No,No,78,4,filler,none,45,correct
No,No,78,4,filler,none,45,correct
No,No,78,4,filler,none,45,correct
No,No,78,4,filler,none,45,correct
No,No,78,4,filler,none,45,correct
No,No,78,4,filler,none,45,correct
No,No,78,4,filler,none,45,correct
No,No,80,4,filler,none,45,correct
No,No,80,4,filler,none,45,correct
No,No,80,4,filler,none,45,correct
No,No,80,4,filler,none,45,correct
No,No,80,4,filler,none,45,correct
No,No,80,4,filler,none,45,correct
No,No,80,4,filler,none,45,correct
No,No,80,4,filler,none,45,correct
No,No,80,4,filler,none,45,correct
No,No,80,4,filler,none,45,correct
No,No,80,4,filler,none,45,correct
No,No,80,4,filler,none,45,correct
No,No,80,4,filler,none,45,correct
No,No,82,4,filler,none,45,correct
No,No,82,4,filler,none,45,correct
No,No,82,4,filler,none,45,correct
No,No,82,4,filler,none,45,correct
No,No,82,4,filler,none,45,correct
No,No,82,4,filler,none,45,correct
No,No,82,4,filler,none,45,correct
No,No,82,4,filler,none,45,correct
No,No,82,4,filler,none,45,correct
No,No,82,4,filler,none,45,correct
No,No,82,4,filler,none,45,correct
No,No,82,4,filler,none,45,correct
No,No,82,4,filler,none,45,correct
No,No,84,4,filler,none,45,correct
No,No,84,4,filler,none,45,correct
No,No,84,4,filler,none,45,correct
No,No,84,4,filler,none,45,correct
No,No,84,4,filler,none,45,correct
No,No,84,4,filler,none,45,correct
No,No,84,4,filler,none,45,correct
No,No,84,4,filler,none,45,correct
No,No,84,4,filler,none,45,correct
No,No,84,4,filler,none,45,correct
No,No,84,4,filler,none,45,correct
No,No,84,4,filler,none,45,correct
No,No,84,4,filler,none,45,correct
No,No,87,4,filler,none,45,correct
No,No,87,4,filler,none,45,correct
No,No,87,4,filler,none,45,correct
No,No,87,4,filler,none,45,correct
No,No,87,4,filler,none,45,correct
No,No,87,4,filler,none,45,correct
No,No,87,4,filler,none,45,correct
No,No,87,4,filler,none,45,correct
No,No,87,4,filler,none,45,correct
No,No,87,4,filler,none,45,correct
No,No,87,4,filler,none,45,correct
No,No,87,4,filler,none,45,correct
No,No,87,4,filler,none,45,correct
No,No,89,4,filler,none,45,correct
No,No,89,4,filler,none,45,correct
No,No,89,4,filler,none,45,correct
No,No,89,4,filler,none,45,correct
No,No,89,4,filler,none,45,correct
No,No,89,4,filler,none,45,correct
No,No,89,4,filler,none,45,correct
No,No,89,4,filler,none,45,correct
No,No,89,4,filler,none,45,correct
No,No,89,4,filler,none,45,correct
No,No,89,4,filler,none,45,correct
No,No,89,4,filler,none,45,correct
No,No,89,4,filler,none,45,correct
Yes,Yes,1,5,nomove,unacc,46,correct
Yes,Yes,1,5,nomove,unacc,46,correct
Yes,Yes,1,5,nomove,unacc,46,correct
Yes,Yes,1,5,nomove,unacc,46,correct
Yes,Yes,1,5,nomove,unacc,46,correct
Yes,Yes,2,5,nomove,CP,46,correct
Yes,Yes,2,5,nomove,CP,46,correct
Yes,Yes,2,5,nomove,CP,46,correct
Yes,Yes,2,5,nomove,CP,46,correct
Yes,Yes,2,5,nomove,CP,46,correct
No,No,5,5,move,CP,46,correct
No,No,5,5,move,CP,46,correct
No,No,5,5,move,CP,46,correct
No,No,5,5,move,CP,46,correct
No,No,5,5,move,CP,46,correct
Yes,Yes,6,5,nomove,DP,46,correct
Yes,Yes,6,5,nomove,DP,46,correct
Yes,Yes,6,5,nomove,DP,46,correct
Yes,Yes,6,5,nomove,DP,46,correct
Yes,Yes,6,5,nomove,DP,46,correct
Yes,Yes,7,5,nomove,unacc,46,correct
Yes,Yes,7,5,nomove,unacc,46,correct
Yes,Yes,7,5,nomove,unacc,46,correct
Yes,Yes,7,5,nomove,unacc,46,correct
Yes,Yes,7,5,nomove,unacc,46,correct
Yes,Yes,11,5,move,CP,46,correct
Yes,Yes,11,5,move,CP,46,correct
Yes,Yes,11,5,move,CP,46,correct
Yes,Yes,11,5,move,CP,46,correct
Yes,Yes,11,5,move,CP,46,correct
Yes,Yes,13,5,nomove,unacc,46,correct
Yes,Yes,13,5,nomove,unacc,46,correct
Yes,Yes,13,5,nomove,unacc,46,correct
Yes,Yes,13,5,nomove,unacc,46,correct
Yes,Yes,13,5,nomove,unacc,46,correct
Yes,Yes,14,5,nomove,CP,46,correct
Yes,Yes,14,5,nomove,CP,46,correct
Yes,Yes,14,5,nomove,CP,46,correct
Yes,Yes,14,5,nomove,CP,46,correct
Yes,Yes,14,5,nomove,CP,46,correct
Yes,Yes,17,5,move,unacc,46,correct
Yes,Yes,17,5,move,unacc,46,correct
Yes,Yes,17,5,move,unacc,46,correct
Yes,Yes,17,5,move,unacc,46,correct
Yes,Yes,17,5,move,unacc,46,correct
Yes,Yes,19,5,nomove,unacc,46,correct
Yes,Yes,19,5,nomove,unacc,46,correct
Yes,Yes,19,5,nomove,unacc,46,correct
Yes,Yes,19,5,nomove,unacc,46,correct
Yes,Yes,19,5,nomove,unacc,46,correct
Yes,Yes,21,5,move,DP,46,correct
Yes,Yes,21,5,move,DP,46,correct
Yes,Yes,21,5,move,DP,46,correct
Yes,Yes,21,5,move,DP,46,correct
Yes,Yes,21,5,move,DP,46,correct
Yes,Yes,22,5,move,unacc,46,correct
Yes,Yes,22,5,move,unacc,46,correct
Yes,Yes,22,5,move,unacc,46,correct
Yes,Yes,22,5,move,unacc,46,correct
Yes,Yes,22,5,move,unacc,46,correct
No,No,25,5,nomove,unacc,46,correct
No,No,25,5,nomove,unacc,46,correct
No,No,25,5,nomove,unacc,46,correct
No,No,25,5,nomove,unacc,46,correct
No,No,25,5,nomove,unacc,46,correct
Yes,Yes,30,5,nomove,DP,46,correct
Yes,Yes,30,5,nomove,DP,46,correct
Yes,Yes,30,5,nomove,DP,46,correct
Yes,Yes,30,5,nomove,DP,46,correct
Yes,Yes,30,5,nomove,DP,46,correct
No,No,31,5,nomove,unacc,46,correct
No,No,31,5,nomove,unacc,46,correct
No,No,31,5,nomove,unacc,46,correct
No,No,31,5,nomove,unacc,46,correct
No,No,31,5,nomove,unacc,46,correct
Yes,Yes,32,5,nomove,CP,46,correct
Yes,Yes,32,5,nomove,CP,46,correct
Yes,Yes,32,5,nomove,CP,46,correct
Yes,Yes,32,5,nomove,CP,46,correct
Yes,Yes,32,5,nomove,CP,46,correct
No,No,33,5,move,DP,46,correct
No,No,33,5,move,DP,46,correct
No,No,33,5,move,DP,46,correct
No,No,33,5,move,DP,46,correct
No,No,33,5,move,DP,46,correct
Yes,Yes,35,5,move,CP,46,correct
Yes,Yes,35,5,move,CP,46,correct
Yes,Yes,35,5,move,CP,46,correct
Yes,Yes,35,5,move,CP,46,correct
Yes,Yes,35,5,move,CP,46,correct
No,No,37,5,filler,none,46,correct
No,No,37,5,filler,none,46,correct
No,No,37,5,filler,none,46,correct
No,No,37,5,filler,none,46,correct
No,No,37,5,filler,none,46,correct
No,No,37,5,filler,none,46,correct
No,No,37,5,filler,none,46,correct
No,No,37,5,filler,none,46,correct
No,No,37,5,filler,none,46,correct
No,No,37,5,filler,none,46,correct
No,No,37,5,filler,none,46,correct
No,No,38,5,filler,none,46,correct
No,No,38,5,filler,none,46,correct
No,No,38,5,filler,none,46,correct
No,No,38,5,filler,none,46,correct
No,No,38,5,filler,none,46,correct
No,No,38,5,filler,none,46,correct
No,No,38,5,filler,none,46,correct
No,No,38,5,filler,none,46,correct
No,No,38,5,filler,none,46,correct
No,No,38,5,filler,none,46,correct
No,No,38,5,filler,none,46,correct
No,No,39,5,filler,none,46,correct
No,No,39,5,filler,none,46,correct
No,No,39,5,filler,none,46,correct
No,No,39,5,filler,none,46,correct
No,No,39,5,filler,none,46,correct
No,No,39,5,filler,none,46,correct
No,No,39,5,filler,none,46,correct
No,No,39,5,filler,none,46,correct
No,No,39,5,filler,none,46,correct
No,No,39,5,filler,none,46,correct
No,No,39,5,filler,none,46,correct
Yes,Yes,43,5,filler,none,46,correct
Yes,Yes,43,5,filler,none,46,correct
Yes,Yes,43,5,filler,none,46,correct
Yes,Yes,43,5,filler,none,46,correct
Yes,Yes,43,5,filler,none,46,correct
Yes,Yes,43,5,filler,none,46,correct
Yes,Yes,43,5,filler,none,46,correct
Yes,Yes,43,5,filler,none,46,correct
Yes,Yes,43,5,filler,none,46,correct
Yes,Yes,43,5,filler,none,46,correct
Yes,Yes,43,5,filler,none,46,correct
No,No,44,5,filler,none,46,correct
No,No,44,5,filler,none,46,correct
No,No,44,5,filler,none,46,correct
No,No,44,5,filler,none,46,correct
No,No,44,5,filler,none,46,correct
No,No,44,5,filler,none,46,correct
No,No,44,5,filler,none,46,correct
No,No,44,5,filler,none,46,correct
No,No,44,5,filler,none,46,correct
No,No,44,5,filler,none,46,correct
No,No,44,5,filler,none,46,correct
No,No,46,5,filler,none,46,correct
No,No,46,5,filler,none,46,correct
No,No,46,5,filler,none,46,correct
No,No,46,5,filler,none,46,correct
No,No,46,5,filler,none,46,correct
No,No,46,5,filler,none,46,correct
No,No,46,5,filler,none,46,correct
No,No,46,5,filler,none,46,correct
No,No,46,5,filler,none,46,correct
No,No,46,5,filler,none,46,correct
No,No,46,5,filler,none,46,correct
Yes,Yes,48,5,filler,none,46,correct
Yes,Yes,48,5,filler,none,46,correct
Yes,Yes,48,5,filler,none,46,correct
Yes,Yes,48,5,filler,none,46,correct
Yes,Yes,48,5,filler,none,46,correct
Yes,Yes,48,5,filler,none,46,correct
Yes,Yes,48,5,filler,none,46,correct
Yes,Yes,48,5,filler,none,46,correct
Yes,Yes,48,5,filler,none,46,correct
Yes,Yes,48,5,filler,none,46,correct
Yes,Yes,48,5,filler,none,46,correct
No,No,50,5,filler,none,46,correct
No,No,50,5,filler,none,46,correct
No,No,50,5,filler,none,46,correct
No,No,50,5,filler,none,46,correct
No,No,50,5,filler,none,46,correct
No,No,50,5,filler,none,46,correct
No,No,50,5,filler,none,46,correct
No,No,50,5,filler,none,46,correct
No,No,50,5,filler,none,46,correct
No,No,50,5,filler,none,46,correct
No,No,50,5,filler,none,46,correct
Yes,Yes,52,5,filler,none,46,correct
Yes,Yes,52,5,filler,none,46,correct
Yes,Yes,52,5,filler,none,46,correct
Yes,Yes,52,5,filler,none,46,correct
Yes,Yes,52,5,filler,none,46,correct
Yes,Yes,52,5,filler,none,46,correct
Yes,Yes,52,5,filler,none,46,correct
Yes,Yes,52,5,filler,none,46,correct
Yes,Yes,52,5,filler,none,46,correct
Yes,Yes,52,5,filler,none,46,correct
Yes,Yes,52,5,filler,none,46,correct
No,No,53,5,filler,none,46,correct
No,No,53,5,filler,none,46,correct
No,No,53,5,filler,none,46,correct
No,No,53,5,filler,none,46,correct
No,No,53,5,filler,none,46,correct
No,No,53,5,filler,none,46,correct
No,No,53,5,filler,none,46,correct
No,No,53,5,filler,none,46,correct
No,No,53,5,filler,none,46,correct
No,No,53,5,filler,none,46,correct
No,No,53,5,filler,none,46,correct
Yes,Yes,58,5,filler,none,46,correct
Yes,Yes,58,5,filler,none,46,correct
Yes,Yes,58,5,filler,none,46,correct
Yes,Yes,58,5,filler,none,46,correct
Yes,Yes,58,5,filler,none,46,correct
Yes,Yes,58,5,filler,none,46,correct
Yes,Yes,58,5,filler,none,46,correct
Yes,Yes,58,5,filler,none,46,correct
Yes,Yes,58,5,filler,none,46,correct
Yes,Yes,58,5,filler,none,46,correct
Yes,Yes,58,5,filler,none,46,correct
Yes,Yes,58,5,filler,none,46,correct
No,No,59,5,filler,none,46,correct
No,No,59,5,filler,none,46,correct
No,No,59,5,filler,none,46,correct
No,No,59,5,filler,none,46,correct
No,No,59,5,filler,none,46,correct
No,No,59,5,filler,none,46,correct
No,No,59,5,filler,none,46,correct
No,No,59,5,filler,none,46,correct
No,No,59,5,filler,none,46,correct
No,No,59,5,filler,none,46,correct
No,No,59,5,filler,none,46,correct
No,No,59,5,filler,none,46,correct
No,No,59,5,filler,none,46,correct
No,No,62,5,filler,none,46,correct
No,No,62,5,filler,none,46,correct
No,No,62,5,filler,none,46,correct
No,No,62,5,filler,none,46,correct
No,No,62,5,filler,none,46,correct
No,No,62,5,filler,none,46,correct
No,No,62,5,filler,none,46,correct
No,No,62,5,filler,none,46,correct
No,No,62,5,filler,none,46,correct
No,No,62,5,filler,none,46,correct
No,No,62,5,filler,none,46,correct
No,No,62,5,filler,none,46,correct
Yes,Yes,64,5,filler,none,46,correct
Yes,Yes,64,5,filler,none,46,correct
Yes,Yes,64,5,filler,none,46,correct
Yes,Yes,64,5,filler,none,46,correct
Yes,Yes,64,5,filler,none,46,correct
Yes,Yes,64,5,filler,none,46,correct
Yes,Yes,64,5,filler,none,46,correct
Yes,Yes,64,5,filler,none,46,correct
Yes,Yes,64,5,filler,none,46,correct
Yes,Yes,64,5,filler,none,46,correct
Yes,Yes,64,5,filler,none,46,correct
Yes,Yes,64,5,filler,none,46,correct
No,No,66,5,filler,none,46,correct
No,No,66,5,filler,none,46,correct
No,No,66,5,filler,none,46,correct
No,No,66,5,filler,none,46,correct
No,No,66,5,filler,none,46,correct
No,No,66,5,filler,none,46,correct
No,No,66,5,filler,none,46,correct
No,No,66,5,filler,none,46,correct
No,No,66,5,filler,none,46,correct
No,No,66,5,filler,none,46,correct
No,No,66,5,filler,none,46,correct
No,No,66,5,filler,none,46,correct
No,No,68,5,filler,none,46,correct
No,No,68,5,filler,none,46,correct
No,No,68,5,filler,none,46,correct
No,No,68,5,filler,none,46,correct
No,No,68,5,filler,none,46,correct
No,No,68,5,filler,none,46,correct
No,No,68,5,filler,none,46,correct
No,No,68,5,filler,none,46,correct
No,No,68,5,filler,none,46,correct
No,No,68,5,filler,none,46,correct
No,No,68,5,filler,none,46,correct
No,No,68,5,filler,none,46,correct
No,No,69,5,filler,none,46,correct
No,No,69,5,filler,none,46,correct
No,No,69,5,filler,none,46,correct
No,No,69,5,filler,none,46,correct
No,No,69,5,filler,none,46,correct
No,No,69,5,filler,none,46,correct
No,No,69,5,filler,none,46,correct
No,No,69,5,filler,none,46,correct
No,No,69,5,filler,none,46,correct
No,No,69,5,filler,none,46,correct
No,No,69,5,filler,none,46,correct
No,No,69,5,filler,none,46,correct
Yes,Yes,72,5,filler,none,46,correct
Yes,Yes,72,5,filler,none,46,correct
Yes,Yes,72,5,filler,none,46,correct
Yes,Yes,72,5,filler,none,46,correct
Yes,Yes,72,5,filler,none,46,correct
Yes,Yes,72,5,filler,none,46,correct
Yes,Yes,72,5,filler,none,46,correct
Yes,Yes,72,5,filler,none,46,correct
Yes,Yes,72,5,filler,none,46,correct
Yes,Yes,72,5,filler,none,46,correct
Yes,Yes,72,5,filler,none,46,correct
Yes,Yes,72,5,filler,none,46,correct
Yes,No,73,5,filler,none,46,incorrect
Yes,No,73,5,filler,none,46,incorrect
Yes,No,73,5,filler,none,46,incorrect
Yes,No,73,5,filler,none,46,incorrect
Yes,No,73,5,filler,none,46,incorrect
Yes,No,73,5,filler,none,46,incorrect
Yes,No,73,5,filler,none,46,incorrect
Yes,No,73,5,filler,none,46,incorrect
Yes,No,73,5,filler,none,46,incorrect
Yes,No,73,5,filler,none,46,incorrect
Yes,No,73,5,filler,none,46,incorrect
Yes,No,73,5,filler,none,46,incorrect
Yes,No,73,5,filler,none,46,incorrect
Yes,Yes,74,5,filler,none,46,correct
Yes,Yes,74,5,filler,none,46,correct
Yes,Yes,74,5,filler,none,46,correct
Yes,Yes,74,5,filler,none,46,correct
Yes,Yes,74,5,filler,none,46,correct
Yes,Yes,74,5,filler,none,46,correct
Yes,Yes,74,5,filler,none,46,correct
Yes,Yes,74,5,filler,none,46,correct
Yes,Yes,74,5,filler,none,46,correct
Yes,Yes,74,5,filler,none,46,correct
Yes,Yes,74,5,filler,none,46,correct
Yes,Yes,74,5,filler,none,46,correct
Yes,Yes,74,5,filler,none,46,correct
Yes,Yes,75,5,filler,none,46,correct
Yes,Yes,75,5,filler,none,46,correct
Yes,Yes,75,5,filler,none,46,correct
Yes,Yes,75,5,filler,none,46,correct
Yes,Yes,75,5,filler,none,46,correct
Yes,Yes,75,5,filler,none,46,correct
Yes,Yes,75,5,filler,none,46,correct
Yes,Yes,75,5,filler,none,46,correct
Yes,Yes,75,5,filler,none,46,correct
Yes,Yes,75,5,filler,none,46,correct
Yes,Yes,75,5,filler,none,46,correct
Yes,Yes,75,5,filler,none,46,correct
Yes,Yes,75,5,filler,none,46,correct
Yes,Yes,77,5,filler,none,46,correct
Yes,Yes,77,5,filler,none,46,correct
Yes,Yes,77,5,filler,none,46,correct
Yes,Yes,77,5,filler,none,46,correct
Yes,Yes,77,5,filler,none,46,correct
Yes,Yes,77,5,filler,none,46,correct
Yes,Yes,77,5,filler,none,46,correct
Yes,Yes,77,5,filler,none,46,correct
Yes,Yes,77,5,filler,none,46,correct
Yes,Yes,77,5,filler,none,46,correct
Yes,Yes,77,5,filler,none,46,correct
Yes,Yes,77,5,filler,none,46,correct
Yes,Yes,77,5,filler,none,46,correct
No,No,78,5,filler,none,46,correct
No,No,78,5,filler,none,46,correct
No,No,78,5,filler,none,46,correct
No,No,78,5,filler,none,46,correct
No,No,78,5,filler,none,46,correct
No,No,78,5,filler,none,46,correct
No,No,78,5,filler,none,46,correct
No,No,78,5,filler,none,46,correct
No,No,78,5,filler,none,46,correct
No,No,78,5,filler,none,46,correct
No,No,78,5,filler,none,46,correct
No,No,78,5,filler,none,46,correct
No,No,78,5,filler,none,46,correct
No,No,80,5,filler,none,46,correct
No,No,80,5,filler,none,46,correct
No,No,80,5,filler,none,46,correct
No,No,80,5,filler,none,46,correct
No,No,80,5,filler,none,46,correct
No,No,80,5,filler,none,46,correct
No,No,80,5,filler,none,46,correct
No,No,80,5,filler,none,46,correct
No,No,80,5,filler,none,46,correct
No,No,80,5,filler,none,46,correct
No,No,80,5,filler,none,46,correct
No,No,80,5,filler,none,46,correct
No,No,80,5,filler,none,46,correct
No,No,82,5,filler,none,46,correct
No,No,82,5,filler,none,46,correct
No,No,82,5,filler,none,46,correct
No,No,82,5,filler,none,46,correct
No,No,82,5,filler,none,46,correct
No,No,82,5,filler,none,46,correct
No,No,82,5,filler,none,46,correct
No,No,82,5,filler,none,46,correct
No,No,82,5,filler,none,46,correct
No,No,82,5,filler,none,46,correct
No,No,82,5,filler,none,46,correct
No,No,82,5,filler,none,46,correct
No,No,82,5,filler,none,46,correct
No,No,84,5,filler,none,46,correct
No,No,84,5,filler,none,46,correct
No,No,84,5,filler,none,46,correct
No,No,84,5,filler,none,46,correct
No,No,84,5,filler,none,46,correct
No,No,84,5,filler,none,46,correct
No,No,84,5,filler,none,46,correct
No,No,84,5,filler,none,46,correct
No,No,84,5,filler,none,46,correct
No,No,84,5,filler,none,46,correct
No,No,84,5,filler,none,46,correct
No,No,84,5,filler,none,46,correct
No,No,84,5,filler,none,46,correct
No,No,87,5,filler,none,46,correct
No,No,87,5,filler,none,46,correct
No,No,87,5,filler,none,46,correct
No,No,87,5,filler,none,46,correct
No,No,87,5,filler,none,46,correct
No,No,87,5,filler,none,46,correct
No,No,87,5,filler,none,46,correct
No,No,87,5,filler,none,46,correct
No,No,87,5,filler,none,46,correct
No,No,87,5,filler,none,46,correct
No,No,87,5,filler,none,46,correct
No,No,87,5,filler,none,46,correct
No,No,87,5,filler,none,46,correct
No,No,89,5,filler,none,46,correct
No,No,89,5,filler,none,46,correct
No,No,89,5,filler,none,46,correct
No,No,89,5,filler,none,46,correct
No,No,89,5,filler,none,46,correct
No,No,89,5,filler,none,46,correct
No,No,89,5,filler,none,46,correct
No,No,89,5,filler,none,46,correct
No,No,89,5,filler,none,46,correct
No,No,89,5,filler,none,46,correct
No,No,89,5,filler,none,46,correct
No,No,89,5,filler,none,46,correct
No,No,89,5,filler,none,46,correct
Yes,Yes,1,6,nomove,DP,47,correct
Yes,Yes,1,6,nomove,DP,47,correct
Yes,Yes,1,6,nomove,DP,47,correct
Yes,Yes,1,6,nomove,DP,47,correct
Yes,Yes,1,6,nomove,DP,47,correct
Yes,Yes,2,6,nomove,unacc,47,correct
Yes,Yes,2,6,nomove,unacc,47,correct
Yes,Yes,2,6,nomove,unacc,47,correct
Yes,Yes,2,6,nomove,unacc,47,correct
Yes,Yes,2,6,nomove,unacc,47,correct
No,No,5,6,move,unacc,47,correct
No,No,5,6,move,unacc,47,correct
No,No,5,6,move,unacc,47,correct
No,No,5,6,move,unacc,47,correct
No,No,5,6,move,unacc,47,correct
Yes,Yes,6,6,move,CP,47,correct
Yes,Yes,6,6,move,CP,47,correct
Yes,Yes,6,6,move,CP,47,correct
Yes,Yes,6,6,move,CP,47,correct
Yes,Yes,6,6,move,CP,47,correct
Yes,Yes,7,6,nomove,DP,47,correct
Yes,Yes,7,6,nomove,DP,47,correct
Yes,Yes,7,6,nomove,DP,47,correct
Yes,Yes,7,6,nomove,DP,47,correct
Yes,Yes,7,6,nomove,DP,47,correct
No,Yes,11,6,move,unacc,47,incorrect
No,Yes,11,6,move,unacc,47,incorrect
No,Yes,11,6,move,unacc,47,incorrect
No,Yes,11,6,move,unacc,47,incorrect
No,Yes,11,6,move,unacc,47,incorrect
Yes,Yes,13,6,nomove,DP,47,correct
Yes,Yes,13,6,nomove,DP,47,correct
Yes,Yes,13,6,nomove,DP,47,correct
Yes,Yes,13,6,nomove,DP,47,correct
Yes,Yes,13,6,nomove,DP,47,correct
Yes,Yes,14,6,nomove,unacc,47,correct
Yes,Yes,14,6,nomove,unacc,47,correct
Yes,Yes,14,6,nomove,unacc,47,correct
Yes,Yes,14,6,nomove,unacc,47,correct
Yes,Yes,14,6,nomove,unacc,47,correct
Yes,Yes,17,6,move,DP,47,correct
Yes,Yes,17,6,move,DP,47,correct
Yes,Yes,17,6,move,DP,47,correct
Yes,Yes,17,6,move,DP,47,correct
Yes,Yes,17,6,move,DP,47,correct
No,Yes,19,6,nomove,DP,47,incorrect
No,Yes,19,6,nomove,DP,47,incorrect
No,Yes,19,6,nomove,DP,47,incorrect
No,Yes,19,6,nomove,DP,47,incorrect
No,Yes,19,6,nomove,DP,47,incorrect
Yes,Yes,21,6,nomove,CP,47,correct
Yes,Yes,21,6,nomove,CP,47,correct
Yes,Yes,21,6,nomove,CP,47,correct
Yes,Yes,21,6,nomove,CP,47,correct
Yes,Yes,21,6,nomove,CP,47,correct
No,Yes,22,6,move,DP,47,incorrect
No,Yes,22,6,move,DP,47,incorrect
No,Yes,22,6,move,DP,47,incorrect
No,Yes,22,6,move,DP,47,incorrect
No,Yes,22,6,move,DP,47,incorrect
No,No,25,6,nomove,DP,47,correct
No,No,25,6,nomove,DP,47,correct
No,No,25,6,nomove,DP,47,correct
No,No,25,6,nomove,DP,47,correct
No,No,25,6,nomove,DP,47,correct
Yes,Yes,30,6,move,CP,47,correct
Yes,Yes,30,6,move,CP,47,correct
Yes,Yes,30,6,move,CP,47,correct
Yes,Yes,30,6,move,CP,47,correct
Yes,Yes,30,6,move,CP,47,correct
No,No,31,6,nomove,DP,47,correct
No,No,31,6,nomove,DP,47,correct
No,No,31,6,nomove,DP,47,correct
No,No,31,6,nomove,DP,47,correct
No,No,31,6,nomove,DP,47,correct
Yes,Yes,32,6,nomove,unacc,47,correct
Yes,Yes,32,6,nomove,unacc,47,correct
Yes,Yes,32,6,nomove,unacc,47,correct
Yes,Yes,32,6,nomove,unacc,47,correct
Yes,Yes,32,6,nomove,unacc,47,correct
Yes,No,33,6,nomove,CP,47,incorrect
Yes,No,33,6,nomove,CP,47,incorrect
Yes,No,33,6,nomove,CP,47,incorrect
Yes,No,33,6,nomove,CP,47,incorrect
Yes,No,33,6,nomove,CP,47,incorrect
Yes,Yes,35,6,move,unacc,47,correct
Yes,Yes,35,6,move,unacc,47,correct
Yes,Yes,35,6,move,unacc,47,correct
Yes,Yes,35,6,move,unacc,47,correct
Yes,Yes,35,6,move,unacc,47,correct
No,No,37,6,filler,none,47,correct
No,No,37,6,filler,none,47,correct
No,No,37,6,filler,none,47,correct
No,No,37,6,filler,none,47,correct
No,No,37,6,filler,none,47,correct
No,No,37,6,filler,none,47,correct
No,No,37,6,filler,none,47,correct
No,No,37,6,filler,none,47,correct
No,No,37,6,filler,none,47,correct
No,No,37,6,filler,none,47,correct
No,No,37,6,filler,none,47,correct
No,No,38,6,filler,none,47,correct
No,No,38,6,filler,none,47,correct
No,No,38,6,filler,none,47,correct
No,No,38,6,filler,none,47,correct
No,No,38,6,filler,none,47,correct
No,No,38,6,filler,none,47,correct
No,No,38,6,filler,none,47,correct
No,No,38,6,filler,none,47,correct
No,No,38,6,filler,none,47,correct
No,No,38,6,filler,none,47,correct
No,No,38,6,filler,none,47,correct
No,No,39,6,filler,none,47,correct
No,No,39,6,filler,none,47,correct
No,No,39,6,filler,none,47,correct
No,No,39,6,filler,none,47,correct
No,No,39,6,filler,none,47,correct
No,No,39,6,filler,none,47,correct
No,No,39,6,filler,none,47,correct
No,No,39,6,filler,none,47,correct
No,No,39,6,filler,none,47,correct
No,No,39,6,filler,none,47,correct
No,No,39,6,filler,none,47,correct
Yes,Yes,43,6,filler,none,47,correct
Yes,Yes,43,6,filler,none,47,correct
Yes,Yes,43,6,filler,none,47,correct
Yes,Yes,43,6,filler,none,47,correct
Yes,Yes,43,6,filler,none,47,correct
Yes,Yes,43,6,filler,none,47,correct
Yes,Yes,43,6,filler,none,47,correct
Yes,Yes,43,6,filler,none,47,correct
Yes,Yes,43,6,filler,none,47,correct
Yes,Yes,43,6,filler,none,47,correct
Yes,Yes,43,6,filler,none,47,correct
No,No,44,6,filler,none,47,correct
No,No,44,6,filler,none,47,correct
No,No,44,6,filler,none,47,correct
No,No,44,6,filler,none,47,correct
No,No,44,6,filler,none,47,correct
No,No,44,6,filler,none,47,correct
No,No,44,6,filler,none,47,correct
No,No,44,6,filler,none,47,correct
No,No,44,6,filler,none,47,correct
No,No,44,6,filler,none,47,correct
No,No,44,6,filler,none,47,correct
No,No,46,6,filler,none,47,correct
No,No,46,6,filler,none,47,correct
No,No,46,6,filler,none,47,correct
No,No,46,6,filler,none,47,correct
No,No,46,6,filler,none,47,correct
No,No,46,6,filler,none,47,correct
No,No,46,6,filler,none,47,correct
No,No,46,6,filler,none,47,correct
No,No,46,6,filler,none,47,correct
No,No,46,6,filler,none,47,correct
No,No,46,6,filler,none,47,correct
Yes,Yes,48,6,filler,none,47,correct
Yes,Yes,48,6,filler,none,47,correct
Yes,Yes,48,6,filler,none,47,correct
Yes,Yes,48,6,filler,none,47,correct
Yes,Yes,48,6,filler,none,47,correct
Yes,Yes,48,6,filler,none,47,correct
Yes,Yes,48,6,filler,none,47,correct
Yes,Yes,48,6,filler,none,47,correct
Yes,Yes,48,6,filler,none,47,correct
Yes,Yes,48,6,filler,none,47,correct
Yes,Yes,48,6,filler,none,47,correct
No,No,50,6,filler,none,47,correct
No,No,50,6,filler,none,47,correct
No,No,50,6,filler,none,47,correct
No,No,50,6,filler,none,47,correct
No,No,50,6,filler,none,47,correct
No,No,50,6,filler,none,47,correct
No,No,50,6,filler,none,47,correct
No,No,50,6,filler,none,47,correct
No,No,50,6,filler,none,47,correct
No,No,50,6,filler,none,47,correct
No,No,50,6,filler,none,47,correct
Yes,Yes,52,6,filler,none,47,correct
Yes,Yes,52,6,filler,none,47,correct
Yes,Yes,52,6,filler,none,47,correct
Yes,Yes,52,6,filler,none,47,correct
Yes,Yes,52,6,filler,none,47,correct
Yes,Yes,52,6,filler,none,47,correct
Yes,Yes,52,6,filler,none,47,correct
Yes,Yes,52,6,filler,none,47,correct
Yes,Yes,52,6,filler,none,47,correct
Yes,Yes,52,6,filler,none,47,correct
Yes,Yes,52,6,filler,none,47,correct
No,No,53,6,filler,none,47,correct
No,No,53,6,filler,none,47,correct
No,No,53,6,filler,none,47,correct
No,No,53,6,filler,none,47,correct
No,No,53,6,filler,none,47,correct
No,No,53,6,filler,none,47,correct
No,No,53,6,filler,none,47,correct
No,No,53,6,filler,none,47,correct
No,No,53,6,filler,none,47,correct
No,No,53,6,filler,none,47,correct
No,No,53,6,filler,none,47,correct
Yes,Yes,58,6,filler,none,47,correct
Yes,Yes,58,6,filler,none,47,correct
Yes,Yes,58,6,filler,none,47,correct
Yes,Yes,58,6,filler,none,47,correct
Yes,Yes,58,6,filler,none,47,correct
Yes,Yes,58,6,filler,none,47,correct
Yes,Yes,58,6,filler,none,47,correct
Yes,Yes,58,6,filler,none,47,correct
Yes,Yes,58,6,filler,none,47,correct
Yes,Yes,58,6,filler,none,47,correct
Yes,Yes,58,6,filler,none,47,correct
Yes,Yes,58,6,filler,none,47,correct
No,No,59,6,filler,none,47,correct
No,No,59,6,filler,none,47,correct
No,No,59,6,filler,none,47,correct
No,No,59,6,filler,none,47,correct
No,No,59,6,filler,none,47,correct
No,No,59,6,filler,none,47,correct
No,No,59,6,filler,none,47,correct
No,No,59,6,filler,none,47,correct
No,No,59,6,filler,none,47,correct
No,No,59,6,filler,none,47,correct
No,No,59,6,filler,none,47,correct
No,No,59,6,filler,none,47,correct
No,No,59,6,filler,none,47,correct
No,No,62,6,filler,none,47,correct
No,No,62,6,filler,none,47,correct
No,No,62,6,filler,none,47,correct
No,No,62,6,filler,none,47,correct
No,No,62,6,filler,none,47,correct
No,No,62,6,filler,none,47,correct
No,No,62,6,filler,none,47,correct
No,No,62,6,filler,none,47,correct
No,No,62,6,filler,none,47,correct
No,No,62,6,filler,none,47,correct
No,No,62,6,filler,none,47,correct
No,No,62,6,filler,none,47,correct
Yes,Yes,64,6,filler,none,47,correct
Yes,Yes,64,6,filler,none,47,correct
Yes,Yes,64,6,filler,none,47,correct
Yes,Yes,64,6,filler,none,47,correct
Yes,Yes,64,6,filler,none,47,correct
Yes,Yes,64,6,filler,none,47,correct
Yes,Yes,64,6,filler,none,47,correct
Yes,Yes,64,6,filler,none,47,correct
Yes,Yes,64,6,filler,none,47,correct
Yes,Yes,64,6,filler,none,47,correct
Yes,Yes,64,6,filler,none,47,correct
Yes,Yes,64,6,filler,none,47,correct
No,No,66,6,filler,none,47,correct
No,No,66,6,filler,none,47,correct
No,No,66,6,filler,none,47,correct
No,No,66,6,filler,none,47,correct
No,No,66,6,filler,none,47,correct
No,No,66,6,filler,none,47,correct
No,No,66,6,filler,none,47,correct
No,No,66,6,filler,none,47,correct
No,No,66,6,filler,none,47,correct
No,No,66,6,filler,none,47,correct
No,No,66,6,filler,none,47,correct
No,No,66,6,filler,none,47,correct
No,No,68,6,filler,none,47,correct
No,No,68,6,filler,none,47,correct
No,No,68,6,filler,none,47,correct
No,No,68,6,filler,none,47,correct
No,No,68,6,filler,none,47,correct
No,No,68,6,filler,none,47,correct
No,No,68,6,filler,none,47,correct
No,No,68,6,filler,none,47,correct
No,No,68,6,filler,none,47,correct
No,No,68,6,filler,none,47,correct
No,No,68,6,filler,none,47,correct
No,No,68,6,filler,none,47,correct
No,No,69,6,filler,none,47,correct
No,No,69,6,filler,none,47,correct
No,No,69,6,filler,none,47,correct
No,No,69,6,filler,none,47,correct
No,No,69,6,filler,none,47,correct
No,No,69,6,filler,none,47,correct
No,No,69,6,filler,none,47,correct
No,No,69,6,filler,none,47,correct
No,No,69,6,filler,none,47,correct
No,No,69,6,filler,none,47,correct
No,No,69,6,filler,none,47,correct
No,No,69,6,filler,none,47,correct
Yes,Yes,72,6,filler,none,47,correct
Yes,Yes,72,6,filler,none,47,correct
Yes,Yes,72,6,filler,none,47,correct
Yes,Yes,72,6,filler,none,47,correct
Yes,Yes,72,6,filler,none,47,correct
Yes,Yes,72,6,filler,none,47,correct
Yes,Yes,72,6,filler,none,47,correct
Yes,Yes,72,6,filler,none,47,correct
Yes,Yes,72,6,filler,none,47,correct
Yes,Yes,72,6,filler,none,47,correct
Yes,Yes,72,6,filler,none,47,correct
Yes,Yes,72,6,filler,none,47,correct
No,No,73,6,filler,none,47,correct
No,No,73,6,filler,none,47,correct
No,No,73,6,filler,none,47,correct
No,No,73,6,filler,none,47,correct
No,No,73,6,filler,none,47,correct
No,No,73,6,filler,none,47,correct
No,No,73,6,filler,none,47,correct
No,No,73,6,filler,none,47,correct
No,No,73,6,filler,none,47,correct
No,No,73,6,filler,none,47,correct
No,No,73,6,filler,none,47,correct
No,No,73,6,filler,none,47,correct
No,No,73,6,filler,none,47,correct
Yes,Yes,74,6,filler,none,47,correct
Yes,Yes,74,6,filler,none,47,correct
Yes,Yes,74,6,filler,none,47,correct
Yes,Yes,74,6,filler,none,47,correct
Yes,Yes,74,6,filler,none,47,correct
Yes,Yes,74,6,filler,none,47,correct
Yes,Yes,74,6,filler,none,47,correct
Yes,Yes,74,6,filler,none,47,correct
Yes,Yes,74,6,filler,none,47,correct
Yes,Yes,74,6,filler,none,47,correct
Yes,Yes,74,6,filler,none,47,correct
Yes,Yes,74,6,filler,none,47,correct
Yes,Yes,74,6,filler,none,47,correct
Yes,Yes,75,6,filler,none,47,correct
Yes,Yes,75,6,filler,none,47,correct
Yes,Yes,75,6,filler,none,47,correct
Yes,Yes,75,6,filler,none,47,correct
Yes,Yes,75,6,filler,none,47,correct
Yes,Yes,75,6,filler,none,47,correct
Yes,Yes,75,6,filler,none,47,correct
Yes,Yes,75,6,filler,none,47,correct
Yes,Yes,75,6,filler,none,47,correct
Yes,Yes,75,6,filler,none,47,correct
Yes,Yes,75,6,filler,none,47,correct
Yes,Yes,75,6,filler,none,47,correct
Yes,Yes,75,6,filler,none,47,correct
Yes,Yes,77,6,filler,none,47,correct
Yes,Yes,77,6,filler,none,47,correct
Yes,Yes,77,6,filler,none,47,correct
Yes,Yes,77,6,filler,none,47,correct
Yes,Yes,77,6,filler,none,47,correct
Yes,Yes,77,6,filler,none,47,correct
Yes,Yes,77,6,filler,none,47,correct
Yes,Yes,77,6,filler,none,47,correct
Yes,Yes,77,6,filler,none,47,correct
Yes,Yes,77,6,filler,none,47,correct
Yes,Yes,77,6,filler,none,47,correct
Yes,Yes,77,6,filler,none,47,correct
Yes,Yes,77,6,filler,none,47,correct
No,No,78,6,filler,none,47,correct
No,No,78,6,filler,none,47,correct
No,No,78,6,filler,none,47,correct
No,No,78,6,filler,none,47,correct
No,No,78,6,filler,none,47,correct
No,No,78,6,filler,none,47,correct
No,No,78,6,filler,none,47,correct
No,No,78,6,filler,none,47,correct
No,No,78,6,filler,none,47,correct
No,No,78,6,filler,none,47,correct
No,No,78,6,filler,none,47,correct
No,No,78,6,filler,none,47,correct
No,No,78,6,filler,none,47,correct
No,No,80,6,filler,none,47,correct
No,No,80,6,filler,none,47,correct
No,No,80,6,filler,none,47,correct
No,No,80,6,filler,none,47,correct
No,No,80,6,filler,none,47,correct
No,No,80,6,filler,none,47,correct
No,No,80,6,filler,none,47,correct
No,No,80,6,filler,none,47,correct
No,No,80,6,filler,none,47,correct
No,No,80,6,filler,none,47,correct
No,No,80,6,filler,none,47,correct
No,No,80,6,filler,none,47,correct
No,No,80,6,filler,none,47,correct
No,No,82,6,filler,none,47,correct
No,No,82,6,filler,none,47,correct
No,No,82,6,filler,none,47,correct
No,No,82,6,filler,none,47,correct
No,No,82,6,filler,none,47,correct
No,No,82,6,filler,none,47,correct
No,No,82,6,filler,none,47,correct
No,No,82,6,filler,none,47,correct
No,No,82,6,filler,none,47,correct
No,No,82,6,filler,none,47,correct
No,No,82,6,filler,none,47,correct
No,No,82,6,filler,none,47,correct
No,No,82,6,filler,none,47,correct
No,No,84,6,filler,none,47,correct
No,No,84,6,filler,none,47,correct
No,No,84,6,filler,none,47,correct
No,No,84,6,filler,none,47,correct
No,No,84,6,filler,none,47,correct
No,No,84,6,filler,none,47,correct
No,No,84,6,filler,none,47,correct
No,No,84,6,filler,none,47,correct
No,No,84,6,filler,none,47,correct
No,No,84,6,filler,none,47,correct
No,No,84,6,filler,none,47,correct
No,No,84,6,filler,none,47,correct
No,No,84,6,filler,none,47,correct
No,No,87,6,filler,none,47,correct
No,No,87,6,filler,none,47,correct
No,No,87,6,filler,none,47,correct
No,No,87,6,filler,none,47,correct
No,No,87,6,filler,none,47,correct
No,No,87,6,filler,none,47,correct
No,No,87,6,filler,none,47,correct
No,No,87,6,filler,none,47,correct
No,No,87,6,filler,none,47,correct
No,No,87,6,filler,none,47,correct
No,No,87,6,filler,none,47,correct
No,No,87,6,filler,none,47,correct
No,No,87,6,filler,none,47,correct
No,No,89,6,filler,none,47,correct
No,No,89,6,filler,none,47,correct
No,No,89,6,filler,none,47,correct
No,No,89,6,filler,none,47,correct
No,No,89,6,filler,none,47,correct
No,No,89,6,filler,none,47,correct
No,No,89,6,filler,none,47,correct
No,No,89,6,filler,none,47,correct
No,No,89,6,filler,none,47,correct
No,No,89,6,filler,none,47,correct
No,No,89,6,filler,none,47,correct
No,No,89,6,filler,none,47,correct
No,No,89,6,filler,none,47,correct
Yes,Yes,1,1,move,CP,48,correct
Yes,Yes,1,1,move,CP,48,correct
Yes,Yes,1,1,move,CP,48,correct
Yes,Yes,1,1,move,CP,48,correct
Yes,Yes,1,1,move,CP,48,correct
Yes,Yes,2,1,nomove,DP,48,correct
Yes,Yes,2,1,nomove,DP,48,correct
Yes,Yes,2,1,nomove,DP,48,correct
Yes,Yes,2,1,nomove,DP,48,correct
Yes,Yes,2,1,nomove,DP,48,correct
No,No,5,1,move,DP,48,correct
No,No,5,1,move,DP,48,correct
No,No,5,1,move,DP,48,correct
No,No,5,1,move,DP,48,correct
No,No,5,1,move,DP,48,correct
Yes,Yes,6,1,move,unacc,48,correct
Yes,Yes,6,1,move,unacc,48,correct
Yes,Yes,6,1,move,unacc,48,correct
Yes,Yes,6,1,move,unacc,48,correct
Yes,Yes,6,1,move,unacc,48,correct
No,Yes,7,1,move,CP,48,incorrect
No,Yes,7,1,move,CP,48,incorrect
No,Yes,7,1,move,CP,48,incorrect
No,Yes,7,1,move,CP,48,incorrect
No,Yes,7,1,move,CP,48,incorrect
Yes,Yes,11,1,move,DP,48,correct
Yes,Yes,11,1,move,DP,48,correct
Yes,Yes,11,1,move,DP,48,correct
Yes,Yes,11,1,move,DP,48,correct
Yes,Yes,11,1,move,DP,48,correct
Yes,Yes,13,1,move,CP,48,correct
Yes,Yes,13,1,move,CP,48,correct
Yes,Yes,13,1,move,CP,48,correct
Yes,Yes,13,1,move,CP,48,correct
Yes,Yes,13,1,move,CP,48,correct
Yes,Yes,14,1,nomove,DP,48,correct
Yes,Yes,14,1,nomove,DP,48,correct
Yes,Yes,14,1,nomove,DP,48,correct
Yes,Yes,14,1,nomove,DP,48,correct
Yes,Yes,14,1,nomove,DP,48,correct
Yes,Yes,17,1,nomove,CP,48,correct
Yes,Yes,17,1,nomove,CP,48,correct
Yes,Yes,17,1,nomove,CP,48,correct
Yes,Yes,17,1,nomove,CP,48,correct
Yes,Yes,17,1,nomove,CP,48,correct
Yes,Yes,19,1,move,CP,48,correct
Yes,Yes,19,1,move,CP,48,correct
Yes,Yes,19,1,move,CP,48,correct
Yes,Yes,19,1,move,CP,48,correct
Yes,Yes,19,1,move,CP,48,correct
Yes,Yes,21,1,nomove,unacc,48,correct
Yes,Yes,21,1,nomove,unacc,48,correct
Yes,Yes,21,1,nomove,unacc,48,correct
Yes,Yes,21,1,nomove,unacc,48,correct
Yes,Yes,21,1,nomove,unacc,48,correct
Yes,Yes,22,1,nomove,CP,48,correct
Yes,Yes,22,1,nomove,CP,48,correct
Yes,Yes,22,1,nomove,CP,48,correct
Yes,Yes,22,1,nomove,CP,48,correct
Yes,Yes,22,1,nomove,CP,48,correct
No,No,25,1,move,CP,48,correct
No,No,25,1,move,CP,48,correct
No,No,25,1,move,CP,48,correct
No,No,25,1,move,CP,48,correct
No,No,25,1,move,CP,48,correct
Yes,Yes,30,1,move,unacc,48,correct
Yes,Yes,30,1,move,unacc,48,correct
Yes,Yes,30,1,move,unacc,48,correct
Yes,Yes,30,1,move,unacc,48,correct
Yes,Yes,30,1,move,unacc,48,correct
No,No,31,1,move,CP,48,correct
No,No,31,1,move,CP,48,correct
No,No,31,1,move,CP,48,correct
No,No,31,1,move,CP,48,correct
No,No,31,1,move,CP,48,correct
Yes,Yes,32,1,nomove,DP,48,correct
Yes,Yes,32,1,nomove,DP,48,correct
Yes,Yes,32,1,nomove,DP,48,correct
Yes,Yes,32,1,nomove,DP,48,correct
Yes,Yes,32,1,nomove,DP,48,correct
No,No,33,1,nomove,unacc,48,correct
No,No,33,1,nomove,unacc,48,correct
No,No,33,1,nomove,unacc,48,correct
No,No,33,1,nomove,unacc,48,correct
No,No,33,1,nomove,unacc,48,correct
No,Yes,35,1,move,DP,48,incorrect
No,Yes,35,1,move,DP,48,incorrect
No,Yes,35,1,move,DP,48,incorrect
No,Yes,35,1,move,DP,48,incorrect
No,Yes,35,1,move,DP,48,incorrect
No,No,37,1,filler,none,48,correct
No,No,37,1,filler,none,48,correct
No,No,37,1,filler,none,48,correct
No,No,37,1,filler,none,48,correct
No,No,37,1,filler,none,48,correct
No,No,37,1,filler,none,48,correct
No,No,37,1,filler,none,48,correct
No,No,37,1,filler,none,48,correct
No,No,37,1,filler,none,48,correct
No,No,37,1,filler,none,48,correct
No,No,37,1,filler,none,48,correct
No,No,38,1,filler,none,48,correct
No,No,38,1,filler,none,48,correct
No,No,38,1,filler,none,48,correct
No,No,38,1,filler,none,48,correct
No,No,38,1,filler,none,48,correct
No,No,38,1,filler,none,48,correct
No,No,38,1,filler,none,48,correct
No,No,38,1,filler,none,48,correct
No,No,38,1,filler,none,48,correct
No,No,38,1,filler,none,48,correct
No,No,38,1,filler,none,48,correct
No,No,39,1,filler,none,48,correct
No,No,39,1,filler,none,48,correct
No,No,39,1,filler,none,48,correct
No,No,39,1,filler,none,48,correct
No,No,39,1,filler,none,48,correct
No,No,39,1,filler,none,48,correct
No,No,39,1,filler,none,48,correct
No,No,39,1,filler,none,48,correct
No,No,39,1,filler,none,48,correct
No,No,39,1,filler,none,48,correct
No,No,39,1,filler,none,48,correct
Yes,Yes,43,1,filler,none,48,correct
Yes,Yes,43,1,filler,none,48,correct
Yes,Yes,43,1,filler,none,48,correct
Yes,Yes,43,1,filler,none,48,correct
Yes,Yes,43,1,filler,none,48,correct
Yes,Yes,43,1,filler,none,48,correct
Yes,Yes,43,1,filler,none,48,correct
Yes,Yes,43,1,filler,none,48,correct
Yes,Yes,43,1,filler,none,48,correct
Yes,Yes,43,1,filler,none,48,correct
Yes,Yes,43,1,filler,none,48,correct
No,No,44,1,filler,none,48,correct
No,No,44,1,filler,none,48,correct
No,No,44,1,filler,none,48,correct
No,No,44,1,filler,none,48,correct
No,No,44,1,filler,none,48,correct
No,No,44,1,filler,none,48,correct
No,No,44,1,filler,none,48,correct
No,No,44,1,filler,none,48,correct
No,No,44,1,filler,none,48,correct
No,No,44,1,filler,none,48,correct
No,No,44,1,filler,none,48,correct
No,No,46,1,filler,none,48,correct
No,No,46,1,filler,none,48,correct
No,No,46,1,filler,none,48,correct
No,No,46,1,filler,none,48,correct
No,No,46,1,filler,none,48,correct
No,No,46,1,filler,none,48,correct
No,No,46,1,filler,none,48,correct
No,No,46,1,filler,none,48,correct
No,No,46,1,filler,none,48,correct
No,No,46,1,filler,none,48,correct
No,No,46,1,filler,none,48,correct
Yes,Yes,48,1,filler,none,48,correct
Yes,Yes,48,1,filler,none,48,correct
Yes,Yes,48,1,filler,none,48,correct
Yes,Yes,48,1,filler,none,48,correct
Yes,Yes,48,1,filler,none,48,correct
Yes,Yes,48,1,filler,none,48,correct
Yes,Yes,48,1,filler,none,48,correct
Yes,Yes,48,1,filler,none,48,correct
Yes,Yes,48,1,filler,none,48,correct
Yes,Yes,48,1,filler,none,48,correct
Yes,Yes,48,1,filler,none,48,correct
No,No,50,1,filler,none,48,correct
No,No,50,1,filler,none,48,correct
No,No,50,1,filler,none,48,correct
No,No,50,1,filler,none,48,correct
No,No,50,1,filler,none,48,correct
No,No,50,1,filler,none,48,correct
No,No,50,1,filler,none,48,correct
No,No,50,1,filler,none,48,correct
No,No,50,1,filler,none,48,correct
No,No,50,1,filler,none,48,correct
No,No,50,1,filler,none,48,correct
Yes,Yes,52,1,filler,none,48,correct
Yes,Yes,52,1,filler,none,48,correct
Yes,Yes,52,1,filler,none,48,correct
Yes,Yes,52,1,filler,none,48,correct
Yes,Yes,52,1,filler,none,48,correct
Yes,Yes,52,1,filler,none,48,correct
Yes,Yes,52,1,filler,none,48,correct
Yes,Yes,52,1,filler,none,48,correct
Yes,Yes,52,1,filler,none,48,correct
Yes,Yes,52,1,filler,none,48,correct
Yes,Yes,52,1,filler,none,48,correct
No,No,53,1,filler,none,48,correct
No,No,53,1,filler,none,48,correct
No,No,53,1,filler,none,48,correct
No,No,53,1,filler,none,48,correct
No,No,53,1,filler,none,48,correct
No,No,53,1,filler,none,48,correct
No,No,53,1,filler,none,48,correct
No,No,53,1,filler,none,48,correct
No,No,53,1,filler,none,48,correct
No,No,53,1,filler,none,48,correct
No,No,53,1,filler,none,48,correct
Yes,Yes,58,1,filler,none,48,correct
Yes,Yes,58,1,filler,none,48,correct
Yes,Yes,58,1,filler,none,48,correct
Yes,Yes,58,1,filler,none,48,correct
Yes,Yes,58,1,filler,none,48,correct
Yes,Yes,58,1,filler,none,48,correct
Yes,Yes,58,1,filler,none,48,correct
Yes,Yes,58,1,filler,none,48,correct
Yes,Yes,58,1,filler,none,48,correct
Yes,Yes,58,1,filler,none,48,correct
Yes,Yes,58,1,filler,none,48,correct
Yes,Yes,58,1,filler,none,48,correct
No,No,59,1,filler,none,48,correct
No,No,59,1,filler,none,48,correct
No,No,59,1,filler,none,48,correct
No,No,59,1,filler,none,48,correct
No,No,59,1,filler,none,48,correct
No,No,59,1,filler,none,48,correct
No,No,59,1,filler,none,48,correct
No,No,59,1,filler,none,48,correct
No,No,59,1,filler,none,48,correct
No,No,59,1,filler,none,48,correct
No,No,59,1,filler,none,48,correct
No,No,59,1,filler,none,48,correct
No,No,59,1,filler,none,48,correct
No,No,62,1,filler,none,48,correct
No,No,62,1,filler,none,48,correct
No,No,62,1,filler,none,48,correct
No,No,62,1,filler,none,48,correct
No,No,62,1,filler,none,48,correct
No,No,62,1,filler,none,48,correct
No,No,62,1,filler,none,48,correct
No,No,62,1,filler,none,48,correct
No,No,62,1,filler,none,48,correct
No,No,62,1,filler,none,48,correct
No,No,62,1,filler,none,48,correct
No,No,62,1,filler,none,48,correct
Yes,Yes,64,1,filler,none,48,correct
Yes,Yes,64,1,filler,none,48,correct
Yes,Yes,64,1,filler,none,48,correct
Yes,Yes,64,1,filler,none,48,correct
Yes,Yes,64,1,filler,none,48,correct
Yes,Yes,64,1,filler,none,48,correct
Yes,Yes,64,1,filler,none,48,correct
Yes,Yes,64,1,filler,none,48,correct
Yes,Yes,64,1,filler,none,48,correct
Yes,Yes,64,1,filler,none,48,correct
Yes,Yes,64,1,filler,none,48,correct
Yes,Yes,64,1,filler,none,48,correct
No,No,66,1,filler,none,48,correct
No,No,66,1,filler,none,48,correct
No,No,66,1,filler,none,48,correct
No,No,66,1,filler,none,48,correct
No,No,66,1,filler,none,48,correct
No,No,66,1,filler,none,48,correct
No,No,66,1,filler,none,48,correct
No,No,66,1,filler,none,48,correct
No,No,66,1,filler,none,48,correct
No,No,66,1,filler,none,48,correct
No,No,66,1,filler,none,48,correct
No,No,66,1,filler,none,48,correct
No,No,68,1,filler,none,48,correct
No,No,68,1,filler,none,48,correct
No,No,68,1,filler,none,48,correct
No,No,68,1,filler,none,48,correct
No,No,68,1,filler,none,48,correct
No,No,68,1,filler,none,48,correct
No,No,68,1,filler,none,48,correct
No,No,68,1,filler,none,48,correct
No,No,68,1,filler,none,48,correct
No,No,68,1,filler,none,48,correct
No,No,68,1,filler,none,48,correct
No,No,68,1,filler,none,48,correct
No,No,69,1,filler,none,48,correct
No,No,69,1,filler,none,48,correct
No,No,69,1,filler,none,48,correct
No,No,69,1,filler,none,48,correct
No,No,69,1,filler,none,48,correct
No,No,69,1,filler,none,48,correct
No,No,69,1,filler,none,48,correct
No,No,69,1,filler,none,48,correct
No,No,69,1,filler,none,48,correct
No,No,69,1,filler,none,48,correct
No,No,69,1,filler,none,48,correct
No,No,69,1,filler,none,48,correct
Yes,Yes,72,1,filler,none,48,correct
Yes,Yes,72,1,filler,none,48,correct
Yes,Yes,72,1,filler,none,48,correct
Yes,Yes,72,1,filler,none,48,correct
Yes,Yes,72,1,filler,none,48,correct
Yes,Yes,72,1,filler,none,48,correct
Yes,Yes,72,1,filler,none,48,correct
Yes,Yes,72,1,filler,none,48,correct
Yes,Yes,72,1,filler,none,48,correct
Yes,Yes,72,1,filler,none,48,correct
Yes,Yes,72,1,filler,none,48,correct
Yes,Yes,72,1,filler,none,48,correct
No,No,73,1,filler,none,48,correct
No,No,73,1,filler,none,48,correct
No,No,73,1,filler,none,48,correct
No,No,73,1,filler,none,48,correct
No,No,73,1,filler,none,48,correct
No,No,73,1,filler,none,48,correct
No,No,73,1,filler,none,48,correct
No,No,73,1,filler,none,48,correct
No,No,73,1,filler,none,48,correct
No,No,73,1,filler,none,48,correct
No,No,73,1,filler,none,48,correct
No,No,73,1,filler,none,48,correct
No,No,73,1,filler,none,48,correct
Yes,Yes,74,1,filler,none,48,correct
Yes,Yes,74,1,filler,none,48,correct
Yes,Yes,74,1,filler,none,48,correct
Yes,Yes,74,1,filler,none,48,correct
Yes,Yes,74,1,filler,none,48,correct
Yes,Yes,74,1,filler,none,48,correct
Yes,Yes,74,1,filler,none,48,correct
Yes,Yes,74,1,filler,none,48,correct
Yes,Yes,74,1,filler,none,48,correct
Yes,Yes,74,1,filler,none,48,correct
Yes,Yes,74,1,filler,none,48,correct
Yes,Yes,74,1,filler,none,48,correct
Yes,Yes,74,1,filler,none,48,correct
Yes,Yes,75,1,filler,none,48,correct
Yes,Yes,75,1,filler,none,48,correct
Yes,Yes,75,1,filler,none,48,correct
Yes,Yes,75,1,filler,none,48,correct
Yes,Yes,75,1,filler,none,48,correct
Yes,Yes,75,1,filler,none,48,correct
Yes,Yes,75,1,filler,none,48,correct
Yes,Yes,75,1,filler,none,48,correct
Yes,Yes,75,1,filler,none,48,correct
Yes,Yes,75,1,filler,none,48,correct
Yes,Yes,75,1,filler,none,48,correct
Yes,Yes,75,1,filler,none,48,correct
Yes,Yes,75,1,filler,none,48,correct
Yes,Yes,77,1,filler,none,48,correct
Yes,Yes,77,1,filler,none,48,correct
Yes,Yes,77,1,filler,none,48,correct
Yes,Yes,77,1,filler,none,48,correct
Yes,Yes,77,1,filler,none,48,correct
Yes,Yes,77,1,filler,none,48,correct
Yes,Yes,77,1,filler,none,48,correct
Yes,Yes,77,1,filler,none,48,correct
Yes,Yes,77,1,filler,none,48,correct
Yes,Yes,77,1,filler,none,48,correct
Yes,Yes,77,1,filler,none,48,correct
Yes,Yes,77,1,filler,none,48,correct
Yes,Yes,77,1,filler,none,48,correct
No,No,78,1,filler,none,48,correct
No,No,78,1,filler,none,48,correct
No,No,78,1,filler,none,48,correct
No,No,78,1,filler,none,48,correct
No,No,78,1,filler,none,48,correct
No,No,78,1,filler,none,48,correct
No,No,78,1,filler,none,48,correct
No,No,78,1,filler,none,48,correct
No,No,78,1,filler,none,48,correct
No,No,78,1,filler,none,48,correct
No,No,78,1,filler,none,48,correct
No,No,78,1,filler,none,48,correct
No,No,78,1,filler,none,48,correct
No,No,80,1,filler,none,48,correct
No,No,80,1,filler,none,48,correct
No,No,80,1,filler,none,48,correct
No,No,80,1,filler,none,48,correct
No,No,80,1,filler,none,48,correct
No,No,80,1,filler,none,48,correct
No,No,80,1,filler,none,48,correct
No,No,80,1,filler,none,48,correct
No,No,80,1,filler,none,48,correct
No,No,80,1,filler,none,48,correct
No,No,80,1,filler,none,48,correct
No,No,80,1,filler,none,48,correct
No,No,80,1,filler,none,48,correct
No,No,82,1,filler,none,48,correct
No,No,82,1,filler,none,48,correct
No,No,82,1,filler,none,48,correct
No,No,82,1,filler,none,48,correct
No,No,82,1,filler,none,48,correct
No,No,82,1,filler,none,48,correct
No,No,82,1,filler,none,48,correct
No,No,82,1,filler,none,48,correct
No,No,82,1,filler,none,48,correct
No,No,82,1,filler,none,48,correct
No,No,82,1,filler,none,48,correct
No,No,82,1,filler,none,48,correct
No,No,82,1,filler,none,48,correct
No,No,84,1,filler,none,48,correct
No,No,84,1,filler,none,48,correct
No,No,84,1,filler,none,48,correct
No,No,84,1,filler,none,48,correct
No,No,84,1,filler,none,48,correct
No,No,84,1,filler,none,48,correct
No,No,84,1,filler,none,48,correct
No,No,84,1,filler,none,48,correct
No,No,84,1,filler,none,48,correct
No,No,84,1,filler,none,48,correct
No,No,84,1,filler,none,48,correct
No,No,84,1,filler,none,48,correct
No,No,84,1,filler,none,48,correct
No,No,87,1,filler,none,48,correct
No,No,87,1,filler,none,48,correct
No,No,87,1,filler,none,48,correct
No,No,87,1,filler,none,48,correct
No,No,87,1,filler,none,48,correct
No,No,87,1,filler,none,48,correct
No,No,87,1,filler,none,48,correct
No,No,87,1,filler,none,48,correct
No,No,87,1,filler,none,48,correct
No,No,87,1,filler,none,48,correct
No,No,87,1,filler,none,48,correct
No,No,87,1,filler,none,48,correct
No,No,87,1,filler,none,48,correct
No,No,89,1,filler,none,48,correct
No,No,89,1,filler,none,48,correct
No,No,89,1,filler,none,48,correct
No,No,89,1,filler,none,48,correct
No,No,89,1,filler,none,48,correct
No,No,89,1,filler,none,48,correct
No,No,89,1,filler,none,48,correct
No,No,89,1,filler,none,48,correct
No,No,89,1,filler,none,48,correct
No,No,89,1,filler,none,48,correct
No,No,89,1,filler,none,48,correct
No,No,89,1,filler,none,48,correct
No,No,89,1,filler,none,48,correct
Yes,Yes,1,2,move,unacc,49,correct
Yes,Yes,1,2,move,unacc,49,correct
Yes,Yes,1,2,move,unacc,49,correct
Yes,Yes,1,2,move,unacc,49,correct
Yes,Yes,1,2,move,unacc,49,correct
Yes,Yes,2,2,move,CP,49,correct
Yes,Yes,2,2,move,CP,49,correct
Yes,Yes,2,2,move,CP,49,correct
Yes,Yes,2,2,move,CP,49,correct
Yes,Yes,2,2,move,CP,49,correct
No,No,5,2,nomove,CP,49,correct
No,No,5,2,nomove,CP,49,correct
No,No,5,2,nomove,CP,49,correct
No,No,5,2,nomove,CP,49,correct
No,No,5,2,nomove,CP,49,correct
Yes,Yes,6,2,move,DP,49,correct
Yes,Yes,6,2,move,DP,49,correct
Yes,Yes,6,2,move,DP,49,correct
Yes,Yes,6,2,move,DP,49,correct
Yes,Yes,6,2,move,DP,49,correct
Yes,Yes,7,2,move,unacc,49,correct
Yes,Yes,7,2,move,unacc,49,correct
Yes,Yes,7,2,move,unacc,49,correct
Yes,Yes,7,2,move,unacc,49,correct
Yes,Yes,7,2,move,unacc,49,correct
Yes,Yes,11,2,nomove,CP,49,correct
Yes,Yes,11,2,nomove,CP,49,correct
Yes,Yes,11,2,nomove,CP,49,correct
Yes,Yes,11,2,nomove,CP,49,correct
Yes,Yes,11,2,nomove,CP,49,correct
Yes,Yes,13,2,move,unacc,49,correct
Yes,Yes,13,2,move,unacc,49,correct
Yes,Yes,13,2,move,unacc,49,correct
Yes,Yes,13,2,move,unacc,49,correct
Yes,Yes,13,2,move,unacc,49,correct
Yes,Yes,14,2,move,CP,49,correct
Yes,Yes,14,2,move,CP,49,correct
Yes,Yes,14,2,move,CP,49,correct
Yes,Yes,14,2,move,CP,49,correct
Yes,Yes,14,2,move,CP,49,correct
Yes,Yes,17,2,nomove,unacc,49,correct
Yes,Yes,17,2,nomove,unacc,49,correct
Yes,Yes,17,2,nomove,unacc,49,correct
Yes,Yes,17,2,nomove,unacc,49,correct
Yes,Yes,17,2,nomove,unacc,49,correct
Yes,Yes,19,2,move,unacc,49,correct
Yes,Yes,19,2,move,unacc,49,correct
Yes,Yes,19,2,move,unacc,49,correct
Yes,Yes,19,2,move,unacc,49,correct
Yes,Yes,19,2,move,unacc,49,correct
Yes,Yes,21,2,nomove,DP,49,correct
Yes,Yes,21,2,nomove,DP,49,correct
Yes,Yes,21,2,nomove,DP,49,correct
Yes,Yes,21,2,nomove,DP,49,correct
Yes,Yes,21,2,nomove,DP,49,correct
Yes,Yes,22,2,nomove,unacc,49,correct
Yes,Yes,22,2,nomove,unacc,49,correct
Yes,Yes,22,2,nomove,unacc,49,correct
Yes,Yes,22,2,nomove,unacc,49,correct
Yes,Yes,22,2,nomove,unacc,49,correct
No,No,25,2,move,unacc,49,correct
No,No,25,2,move,unacc,49,correct
No,No,25,2,move,unacc,49,correct
No,No,25,2,move,unacc,49,correct
No,No,25,2,move,unacc,49,correct
Yes,Yes,30,2,move,DP,49,correct
Yes,Yes,30,2,move,DP,49,correct
Yes,Yes,30,2,move,DP,49,correct
Yes,Yes,30,2,move,DP,49,correct
Yes,Yes,30,2,move,DP,49,correct
No,No,31,2,move,unacc,49,correct
No,No,31,2,move,unacc,49,correct
No,No,31,2,move,unacc,49,correct
No,No,31,2,move,unacc,49,correct
No,No,31,2,move,unacc,49,correct
Yes,Yes,32,2,move,CP,49,correct
Yes,Yes,32,2,move,CP,49,correct
Yes,Yes,32,2,move,CP,49,correct
Yes,Yes,32,2,move,CP,49,correct
Yes,Yes,32,2,move,CP,49,correct
No,No,33,2,nomove,DP,49,correct
No,No,33,2,nomove,DP,49,correct
No,No,33,2,nomove,DP,49,correct
No,No,33,2,nomove,DP,49,correct
No,No,33,2,nomove,DP,49,correct
Yes,Yes,35,2,nomove,CP,49,correct
Yes,Yes,35,2,nomove,CP,49,correct
Yes,Yes,35,2,nomove,CP,49,correct
Yes,Yes,35,2,nomove,CP,49,correct
Yes,Yes,35,2,nomove,CP,49,correct
No,No,37,2,filler,none,49,correct
No,No,37,2,filler,none,49,correct
No,No,37,2,filler,none,49,correct
No,No,37,2,filler,none,49,correct
No,No,37,2,filler,none,49,correct
No,No,37,2,filler,none,49,correct
No,No,37,2,filler,none,49,correct
No,No,37,2,filler,none,49,correct
No,No,37,2,filler,none,49,correct
No,No,37,2,filler,none,49,correct
No,No,37,2,filler,none,49,correct
No,No,38,2,filler,none,49,correct
No,No,38,2,filler,none,49,correct
No,No,38,2,filler,none,49,correct
No,No,38,2,filler,none,49,correct
No,No,38,2,filler,none,49,correct
No,No,38,2,filler,none,49,correct
No,No,38,2,filler,none,49,correct
No,No,38,2,filler,none,49,correct
No,No,38,2,filler,none,49,correct
No,No,38,2,filler,none,49,correct
No,No,38,2,filler,none,49,correct
No,No,39,2,filler,none,49,correct
No,No,39,2,filler,none,49,correct
No,No,39,2,filler,none,49,correct
No,No,39,2,filler,none,49,correct
No,No,39,2,filler,none,49,correct
No,No,39,2,filler,none,49,correct
No,No,39,2,filler,none,49,correct
No,No,39,2,filler,none,49,correct
No,No,39,2,filler,none,49,correct
No,No,39,2,filler,none,49,correct
No,No,39,2,filler,none,49,correct
Yes,Yes,43,2,filler,none,49,correct
Yes,Yes,43,2,filler,none,49,correct
Yes,Yes,43,2,filler,none,49,correct
Yes,Yes,43,2,filler,none,49,correct
Yes,Yes,43,2,filler,none,49,correct
Yes,Yes,43,2,filler,none,49,correct
Yes,Yes,43,2,filler,none,49,correct
Yes,Yes,43,2,filler,none,49,correct
Yes,Yes,43,2,filler,none,49,correct
Yes,Yes,43,2,filler,none,49,correct
Yes,Yes,43,2,filler,none,49,correct
No,No,44,2,filler,none,49,correct
No,No,44,2,filler,none,49,correct
No,No,44,2,filler,none,49,correct
No,No,44,2,filler,none,49,correct
No,No,44,2,filler,none,49,correct
No,No,44,2,filler,none,49,correct
No,No,44,2,filler,none,49,correct
No,No,44,2,filler,none,49,correct
No,No,44,2,filler,none,49,correct
No,No,44,2,filler,none,49,correct
No,No,44,2,filler,none,49,correct
No,No,46,2,filler,none,49,correct
No,No,46,2,filler,none,49,correct
No,No,46,2,filler,none,49,correct
No,No,46,2,filler,none,49,correct
No,No,46,2,filler,none,49,correct
No,No,46,2,filler,none,49,correct
No,No,46,2,filler,none,49,correct
No,No,46,2,filler,none,49,correct
No,No,46,2,filler,none,49,correct
No,No,46,2,filler,none,49,correct
No,No,46,2,filler,none,49,correct
Yes,Yes,48,2,filler,none,49,correct
Yes,Yes,48,2,filler,none,49,correct
Yes,Yes,48,2,filler,none,49,correct
Yes,Yes,48,2,filler,none,49,correct
Yes,Yes,48,2,filler,none,49,correct
Yes,Yes,48,2,filler,none,49,correct
Yes,Yes,48,2,filler,none,49,correct
Yes,Yes,48,2,filler,none,49,correct
Yes,Yes,48,2,filler,none,49,correct
Yes,Yes,48,2,filler,none,49,correct
Yes,Yes,48,2,filler,none,49,correct
No,No,50,2,filler,none,49,correct
No,No,50,2,filler,none,49,correct
No,No,50,2,filler,none,49,correct
No,No,50,2,filler,none,49,correct
No,No,50,2,filler,none,49,correct
No,No,50,2,filler,none,49,correct
No,No,50,2,filler,none,49,correct
No,No,50,2,filler,none,49,correct
No,No,50,2,filler,none,49,correct
No,No,50,2,filler,none,49,correct
No,No,50,2,filler,none,49,correct
Yes,Yes,52,2,filler,none,49,correct
Yes,Yes,52,2,filler,none,49,correct
Yes,Yes,52,2,filler,none,49,correct
Yes,Yes,52,2,filler,none,49,correct
Yes,Yes,52,2,filler,none,49,correct
Yes,Yes,52,2,filler,none,49,correct
Yes,Yes,52,2,filler,none,49,correct
Yes,Yes,52,2,filler,none,49,correct
Yes,Yes,52,2,filler,none,49,correct
Yes,Yes,52,2,filler,none,49,correct
Yes,Yes,52,2,filler,none,49,correct
No,No,53,2,filler,none,49,correct
No,No,53,2,filler,none,49,correct
No,No,53,2,filler,none,49,correct
No,No,53,2,filler,none,49,correct
No,No,53,2,filler,none,49,correct
No,No,53,2,filler,none,49,correct
No,No,53,2,filler,none,49,correct
No,No,53,2,filler,none,49,correct
No,No,53,2,filler,none,49,correct
No,No,53,2,filler,none,49,correct
No,No,53,2,filler,none,49,correct
Yes,Yes,58,2,filler,none,49,correct
Yes,Yes,58,2,filler,none,49,correct
Yes,Yes,58,2,filler,none,49,correct
Yes,Yes,58,2,filler,none,49,correct
Yes,Yes,58,2,filler,none,49,correct
Yes,Yes,58,2,filler,none,49,correct
Yes,Yes,58,2,filler,none,49,correct
Yes,Yes,58,2,filler,none,49,correct
Yes,Yes,58,2,filler,none,49,correct
Yes,Yes,58,2,filler,none,49,correct
Yes,Yes,58,2,filler,none,49,correct
Yes,Yes,58,2,filler,none,49,correct
No,No,59,2,filler,none,49,correct
No,No,59,2,filler,none,49,correct
No,No,59,2,filler,none,49,correct
No,No,59,2,filler,none,49,correct
No,No,59,2,filler,none,49,correct
No,No,59,2,filler,none,49,correct
No,No,59,2,filler,none,49,correct
No,No,59,2,filler,none,49,correct
No,No,59,2,filler,none,49,correct
No,No,59,2,filler,none,49,correct
No,No,59,2,filler,none,49,correct
No,No,59,2,filler,none,49,correct
No,No,59,2,filler,none,49,correct
No,No,62,2,filler,none,49,correct
No,No,62,2,filler,none,49,correct
No,No,62,2,filler,none,49,correct
No,No,62,2,filler,none,49,correct
No,No,62,2,filler,none,49,correct
No,No,62,2,filler,none,49,correct
No,No,62,2,filler,none,49,correct
No,No,62,2,filler,none,49,correct
No,No,62,2,filler,none,49,correct
No,No,62,2,filler,none,49,correct
No,No,62,2,filler,none,49,correct
No,No,62,2,filler,none,49,correct
Yes,Yes,64,2,filler,none,49,correct
Yes,Yes,64,2,filler,none,49,correct
Yes,Yes,64,2,filler,none,49,correct
Yes,Yes,64,2,filler,none,49,correct
Yes,Yes,64,2,filler,none,49,correct
Yes,Yes,64,2,filler,none,49,correct
Yes,Yes,64,2,filler,none,49,correct
Yes,Yes,64,2,filler,none,49,correct
Yes,Yes,64,2,filler,none,49,correct
Yes,Yes,64,2,filler,none,49,correct
Yes,Yes,64,2,filler,none,49,correct
Yes,Yes,64,2,filler,none,49,correct
No,No,66,2,filler,none,49,correct
No,No,66,2,filler,none,49,correct
No,No,66,2,filler,none,49,correct
No,No,66,2,filler,none,49,correct
No,No,66,2,filler,none,49,correct
No,No,66,2,filler,none,49,correct
No,No,66,2,filler,none,49,correct
No,No,66,2,filler,none,49,correct
No,No,66,2,filler,none,49,correct
No,No,66,2,filler,none,49,correct
No,No,66,2,filler,none,49,correct
No,No,66,2,filler,none,49,correct
No,No,68,2,filler,none,49,correct
No,No,68,2,filler,none,49,correct
No,No,68,2,filler,none,49,correct
No,No,68,2,filler,none,49,correct
No,No,68,2,filler,none,49,correct
No,No,68,2,filler,none,49,correct
No,No,68,2,filler,none,49,correct
No,No,68,2,filler,none,49,correct
No,No,68,2,filler,none,49,correct
No,No,68,2,filler,none,49,correct
No,No,68,2,filler,none,49,correct
No,No,68,2,filler,none,49,correct
No,No,69,2,filler,none,49,correct
No,No,69,2,filler,none,49,correct
No,No,69,2,filler,none,49,correct
No,No,69,2,filler,none,49,correct
No,No,69,2,filler,none,49,correct
No,No,69,2,filler,none,49,correct
No,No,69,2,filler,none,49,correct
No,No,69,2,filler,none,49,correct
No,No,69,2,filler,none,49,correct
No,No,69,2,filler,none,49,correct
No,No,69,2,filler,none,49,correct
No,No,69,2,filler,none,49,correct
Yes,Yes,72,2,filler,none,49,correct
Yes,Yes,72,2,filler,none,49,correct
Yes,Yes,72,2,filler,none,49,correct
Yes,Yes,72,2,filler,none,49,correct
Yes,Yes,72,2,filler,none,49,correct
Yes,Yes,72,2,filler,none,49,correct
Yes,Yes,72,2,filler,none,49,correct
Yes,Yes,72,2,filler,none,49,correct
Yes,Yes,72,2,filler,none,49,correct
Yes,Yes,72,2,filler,none,49,correct
Yes,Yes,72,2,filler,none,49,correct
Yes,Yes,72,2,filler,none,49,correct
No,No,73,2,filler,none,49,correct
No,No,73,2,filler,none,49,correct
No,No,73,2,filler,none,49,correct
No,No,73,2,filler,none,49,correct
No,No,73,2,filler,none,49,correct
No,No,73,2,filler,none,49,correct
No,No,73,2,filler,none,49,correct
No,No,73,2,filler,none,49,correct
No,No,73,2,filler,none,49,correct
No,No,73,2,filler,none,49,correct
No,No,73,2,filler,none,49,correct
No,No,73,2,filler,none,49,correct
No,No,73,2,filler,none,49,correct
Yes,Yes,74,2,filler,none,49,correct
Yes,Yes,74,2,filler,none,49,correct
Yes,Yes,74,2,filler,none,49,correct
Yes,Yes,74,2,filler,none,49,correct
Yes,Yes,74,2,filler,none,49,correct
Yes,Yes,74,2,filler,none,49,correct
Yes,Yes,74,2,filler,none,49,correct
Yes,Yes,74,2,filler,none,49,correct
Yes,Yes,74,2,filler,none,49,correct
Yes,Yes,74,2,filler,none,49,correct
Yes,Yes,74,2,filler,none,49,correct
Yes,Yes,74,2,filler,none,49,correct
Yes,Yes,74,2,filler,none,49,correct
Yes,Yes,75,2,filler,none,49,correct
Yes,Yes,75,2,filler,none,49,correct
Yes,Yes,75,2,filler,none,49,correct
Yes,Yes,75,2,filler,none,49,correct
Yes,Yes,75,2,filler,none,49,correct
Yes,Yes,75,2,filler,none,49,correct
Yes,Yes,75,2,filler,none,49,correct
Yes,Yes,75,2,filler,none,49,correct
Yes,Yes,75,2,filler,none,49,correct
Yes,Yes,75,2,filler,none,49,correct
Yes,Yes,75,2,filler,none,49,correct
Yes,Yes,75,2,filler,none,49,correct
Yes,Yes,75,2,filler,none,49,correct
Yes,Yes,77,2,filler,none,49,correct
Yes,Yes,77,2,filler,none,49,correct
Yes,Yes,77,2,filler,none,49,correct
Yes,Yes,77,2,filler,none,49,correct
Yes,Yes,77,2,filler,none,49,correct
Yes,Yes,77,2,filler,none,49,correct
Yes,Yes,77,2,filler,none,49,correct
Yes,Yes,77,2,filler,none,49,correct
Yes,Yes,77,2,filler,none,49,correct
Yes,Yes,77,2,filler,none,49,correct
Yes,Yes,77,2,filler,none,49,correct
Yes,Yes,77,2,filler,none,49,correct
Yes,Yes,77,2,filler,none,49,correct
No,No,78,2,filler,none,49,correct
No,No,78,2,filler,none,49,correct
No,No,78,2,filler,none,49,correct
No,No,78,2,filler,none,49,correct
No,No,78,2,filler,none,49,correct
No,No,78,2,filler,none,49,correct
No,No,78,2,filler,none,49,correct
No,No,78,2,filler,none,49,correct
No,No,78,2,filler,none,49,correct
No,No,78,2,filler,none,49,correct
No,No,78,2,filler,none,49,correct
No,No,78,2,filler,none,49,correct
No,No,78,2,filler,none,49,correct
No,No,80,2,filler,none,49,correct
No,No,80,2,filler,none,49,correct
No,No,80,2,filler,none,49,correct
No,No,80,2,filler,none,49,correct
No,No,80,2,filler,none,49,correct
No,No,80,2,filler,none,49,correct
No,No,80,2,filler,none,49,correct
No,No,80,2,filler,none,49,correct
No,No,80,2,filler,none,49,correct
No,No,80,2,filler,none,49,correct
No,No,80,2,filler,none,49,correct
No,No,80,2,filler,none,49,correct
No,No,80,2,filler,none,49,correct
No,No,82,2,filler,none,49,correct
No,No,82,2,filler,none,49,correct
No,No,82,2,filler,none,49,correct
No,No,82,2,filler,none,49,correct
No,No,82,2,filler,none,49,correct
No,No,82,2,filler,none,49,correct
No,No,82,2,filler,none,49,correct
No,No,82,2,filler,none,49,correct
No,No,82,2,filler,none,49,correct
No,No,82,2,filler,none,49,correct
No,No,82,2,filler,none,49,correct
No,No,82,2,filler,none,49,correct
No,No,82,2,filler,none,49,correct
No,No,84,2,filler,none,49,correct
No,No,84,2,filler,none,49,correct
No,No,84,2,filler,none,49,correct
No,No,84,2,filler,none,49,correct
No,No,84,2,filler,none,49,correct
No,No,84,2,filler,none,49,correct
No,No,84,2,filler,none,49,correct
No,No,84,2,filler,none,49,correct
No,No,84,2,filler,none,49,correct
No,No,84,2,filler,none,49,correct
No,No,84,2,filler,none,49,correct
No,No,84,2,filler,none,49,correct
No,No,84,2,filler,none,49,correct
No,No,87,2,filler,none,49,correct
No,No,87,2,filler,none,49,correct
No,No,87,2,filler,none,49,correct
No,No,87,2,filler,none,49,correct
No,No,87,2,filler,none,49,correct
No,No,87,2,filler,none,49,correct
No,No,87,2,filler,none,49,correct
No,No,87,2,filler,none,49,correct
No,No,87,2,filler,none,49,correct
No,No,87,2,filler,none,49,correct
No,No,87,2,filler,none,49,correct
No,No,87,2,filler,none,49,correct
No,No,87,2,filler,none,49,correct
No,No,89,2,filler,none,49,correct
No,No,89,2,filler,none,49,correct
No,No,89,2,filler,none,49,correct
No,No,89,2,filler,none,49,correct
No,No,89,2,filler,none,49,correct
No,No,89,2,filler,none,49,correct
No,No,89,2,filler,none,49,correct
No,No,89,2,filler,none,49,correct
No,No,89,2,filler,none,49,correct
No,No,89,2,filler,none,49,correct
No,No,89,2,filler,none,49,correct
No,No,89,2,filler,none,49,correct
No,No,89,2,filler,none,49,correct
No,Yes,1,3,move,DP,50,incorrect
No,Yes,1,3,move,DP,50,incorrect
No,Yes,1,3,move,DP,50,incorrect
No,Yes,1,3,move,DP,50,incorrect
No,Yes,1,3,move,DP,50,incorrect
Yes,Yes,2,3,move,unacc,50,correct
Yes,Yes,2,3,move,unacc,50,correct
Yes,Yes,2,3,move,unacc,50,correct
Yes,Yes,2,3,move,unacc,50,correct
Yes,Yes,2,3,move,unacc,50,correct
No,No,5,3,nomove,unacc,50,correct
No,No,5,3,nomove,unacc,50,correct
No,No,5,3,nomove,unacc,50,correct
No,No,5,3,nomove,unacc,50,correct
No,No,5,3,nomove,unacc,50,correct
Yes,Yes,6,3,nomove,CP,50,correct
Yes,Yes,6,3,nomove,CP,50,correct
Yes,Yes,6,3,nomove,CP,50,correct
Yes,Yes,6,3,nomove,CP,50,correct
Yes,Yes,6,3,nomove,CP,50,correct
Yes,Yes,7,3,move,DP,50,correct
Yes,Yes,7,3,move,DP,50,correct
Yes,Yes,7,3,move,DP,50,correct
Yes,Yes,7,3,move,DP,50,correct
Yes,Yes,7,3,move,DP,50,correct
Yes,Yes,11,3,nomove,unacc,50,correct
Yes,Yes,11,3,nomove,unacc,50,correct
Yes,Yes,11,3,nomove,unacc,50,correct
Yes,Yes,11,3,nomove,unacc,50,correct
Yes,Yes,11,3,nomove,unacc,50,correct
Yes,Yes,13,3,move,DP,50,correct
Yes,Yes,13,3,move,DP,50,correct
Yes,Yes,13,3,move,DP,50,correct
Yes,Yes,13,3,move,DP,50,correct
Yes,Yes,13,3,move,DP,50,correct
Yes,Yes,14,3,move,unacc,50,correct
Yes,Yes,14,3,move,unacc,50,correct
Yes,Yes,14,3,move,unacc,50,correct
Yes,Yes,14,3,move,unacc,50,correct
Yes,Yes,14,3,move,unacc,50,correct
Yes,Yes,17,3,nomove,DP,50,correct
Yes,Yes,17,3,nomove,DP,50,correct
Yes,Yes,17,3,nomove,DP,50,correct
Yes,Yes,17,3,nomove,DP,50,correct
Yes,Yes,17,3,nomove,DP,50,correct
Yes,Yes,19,3,move,DP,50,correct
Yes,Yes,19,3,move,DP,50,correct
Yes,Yes,19,3,move,DP,50,correct
Yes,Yes,19,3,move,DP,50,correct
Yes,Yes,19,3,move,DP,50,correct
Yes,Yes,21,3,move,CP,50,correct
Yes,Yes,21,3,move,CP,50,correct
Yes,Yes,21,3,move,CP,50,correct
Yes,Yes,21,3,move,CP,50,correct
Yes,Yes,21,3,move,CP,50,correct
Yes,Yes,22,3,nomove,DP,50,correct
Yes,Yes,22,3,nomove,DP,50,correct
Yes,Yes,22,3,nomove,DP,50,correct
Yes,Yes,22,3,nomove,DP,50,correct
Yes,Yes,22,3,nomove,DP,50,correct
No,No,25,3,move,DP,50,correct
No,No,25,3,move,DP,50,correct
No,No,25,3,move,DP,50,correct
No,No,25,3,move,DP,50,correct
No,No,25,3,move,DP,50,correct
No,Yes,30,3,nomove,CP,50,incorrect
No,Yes,30,3,nomove,CP,50,incorrect
No,Yes,30,3,nomove,CP,50,incorrect
No,Yes,30,3,nomove,CP,50,incorrect
No,Yes,30,3,nomove,CP,50,incorrect
No,No,31,3,move,DP,50,correct
No,No,31,3,move,DP,50,correct
No,No,31,3,move,DP,50,correct
No,No,31,3,move,DP,50,correct
No,No,31,3,move,DP,50,correct
Yes,Yes,32,3,move,unacc,50,correct
Yes,Yes,32,3,move,unacc,50,correct
Yes,Yes,32,3,move,unacc,50,correct
Yes,Yes,32,3,move,unacc,50,correct
Yes,Yes,32,3,move,unacc,50,correct
No,No,33,3,move,CP,50,correct
No,No,33,3,move,CP,50,correct
No,No,33,3,move,CP,50,correct
No,No,33,3,move,CP,50,correct
No,No,33,3,move,CP,50,correct
Yes,Yes,35,3,nomove,unacc,50,correct
Yes,Yes,35,3,nomove,unacc,50,correct
Yes,Yes,35,3,nomove,unacc,50,correct
Yes,Yes,35,3,nomove,unacc,50,correct
Yes,Yes,35,3,nomove,unacc,50,correct
No,No,37,3,filler,none,50,correct
No,No,37,3,filler,none,50,correct
No,No,37,3,filler,none,50,correct
No,No,37,3,filler,none,50,correct
No,No,37,3,filler,none,50,correct
No,No,37,3,filler,none,50,correct
No,No,37,3,filler,none,50,correct
No,No,37,3,filler,none,50,correct
No,No,37,3,filler,none,50,correct
No,No,37,3,filler,none,50,correct
No,No,37,3,filler,none,50,correct
No,No,38,3,filler,none,50,correct
No,No,38,3,filler,none,50,correct
No,No,38,3,filler,none,50,correct
No,No,38,3,filler,none,50,correct
No,No,38,3,filler,none,50,correct
No,No,38,3,filler,none,50,correct
No,No,38,3,filler,none,50,correct
No,No,38,3,filler,none,50,correct
No,No,38,3,filler,none,50,correct
No,No,38,3,filler,none,50,correct
No,No,38,3,filler,none,50,correct
No,No,39,3,filler,none,50,correct
No,No,39,3,filler,none,50,correct
No,No,39,3,filler,none,50,correct
No,No,39,3,filler,none,50,correct
No,No,39,3,filler,none,50,correct
No,No,39,3,filler,none,50,correct
No,No,39,3,filler,none,50,correct
No,No,39,3,filler,none,50,correct
No,No,39,3,filler,none,50,correct
No,No,39,3,filler,none,50,correct
No,No,39,3,filler,none,50,correct
Yes,Yes,43,3,filler,none,50,correct
Yes,Yes,43,3,filler,none,50,correct
Yes,Yes,43,3,filler,none,50,correct
Yes,Yes,43,3,filler,none,50,correct
Yes,Yes,43,3,filler,none,50,correct
Yes,Yes,43,3,filler,none,50,correct
Yes,Yes,43,3,filler,none,50,correct
Yes,Yes,43,3,filler,none,50,correct
Yes,Yes,43,3,filler,none,50,correct
Yes,Yes,43,3,filler,none,50,correct
Yes,Yes,43,3,filler,none,50,correct
No,No,44,3,filler,none,50,correct
No,No,44,3,filler,none,50,correct
No,No,44,3,filler,none,50,correct
No,No,44,3,filler,none,50,correct
No,No,44,3,filler,none,50,correct
No,No,44,3,filler,none,50,correct
No,No,44,3,filler,none,50,correct
No,No,44,3,filler,none,50,correct
No,No,44,3,filler,none,50,correct
No,No,44,3,filler,none,50,correct
No,No,44,3,filler,none,50,correct
No,No,46,3,filler,none,50,correct
No,No,46,3,filler,none,50,correct
No,No,46,3,filler,none,50,correct
No,No,46,3,filler,none,50,correct
No,No,46,3,filler,none,50,correct
No,No,46,3,filler,none,50,correct
No,No,46,3,filler,none,50,correct
No,No,46,3,filler,none,50,correct
No,No,46,3,filler,none,50,correct
No,No,46,3,filler,none,50,correct
No,No,46,3,filler,none,50,correct
Yes,Yes,48,3,filler,none,50,correct
Yes,Yes,48,3,filler,none,50,correct
Yes,Yes,48,3,filler,none,50,correct
Yes,Yes,48,3,filler,none,50,correct
Yes,Yes,48,3,filler,none,50,correct
Yes,Yes,48,3,filler,none,50,correct
Yes,Yes,48,3,filler,none,50,correct
Yes,Yes,48,3,filler,none,50,correct
Yes,Yes,48,3,filler,none,50,correct
Yes,Yes,48,3,filler,none,50,correct
Yes,Yes,48,3,filler,none,50,correct
No,No,50,3,filler,none,50,correct
No,No,50,3,filler,none,50,correct
No,No,50,3,filler,none,50,correct
No,No,50,3,filler,none,50,correct
No,No,50,3,filler,none,50,correct
No,No,50,3,filler,none,50,correct
No,No,50,3,filler,none,50,correct
No,No,50,3,filler,none,50,correct
No,No,50,3,filler,none,50,correct
No,No,50,3,filler,none,50,correct
No,No,50,3,filler,none,50,correct
Yes,Yes,52,3,filler,none,50,correct
Yes,Yes,52,3,filler,none,50,correct
Yes,Yes,52,3,filler,none,50,correct
Yes,Yes,52,3,filler,none,50,correct
Yes,Yes,52,3,filler,none,50,correct
Yes,Yes,52,3,filler,none,50,correct
Yes,Yes,52,3,filler,none,50,correct
Yes,Yes,52,3,filler,none,50,correct
Yes,Yes,52,3,filler,none,50,correct
Yes,Yes,52,3,filler,none,50,correct
Yes,Yes,52,3,filler,none,50,correct
No,No,53,3,filler,none,50,correct
No,No,53,3,filler,none,50,correct
No,No,53,3,filler,none,50,correct
No,No,53,3,filler,none,50,correct
No,No,53,3,filler,none,50,correct
No,No,53,3,filler,none,50,correct
No,No,53,3,filler,none,50,correct
No,No,53,3,filler,none,50,correct
No,No,53,3,filler,none,50,correct
No,No,53,3,filler,none,50,correct
No,No,53,3,filler,none,50,correct
Yes,Yes,58,3,filler,none,50,correct
Yes,Yes,58,3,filler,none,50,correct
Yes,Yes,58,3,filler,none,50,correct
Yes,Yes,58,3,filler,none,50,correct
Yes,Yes,58,3,filler,none,50,correct
Yes,Yes,58,3,filler,none,50,correct
Yes,Yes,58,3,filler,none,50,correct
Yes,Yes,58,3,filler,none,50,correct
Yes,Yes,58,3,filler,none,50,correct
Yes,Yes,58,3,filler,none,50,correct
Yes,Yes,58,3,filler,none,50,correct
Yes,Yes,58,3,filler,none,50,correct
No,No,59,3,filler,none,50,correct
No,No,59,3,filler,none,50,correct
No,No,59,3,filler,none,50,correct
No,No,59,3,filler,none,50,correct
No,No,59,3,filler,none,50,correct
No,No,59,3,filler,none,50,correct
No,No,59,3,filler,none,50,correct
No,No,59,3,filler,none,50,correct
No,No,59,3,filler,none,50,correct
No,No,59,3,filler,none,50,correct
No,No,59,3,filler,none,50,correct
No,No,59,3,filler,none,50,correct
No,No,59,3,filler,none,50,correct
No,No,62,3,filler,none,50,correct
No,No,62,3,filler,none,50,correct
No,No,62,3,filler,none,50,correct
No,No,62,3,filler,none,50,correct
No,No,62,3,filler,none,50,correct
No,No,62,3,filler,none,50,correct
No,No,62,3,filler,none,50,correct
No,No,62,3,filler,none,50,correct
No,No,62,3,filler,none,50,correct
No,No,62,3,filler,none,50,correct
No,No,62,3,filler,none,50,correct
No,No,62,3,filler,none,50,correct
Yes,Yes,64,3,filler,none,50,correct
Yes,Yes,64,3,filler,none,50,correct
Yes,Yes,64,3,filler,none,50,correct
Yes,Yes,64,3,filler,none,50,correct
Yes,Yes,64,3,filler,none,50,correct
Yes,Yes,64,3,filler,none,50,correct
Yes,Yes,64,3,filler,none,50,correct
Yes,Yes,64,3,filler,none,50,correct
Yes,Yes,64,3,filler,none,50,correct
Yes,Yes,64,3,filler,none,50,correct
Yes,Yes,64,3,filler,none,50,correct
Yes,Yes,64,3,filler,none,50,correct
No,No,66,3,filler,none,50,correct
No,No,66,3,filler,none,50,correct
No,No,66,3,filler,none,50,correct
No,No,66,3,filler,none,50,correct
No,No,66,3,filler,none,50,correct
No,No,66,3,filler,none,50,correct
No,No,66,3,filler,none,50,correct
No,No,66,3,filler,none,50,correct
No,No,66,3,filler,none,50,correct
No,No,66,3,filler,none,50,correct
No,No,66,3,filler,none,50,correct
No,No,66,3,filler,none,50,correct
No,No,68,3,filler,none,50,correct
No,No,68,3,filler,none,50,correct
No,No,68,3,filler,none,50,correct
No,No,68,3,filler,none,50,correct
No,No,68,3,filler,none,50,correct
No,No,68,3,filler,none,50,correct
No,No,68,3,filler,none,50,correct
No,No,68,3,filler,none,50,correct
No,No,68,3,filler,none,50,correct
No,No,68,3,filler,none,50,correct
No,No,68,3,filler,none,50,correct
No,No,68,3,filler,none,50,correct
No,No,69,3,filler,none,50,correct
No,No,69,3,filler,none,50,correct
No,No,69,3,filler,none,50,correct
No,No,69,3,filler,none,50,correct
No,No,69,3,filler,none,50,correct
No,No,69,3,filler,none,50,correct
No,No,69,3,filler,none,50,correct
No,No,69,3,filler,none,50,correct
No,No,69,3,filler,none,50,correct
No,No,69,3,filler,none,50,correct
No,No,69,3,filler,none,50,correct
No,No,69,3,filler,none,50,correct
Yes,Yes,72,3,filler,none,50,correct
Yes,Yes,72,3,filler,none,50,correct
Yes,Yes,72,3,filler,none,50,correct
Yes,Yes,72,3,filler,none,50,correct
Yes,Yes,72,3,filler,none,50,correct
Yes,Yes,72,3,filler,none,50,correct
Yes,Yes,72,3,filler,none,50,correct
Yes,Yes,72,3,filler,none,50,correct
Yes,Yes,72,3,filler,none,50,correct
Yes,Yes,72,3,filler,none,50,correct
Yes,Yes,72,3,filler,none,50,correct
Yes,Yes,72,3,filler,none,50,correct
No,No,73,3,filler,none,50,correct
No,No,73,3,filler,none,50,correct
No,No,73,3,filler,none,50,correct
No,No,73,3,filler,none,50,correct
No,No,73,3,filler,none,50,correct
No,No,73,3,filler,none,50,correct
No,No,73,3,filler,none,50,correct
No,No,73,3,filler,none,50,correct
No,No,73,3,filler,none,50,correct
No,No,73,3,filler,none,50,correct
No,No,73,3,filler,none,50,correct
No,No,73,3,filler,none,50,correct
No,No,73,3,filler,none,50,correct
Yes,Yes,74,3,filler,none,50,correct
Yes,Yes,74,3,filler,none,50,correct
Yes,Yes,74,3,filler,none,50,correct
Yes,Yes,74,3,filler,none,50,correct
Yes,Yes,74,3,filler,none,50,correct
Yes,Yes,74,3,filler,none,50,correct
Yes,Yes,74,3,filler,none,50,correct
Yes,Yes,74,3,filler,none,50,correct
Yes,Yes,74,3,filler,none,50,correct
Yes,Yes,74,3,filler,none,50,correct
Yes,Yes,74,3,filler,none,50,correct
Yes,Yes,74,3,filler,none,50,correct
Yes,Yes,74,3,filler,none,50,correct
Yes,Yes,75,3,filler,none,50,correct
Yes,Yes,75,3,filler,none,50,correct
Yes,Yes,75,3,filler,none,50,correct
Yes,Yes,75,3,filler,none,50,correct
Yes,Yes,75,3,filler,none,50,correct
Yes,Yes,75,3,filler,none,50,correct
Yes,Yes,75,3,filler,none,50,correct
Yes,Yes,75,3,filler,none,50,correct
Yes,Yes,75,3,filler,none,50,correct
Yes,Yes,75,3,filler,none,50,correct
Yes,Yes,75,3,filler,none,50,correct
Yes,Yes,75,3,filler,none,50,correct
Yes,Yes,75,3,filler,none,50,correct
Yes,Yes,77,3,filler,none,50,correct
Yes,Yes,77,3,filler,none,50,correct
Yes,Yes,77,3,filler,none,50,correct
Yes,Yes,77,3,filler,none,50,correct
Yes,Yes,77,3,filler,none,50,correct
Yes,Yes,77,3,filler,none,50,correct
Yes,Yes,77,3,filler,none,50,correct
Yes,Yes,77,3,filler,none,50,correct
Yes,Yes,77,3,filler,none,50,correct
Yes,Yes,77,3,filler,none,50,correct
Yes,Yes,77,3,filler,none,50,correct
Yes,Yes,77,3,filler,none,50,correct
Yes,Yes,77,3,filler,none,50,correct
No,No,78,3,filler,none,50,correct
No,No,78,3,filler,none,50,correct
No,No,78,3,filler,none,50,correct
No,No,78,3,filler,none,50,correct
No,No,78,3,filler,none,50,correct
No,No,78,3,filler,none,50,correct
No,No,78,3,filler,none,50,correct
No,No,78,3,filler,none,50,correct
No,No,78,3,filler,none,50,correct
No,No,78,3,filler,none,50,correct
No,No,78,3,filler,none,50,correct
No,No,78,3,filler,none,50,correct
No,No,78,3,filler,none,50,correct
No,No,80,3,filler,none,50,correct
No,No,80,3,filler,none,50,correct
No,No,80,3,filler,none,50,correct
No,No,80,3,filler,none,50,correct
No,No,80,3,filler,none,50,correct
No,No,80,3,filler,none,50,correct
No,No,80,3,filler,none,50,correct
No,No,80,3,filler,none,50,correct
No,No,80,3,filler,none,50,correct
No,No,80,3,filler,none,50,correct
No,No,80,3,filler,none,50,correct
No,No,80,3,filler,none,50,correct
No,No,80,3,filler,none,50,correct
No,No,82,3,filler,none,50,correct
No,No,82,3,filler,none,50,correct
No,No,82,3,filler,none,50,correct
No,No,82,3,filler,none,50,correct
No,No,82,3,filler,none,50,correct
No,No,82,3,filler,none,50,correct
No,No,82,3,filler,none,50,correct
No,No,82,3,filler,none,50,correct
No,No,82,3,filler,none,50,correct
No,No,82,3,filler,none,50,correct
No,No,82,3,filler,none,50,correct
No,No,82,3,filler,none,50,correct
No,No,82,3,filler,none,50,correct
No,No,84,3,filler,none,50,correct
No,No,84,3,filler,none,50,correct
No,No,84,3,filler,none,50,correct
No,No,84,3,filler,none,50,correct
No,No,84,3,filler,none,50,correct
No,No,84,3,filler,none,50,correct
No,No,84,3,filler,none,50,correct
No,No,84,3,filler,none,50,correct
No,No,84,3,filler,none,50,correct
No,No,84,3,filler,none,50,correct
No,No,84,3,filler,none,50,correct
No,No,84,3,filler,none,50,correct
No,No,84,3,filler,none,50,correct
No,No,87,3,filler,none,50,correct
No,No,87,3,filler,none,50,correct
No,No,87,3,filler,none,50,correct
No,No,87,3,filler,none,50,correct
No,No,87,3,filler,none,50,correct
No,No,87,3,filler,none,50,correct
No,No,87,3,filler,none,50,correct
No,No,87,3,filler,none,50,correct
No,No,87,3,filler,none,50,correct
No,No,87,3,filler,none,50,correct
No,No,87,3,filler,none,50,correct
No,No,87,3,filler,none,50,correct
No,No,87,3,filler,none,50,correct
No,No,89,3,filler,none,50,correct
No,No,89,3,filler,none,50,correct
No,No,89,3,filler,none,50,correct
No,No,89,3,filler,none,50,correct
No,No,89,3,filler,none,50,correct
No,No,89,3,filler,none,50,correct
No,No,89,3,filler,none,50,correct
No,No,89,3,filler,none,50,correct
No,No,89,3,filler,none,50,correct
No,No,89,3,filler,none,50,correct
No,No,89,3,filler,none,50,correct
No,No,89,3,filler,none,50,correct
No,No,89,3,filler,none,50,correct
Yes,Yes,1,4,nomove,CP,51,correct
Yes,Yes,1,4,nomove,CP,51,correct
Yes,Yes,1,4,nomove,CP,51,correct
Yes,Yes,1,4,nomove,CP,51,correct
Yes,Yes,1,4,nomove,CP,51,correct
Yes,Yes,2,4,move,DP,51,correct
Yes,Yes,2,4,move,DP,51,correct
Yes,Yes,2,4,move,DP,51,correct
Yes,Yes,2,4,move,DP,51,correct
Yes,Yes,2,4,move,DP,51,correct
No,No,5,4,nomove,DP,51,correct
No,No,5,4,nomove,DP,51,correct
No,No,5,4,nomove,DP,51,correct
No,No,5,4,nomove,DP,51,correct
No,No,5,4,nomove,DP,51,correct
Yes,Yes,6,4,nomove,unacc,51,correct
Yes,Yes,6,4,nomove,unacc,51,correct
Yes,Yes,6,4,nomove,unacc,51,correct
Yes,Yes,6,4,nomove,unacc,51,correct
Yes,Yes,6,4,nomove,unacc,51,correct
Yes,Yes,7,4,nomove,CP,51,correct
Yes,Yes,7,4,nomove,CP,51,correct
Yes,Yes,7,4,nomove,CP,51,correct
Yes,Yes,7,4,nomove,CP,51,correct
Yes,Yes,7,4,nomove,CP,51,correct
Yes,Yes,11,4,nomove,DP,51,correct
Yes,Yes,11,4,nomove,DP,51,correct
Yes,Yes,11,4,nomove,DP,51,correct
Yes,Yes,11,4,nomove,DP,51,correct
Yes,Yes,11,4,nomove,DP,51,correct
Yes,Yes,13,4,nomove,CP,51,correct
Yes,Yes,13,4,nomove,CP,51,correct
Yes,Yes,13,4,nomove,CP,51,correct
Yes,Yes,13,4,nomove,CP,51,correct
Yes,Yes,13,4,nomove,CP,51,correct
Yes,Yes,14,4,move,DP,51,correct
Yes,Yes,14,4,move,DP,51,correct
Yes,Yes,14,4,move,DP,51,correct
Yes,Yes,14,4,move,DP,51,correct
Yes,Yes,14,4,move,DP,51,correct
Yes,Yes,17,4,move,CP,51,correct
Yes,Yes,17,4,move,CP,51,correct
Yes,Yes,17,4,move,CP,51,correct
Yes,Yes,17,4,move,CP,51,correct
Yes,Yes,17,4,move,CP,51,correct
Yes,Yes,19,4,nomove,CP,51,correct
Yes,Yes,19,4,nomove,CP,51,correct
Yes,Yes,19,4,nomove,CP,51,correct
Yes,Yes,19,4,nomove,CP,51,correct
Yes,Yes,19,4,nomove,CP,51,correct
Yes,Yes,21,4,move,unacc,51,correct
Yes,Yes,21,4,move,unacc,51,correct
Yes,Yes,21,4,move,unacc,51,correct
Yes,Yes,21,4,move,unacc,51,correct
Yes,Yes,21,4,move,unacc,51,correct
Yes,Yes,22,4,move,CP,51,correct
Yes,Yes,22,4,move,CP,51,correct
Yes,Yes,22,4,move,CP,51,correct
Yes,Yes,22,4,move,CP,51,correct
Yes,Yes,22,4,move,CP,51,correct
Yes,No,25,4,nomove,CP,51,incorrect
Yes,No,25,4,nomove,CP,51,incorrect
Yes,No,25,4,nomove,CP,51,incorrect
Yes,No,25,4,nomove,CP,51,incorrect
Yes,No,25,4,nomove,CP,51,incorrect
Yes,Yes,30,4,nomove,unacc,51,correct
Yes,Yes,30,4,nomove,unacc,51,correct
Yes,Yes,30,4,nomove,unacc,51,correct
Yes,Yes,30,4,nomove,unacc,51,correct
Yes,Yes,30,4,nomove,unacc,51,correct
No,No,31,4,nomove,CP,51,correct
No,No,31,4,nomove,CP,51,correct
No,No,31,4,nomove,CP,51,correct
No,No,31,4,nomove,CP,51,correct
No,No,31,4,nomove,CP,51,correct
Yes,Yes,32,4,move,DP,51,correct
Yes,Yes,32,4,move,DP,51,correct
Yes,Yes,32,4,move,DP,51,correct
Yes,Yes,32,4,move,DP,51,correct
Yes,Yes,32,4,move,DP,51,correct
No,No,33,4,move,unacc,51,correct
No,No,33,4,move,unacc,51,correct
No,No,33,4,move,unacc,51,correct
No,No,33,4,move,unacc,51,correct
No,No,33,4,move,unacc,51,correct
Yes,Yes,35,4,nomove,DP,51,correct
Yes,Yes,35,4,nomove,DP,51,correct
Yes,Yes,35,4,nomove,DP,51,correct
Yes,Yes,35,4,nomove,DP,51,correct
Yes,Yes,35,4,nomove,DP,51,correct
No,No,37,4,filler,none,51,correct
No,No,37,4,filler,none,51,correct
No,No,37,4,filler,none,51,correct
No,No,37,4,filler,none,51,correct
No,No,37,4,filler,none,51,correct
No,No,37,4,filler,none,51,correct
No,No,37,4,filler,none,51,correct
No,No,37,4,filler,none,51,correct
No,No,37,4,filler,none,51,correct
No,No,37,4,filler,none,51,correct
No,No,37,4,filler,none,51,correct
No,No,38,4,filler,none,51,correct
No,No,38,4,filler,none,51,correct
No,No,38,4,filler,none,51,correct
No,No,38,4,filler,none,51,correct
No,No,38,4,filler,none,51,correct
No,No,38,4,filler,none,51,correct
No,No,38,4,filler,none,51,correct
No,No,38,4,filler,none,51,correct
No,No,38,4,filler,none,51,correct
No,No,38,4,filler,none,51,correct
No,No,38,4,filler,none,51,correct
No,No,39,4,filler,none,51,correct
No,No,39,4,filler,none,51,correct
No,No,39,4,filler,none,51,correct
No,No,39,4,filler,none,51,correct
No,No,39,4,filler,none,51,correct
No,No,39,4,filler,none,51,correct
No,No,39,4,filler,none,51,correct
No,No,39,4,filler,none,51,correct
No,No,39,4,filler,none,51,correct
No,No,39,4,filler,none,51,correct
No,No,39,4,filler,none,51,correct
Yes,Yes,43,4,filler,none,51,correct
Yes,Yes,43,4,filler,none,51,correct
Yes,Yes,43,4,filler,none,51,correct
Yes,Yes,43,4,filler,none,51,correct
Yes,Yes,43,4,filler,none,51,correct
Yes,Yes,43,4,filler,none,51,correct
Yes,Yes,43,4,filler,none,51,correct
Yes,Yes,43,4,filler,none,51,correct
Yes,Yes,43,4,filler,none,51,correct
Yes,Yes,43,4,filler,none,51,correct
Yes,Yes,43,4,filler,none,51,correct
No,No,44,4,filler,none,51,correct
No,No,44,4,filler,none,51,correct
No,No,44,4,filler,none,51,correct
No,No,44,4,filler,none,51,correct
No,No,44,4,filler,none,51,correct
No,No,44,4,filler,none,51,correct
No,No,44,4,filler,none,51,correct
No,No,44,4,filler,none,51,correct
No,No,44,4,filler,none,51,correct
No,No,44,4,filler,none,51,correct
No,No,44,4,filler,none,51,correct
No,No,46,4,filler,none,51,correct
No,No,46,4,filler,none,51,correct
No,No,46,4,filler,none,51,correct
No,No,46,4,filler,none,51,correct
No,No,46,4,filler,none,51,correct
No,No,46,4,filler,none,51,correct
No,No,46,4,filler,none,51,correct
No,No,46,4,filler,none,51,correct
No,No,46,4,filler,none,51,correct
No,No,46,4,filler,none,51,correct
No,No,46,4,filler,none,51,correct
Yes,Yes,48,4,filler,none,51,correct
Yes,Yes,48,4,filler,none,51,correct
Yes,Yes,48,4,filler,none,51,correct
Yes,Yes,48,4,filler,none,51,correct
Yes,Yes,48,4,filler,none,51,correct
Yes,Yes,48,4,filler,none,51,correct
Yes,Yes,48,4,filler,none,51,correct
Yes,Yes,48,4,filler,none,51,correct
Yes,Yes,48,4,filler,none,51,correct
Yes,Yes,48,4,filler,none,51,correct
Yes,Yes,48,4,filler,none,51,correct
Yes,No,50,4,filler,none,51,incorrect
Yes,No,50,4,filler,none,51,incorrect
Yes,No,50,4,filler,none,51,incorrect
Yes,No,50,4,filler,none,51,incorrect
Yes,No,50,4,filler,none,51,incorrect
Yes,No,50,4,filler,none,51,incorrect
Yes,No,50,4,filler,none,51,incorrect
Yes,No,50,4,filler,none,51,incorrect
Yes,No,50,4,filler,none,51,incorrect
Yes,No,50,4,filler,none,51,incorrect
Yes,No,50,4,filler,none,51,incorrect
Yes,Yes,52,4,filler,none,51,correct
Yes,Yes,52,4,filler,none,51,correct
Yes,Yes,52,4,filler,none,51,correct
Yes,Yes,52,4,filler,none,51,correct
Yes,Yes,52,4,filler,none,51,correct
Yes,Yes,52,4,filler,none,51,correct
Yes,Yes,52,4,filler,none,51,correct
Yes,Yes,52,4,filler,none,51,correct
Yes,Yes,52,4,filler,none,51,correct
Yes,Yes,52,4,filler,none,51,correct
Yes,Yes,52,4,filler,none,51,correct
No,No,53,4,filler,none,51,correct
No,No,53,4,filler,none,51,correct
No,No,53,4,filler,none,51,correct
No,No,53,4,filler,none,51,correct
No,No,53,4,filler,none,51,correct
No,No,53,4,filler,none,51,correct
No,No,53,4,filler,none,51,correct
No,No,53,4,filler,none,51,correct
No,No,53,4,filler,none,51,correct
No,No,53,4,filler,none,51,correct
No,No,53,4,filler,none,51,correct
Yes,Yes,58,4,filler,none,51,correct
Yes,Yes,58,4,filler,none,51,correct
Yes,Yes,58,4,filler,none,51,correct
Yes,Yes,58,4,filler,none,51,correct
Yes,Yes,58,4,filler,none,51,correct
Yes,Yes,58,4,filler,none,51,correct
Yes,Yes,58,4,filler,none,51,correct
Yes,Yes,58,4,filler,none,51,correct
Yes,Yes,58,4,filler,none,51,correct
Yes,Yes,58,4,filler,none,51,correct
Yes,Yes,58,4,filler,none,51,correct
Yes,Yes,58,4,filler,none,51,correct
No,No,59,4,filler,none,51,correct
No,No,59,4,filler,none,51,correct
No,No,59,4,filler,none,51,correct
No,No,59,4,filler,none,51,correct
No,No,59,4,filler,none,51,correct
No,No,59,4,filler,none,51,correct
No,No,59,4,filler,none,51,correct
No,No,59,4,filler,none,51,correct
No,No,59,4,filler,none,51,correct
No,No,59,4,filler,none,51,correct
No,No,59,4,filler,none,51,correct
No,No,59,4,filler,none,51,correct
No,No,59,4,filler,none,51,correct
No,No,62,4,filler,none,51,correct
No,No,62,4,filler,none,51,correct
No,No,62,4,filler,none,51,correct
No,No,62,4,filler,none,51,correct
No,No,62,4,filler,none,51,correct
No,No,62,4,filler,none,51,correct
No,No,62,4,filler,none,51,correct
No,No,62,4,filler,none,51,correct
No,No,62,4,filler,none,51,correct
No,No,62,4,filler,none,51,correct
No,No,62,4,filler,none,51,correct
No,No,62,4,filler,none,51,correct
Yes,Yes,64,4,filler,none,51,correct
Yes,Yes,64,4,filler,none,51,correct
Yes,Yes,64,4,filler,none,51,correct
Yes,Yes,64,4,filler,none,51,correct
Yes,Yes,64,4,filler,none,51,correct
Yes,Yes,64,4,filler,none,51,correct
Yes,Yes,64,4,filler,none,51,correct
Yes,Yes,64,4,filler,none,51,correct
Yes,Yes,64,4,filler,none,51,correct
Yes,Yes,64,4,filler,none,51,correct
Yes,Yes,64,4,filler,none,51,correct
Yes,Yes,64,4,filler,none,51,correct
No,No,66,4,filler,none,51,correct
No,No,66,4,filler,none,51,correct
No,No,66,4,filler,none,51,correct
No,No,66,4,filler,none,51,correct
No,No,66,4,filler,none,51,correct
No,No,66,4,filler,none,51,correct
No,No,66,4,filler,none,51,correct
No,No,66,4,filler,none,51,correct
No,No,66,4,filler,none,51,correct
No,No,66,4,filler,none,51,correct
No,No,66,4,filler,none,51,correct
No,No,66,4,filler,none,51,correct
No,No,68,4,filler,none,51,correct
No,No,68,4,filler,none,51,correct
No,No,68,4,filler,none,51,correct
No,No,68,4,filler,none,51,correct
No,No,68,4,filler,none,51,correct
No,No,68,4,filler,none,51,correct
No,No,68,4,filler,none,51,correct
No,No,68,4,filler,none,51,correct
No,No,68,4,filler,none,51,correct
No,No,68,4,filler,none,51,correct
No,No,68,4,filler,none,51,correct
No,No,68,4,filler,none,51,correct
No,No,69,4,filler,none,51,correct
No,No,69,4,filler,none,51,correct
No,No,69,4,filler,none,51,correct
No,No,69,4,filler,none,51,correct
No,No,69,4,filler,none,51,correct
No,No,69,4,filler,none,51,correct
No,No,69,4,filler,none,51,correct
No,No,69,4,filler,none,51,correct
No,No,69,4,filler,none,51,correct
No,No,69,4,filler,none,51,correct
No,No,69,4,filler,none,51,correct
No,No,69,4,filler,none,51,correct
Yes,Yes,72,4,filler,none,51,correct
Yes,Yes,72,4,filler,none,51,correct
Yes,Yes,72,4,filler,none,51,correct
Yes,Yes,72,4,filler,none,51,correct
Yes,Yes,72,4,filler,none,51,correct
Yes,Yes,72,4,filler,none,51,correct
Yes,Yes,72,4,filler,none,51,correct
Yes,Yes,72,4,filler,none,51,correct
Yes,Yes,72,4,filler,none,51,correct
Yes,Yes,72,4,filler,none,51,correct
Yes,Yes,72,4,filler,none,51,correct
Yes,Yes,72,4,filler,none,51,correct
No,No,73,4,filler,none,51,correct
No,No,73,4,filler,none,51,correct
No,No,73,4,filler,none,51,correct
No,No,73,4,filler,none,51,correct
No,No,73,4,filler,none,51,correct
No,No,73,4,filler,none,51,correct
No,No,73,4,filler,none,51,correct
No,No,73,4,filler,none,51,correct
No,No,73,4,filler,none,51,correct
No,No,73,4,filler,none,51,correct
No,No,73,4,filler,none,51,correct
No,No,73,4,filler,none,51,correct
No,No,73,4,filler,none,51,correct
Yes,Yes,74,4,filler,none,51,correct
Yes,Yes,74,4,filler,none,51,correct
Yes,Yes,74,4,filler,none,51,correct
Yes,Yes,74,4,filler,none,51,correct
Yes,Yes,74,4,filler,none,51,correct
Yes,Yes,74,4,filler,none,51,correct
Yes,Yes,74,4,filler,none,51,correct
Yes,Yes,74,4,filler,none,51,correct
Yes,Yes,74,4,filler,none,51,correct
Yes,Yes,74,4,filler,none,51,correct
Yes,Yes,74,4,filler,none,51,correct
Yes,Yes,74,4,filler,none,51,correct
Yes,Yes,74,4,filler,none,51,correct
Yes,Yes,75,4,filler,none,51,correct
Yes,Yes,75,4,filler,none,51,correct
Yes,Yes,75,4,filler,none,51,correct
Yes,Yes,75,4,filler,none,51,correct
Yes,Yes,75,4,filler,none,51,correct
Yes,Yes,75,4,filler,none,51,correct
Yes,Yes,75,4,filler,none,51,correct
Yes,Yes,75,4,filler,none,51,correct
Yes,Yes,75,4,filler,none,51,correct
Yes,Yes,75,4,filler,none,51,correct
Yes,Yes,75,4,filler,none,51,correct
Yes,Yes,75,4,filler,none,51,correct
Yes,Yes,75,4,filler,none,51,correct
Yes,Yes,77,4,filler,none,51,correct
Yes,Yes,77,4,filler,none,51,correct
Yes,Yes,77,4,filler,none,51,correct
Yes,Yes,77,4,filler,none,51,correct
Yes,Yes,77,4,filler,none,51,correct
Yes,Yes,77,4,filler,none,51,correct
Yes,Yes,77,4,filler,none,51,correct
Yes,Yes,77,4,filler,none,51,correct
Yes,Yes,77,4,filler,none,51,correct
Yes,Yes,77,4,filler,none,51,correct
Yes,Yes,77,4,filler,none,51,correct
Yes,Yes,77,4,filler,none,51,correct
Yes,Yes,77,4,filler,none,51,correct
No,No,78,4,filler,none,51,correct
No,No,78,4,filler,none,51,correct
No,No,78,4,filler,none,51,correct
No,No,78,4,filler,none,51,correct
No,No,78,4,filler,none,51,correct
No,No,78,4,filler,none,51,correct
No,No,78,4,filler,none,51,correct
No,No,78,4,filler,none,51,correct
No,No,78,4,filler,none,51,correct
No,No,78,4,filler,none,51,correct
No,No,78,4,filler,none,51,correct
No,No,78,4,filler,none,51,correct
No,No,78,4,filler,none,51,correct
No,No,80,4,filler,none,51,correct
No,No,80,4,filler,none,51,correct
No,No,80,4,filler,none,51,correct
No,No,80,4,filler,none,51,correct
No,No,80,4,filler,none,51,correct
No,No,80,4,filler,none,51,correct
No,No,80,4,filler,none,51,correct
No,No,80,4,filler,none,51,correct
No,No,80,4,filler,none,51,correct
No,No,80,4,filler,none,51,correct
No,No,80,4,filler,none,51,correct
No,No,80,4,filler,none,51,correct
No,No,80,4,filler,none,51,correct
No,No,82,4,filler,none,51,correct
No,No,82,4,filler,none,51,correct
No,No,82,4,filler,none,51,correct
No,No,82,4,filler,none,51,correct
No,No,82,4,filler,none,51,correct
No,No,82,4,filler,none,51,correct
No,No,82,4,filler,none,51,correct
No,No,82,4,filler,none,51,correct
No,No,82,4,filler,none,51,correct
No,No,82,4,filler,none,51,correct
No,No,82,4,filler,none,51,correct
No,No,82,4,filler,none,51,correct
No,No,82,4,filler,none,51,correct
No,No,84,4,filler,none,51,correct
No,No,84,4,filler,none,51,correct
No,No,84,4,filler,none,51,correct
No,No,84,4,filler,none,51,correct
No,No,84,4,filler,none,51,correct
No,No,84,4,filler,none,51,correct
No,No,84,4,filler,none,51,correct
No,No,84,4,filler,none,51,correct
No,No,84,4,filler,none,51,correct
No,No,84,4,filler,none,51,correct
No,No,84,4,filler,none,51,correct
No,No,84,4,filler,none,51,correct
No,No,84,4,filler,none,51,correct
No,No,87,4,filler,none,51,correct
No,No,87,4,filler,none,51,correct
No,No,87,4,filler,none,51,correct
No,No,87,4,filler,none,51,correct
No,No,87,4,filler,none,51,correct
No,No,87,4,filler,none,51,correct
No,No,87,4,filler,none,51,correct
No,No,87,4,filler,none,51,correct
No,No,87,4,filler,none,51,correct
No,No,87,4,filler,none,51,correct
No,No,87,4,filler,none,51,correct
No,No,87,4,filler,none,51,correct
No,No,87,4,filler,none,51,correct
Yes,No,89,4,filler,none,51,incorrect
Yes,No,89,4,filler,none,51,incorrect
Yes,No,89,4,filler,none,51,incorrect
Yes,No,89,4,filler,none,51,incorrect
Yes,No,89,4,filler,none,51,incorrect
Yes,No,89,4,filler,none,51,incorrect
Yes,No,89,4,filler,none,51,incorrect
Yes,No,89,4,filler,none,51,incorrect
Yes,No,89,4,filler,none,51,incorrect
Yes,No,89,4,filler,none,51,incorrect
Yes,No,89,4,filler,none,51,incorrect
Yes,No,89,4,filler,none,51,incorrect
Yes,No,89,4,filler,none,51,incorrect
Yes,Yes,1,5,nomove,unacc,52,correct
Yes,Yes,1,5,nomove,unacc,52,correct
Yes,Yes,1,5,nomove,unacc,52,correct
Yes,Yes,1,5,nomove,unacc,52,correct
Yes,Yes,1,5,nomove,unacc,52,correct
Yes,Yes,2,5,nomove,CP,52,correct
Yes,Yes,2,5,nomove,CP,52,correct
Yes,Yes,2,5,nomove,CP,52,correct
Yes,Yes,2,5,nomove,CP,52,correct
Yes,Yes,2,5,nomove,CP,52,correct
No,No,5,5,move,CP,52,correct
No,No,5,5,move,CP,52,correct
No,No,5,5,move,CP,52,correct
No,No,5,5,move,CP,52,correct
No,No,5,5,move,CP,52,correct
Yes,Yes,6,5,nomove,DP,52,correct
Yes,Yes,6,5,nomove,DP,52,correct
Yes,Yes,6,5,nomove,DP,52,correct
Yes,Yes,6,5,nomove,DP,52,correct
Yes,Yes,6,5,nomove,DP,52,correct
Yes,Yes,7,5,nomove,unacc,52,correct
Yes,Yes,7,5,nomove,unacc,52,correct
Yes,Yes,7,5,nomove,unacc,52,correct
Yes,Yes,7,5,nomove,unacc,52,correct
Yes,Yes,7,5,nomove,unacc,52,correct
Yes,Yes,11,5,move,CP,52,correct
Yes,Yes,11,5,move,CP,52,correct
Yes,Yes,11,5,move,CP,52,correct
Yes,Yes,11,5,move,CP,52,correct
Yes,Yes,11,5,move,CP,52,correct
Yes,Yes,13,5,nomove,unacc,52,correct
Yes,Yes,13,5,nomove,unacc,52,correct
Yes,Yes,13,5,nomove,unacc,52,correct
Yes,Yes,13,5,nomove,unacc,52,correct
Yes,Yes,13,5,nomove,unacc,52,correct
Yes,Yes,14,5,nomove,CP,52,correct
Yes,Yes,14,5,nomove,CP,52,correct
Yes,Yes,14,5,nomove,CP,52,correct
Yes,Yes,14,5,nomove,CP,52,correct
Yes,Yes,14,5,nomove,CP,52,correct
Yes,Yes,17,5,move,unacc,52,correct
Yes,Yes,17,5,move,unacc,52,correct
Yes,Yes,17,5,move,unacc,52,correct
Yes,Yes,17,5,move,unacc,52,correct
Yes,Yes,17,5,move,unacc,52,correct
Yes,Yes,19,5,nomove,unacc,52,correct
Yes,Yes,19,5,nomove,unacc,52,correct
Yes,Yes,19,5,nomove,unacc,52,correct
Yes,Yes,19,5,nomove,unacc,52,correct
Yes,Yes,19,5,nomove,unacc,52,correct
Yes,Yes,21,5,move,DP,52,correct
Yes,Yes,21,5,move,DP,52,correct
Yes,Yes,21,5,move,DP,52,correct
Yes,Yes,21,5,move,DP,52,correct
Yes,Yes,21,5,move,DP,52,correct
Yes,Yes,22,5,move,unacc,52,correct
Yes,Yes,22,5,move,unacc,52,correct
Yes,Yes,22,5,move,unacc,52,correct
Yes,Yes,22,5,move,unacc,52,correct
Yes,Yes,22,5,move,unacc,52,correct
No,No,25,5,nomove,unacc,52,correct
No,No,25,5,nomove,unacc,52,correct
No,No,25,5,nomove,unacc,52,correct
No,No,25,5,nomove,unacc,52,correct
No,No,25,5,nomove,unacc,52,correct
No,Yes,30,5,nomove,DP,52,incorrect
No,Yes,30,5,nomove,DP,52,incorrect
No,Yes,30,5,nomove,DP,52,incorrect
No,Yes,30,5,nomove,DP,52,incorrect
No,Yes,30,5,nomove,DP,52,incorrect
No,No,31,5,nomove,unacc,52,correct
No,No,31,5,nomove,unacc,52,correct
No,No,31,5,nomove,unacc,52,correct
No,No,31,5,nomove,unacc,52,correct
No,No,31,5,nomove,unacc,52,correct
Yes,Yes,32,5,nomove,CP,52,correct
Yes,Yes,32,5,nomove,CP,52,correct
Yes,Yes,32,5,nomove,CP,52,correct
Yes,Yes,32,5,nomove,CP,52,correct
Yes,Yes,32,5,nomove,CP,52,correct
No,No,33,5,move,DP,52,correct
No,No,33,5,move,DP,52,correct
No,No,33,5,move,DP,52,correct
No,No,33,5,move,DP,52,correct
No,No,33,5,move,DP,52,correct
Yes,Yes,35,5,move,CP,52,correct
Yes,Yes,35,5,move,CP,52,correct
Yes,Yes,35,5,move,CP,52,correct
Yes,Yes,35,5,move,CP,52,correct
Yes,Yes,35,5,move,CP,52,correct
No,No,37,5,filler,none,52,correct
No,No,37,5,filler,none,52,correct
No,No,37,5,filler,none,52,correct
No,No,37,5,filler,none,52,correct
No,No,37,5,filler,none,52,correct
No,No,37,5,filler,none,52,correct
No,No,37,5,filler,none,52,correct
No,No,37,5,filler,none,52,correct
No,No,37,5,filler,none,52,correct
No,No,37,5,filler,none,52,correct
No,No,37,5,filler,none,52,correct
No,No,38,5,filler,none,52,correct
No,No,38,5,filler,none,52,correct
No,No,38,5,filler,none,52,correct
No,No,38,5,filler,none,52,correct
No,No,38,5,filler,none,52,correct
No,No,38,5,filler,none,52,correct
No,No,38,5,filler,none,52,correct
No,No,38,5,filler,none,52,correct
No,No,38,5,filler,none,52,correct
No,No,38,5,filler,none,52,correct
No,No,38,5,filler,none,52,correct
No,No,39,5,filler,none,52,correct
No,No,39,5,filler,none,52,correct
No,No,39,5,filler,none,52,correct
No,No,39,5,filler,none,52,correct
No,No,39,5,filler,none,52,correct
No,No,39,5,filler,none,52,correct
No,No,39,5,filler,none,52,correct
No,No,39,5,filler,none,52,correct
No,No,39,5,filler,none,52,correct
No,No,39,5,filler,none,52,correct
No,No,39,5,filler,none,52,correct
Yes,Yes,43,5,filler,none,52,correct
Yes,Yes,43,5,filler,none,52,correct
Yes,Yes,43,5,filler,none,52,correct
Yes,Yes,43,5,filler,none,52,correct
Yes,Yes,43,5,filler,none,52,correct
Yes,Yes,43,5,filler,none,52,correct
Yes,Yes,43,5,filler,none,52,correct
Yes,Yes,43,5,filler,none,52,correct
Yes,Yes,43,5,filler,none,52,correct
Yes,Yes,43,5,filler,none,52,correct
Yes,Yes,43,5,filler,none,52,correct
No,No,44,5,filler,none,52,correct
No,No,44,5,filler,none,52,correct
No,No,44,5,filler,none,52,correct
No,No,44,5,filler,none,52,correct
No,No,44,5,filler,none,52,correct
No,No,44,5,filler,none,52,correct
No,No,44,5,filler,none,52,correct
No,No,44,5,filler,none,52,correct
No,No,44,5,filler,none,52,correct
No,No,44,5,filler,none,52,correct
No,No,44,5,filler,none,52,correct
No,No,46,5,filler,none,52,correct
No,No,46,5,filler,none,52,correct
No,No,46,5,filler,none,52,correct
No,No,46,5,filler,none,52,correct
No,No,46,5,filler,none,52,correct
No,No,46,5,filler,none,52,correct
No,No,46,5,filler,none,52,correct
No,No,46,5,filler,none,52,correct
No,No,46,5,filler,none,52,correct
No,No,46,5,filler,none,52,correct
No,No,46,5,filler,none,52,correct
Yes,Yes,48,5,filler,none,52,correct
Yes,Yes,48,5,filler,none,52,correct
Yes,Yes,48,5,filler,none,52,correct
Yes,Yes,48,5,filler,none,52,correct
Yes,Yes,48,5,filler,none,52,correct
Yes,Yes,48,5,filler,none,52,correct
Yes,Yes,48,5,filler,none,52,correct
Yes,Yes,48,5,filler,none,52,correct
Yes,Yes,48,5,filler,none,52,correct
Yes,Yes,48,5,filler,none,52,correct
Yes,Yes,48,5,filler,none,52,correct
No,No,50,5,filler,none,52,correct
No,No,50,5,filler,none,52,correct
No,No,50,5,filler,none,52,correct
No,No,50,5,filler,none,52,correct
No,No,50,5,filler,none,52,correct
No,No,50,5,filler,none,52,correct
No,No,50,5,filler,none,52,correct
No,No,50,5,filler,none,52,correct
No,No,50,5,filler,none,52,correct
No,No,50,5,filler,none,52,correct
No,No,50,5,filler,none,52,correct
Yes,Yes,52,5,filler,none,52,correct
Yes,Yes,52,5,filler,none,52,correct
Yes,Yes,52,5,filler,none,52,correct
Yes,Yes,52,5,filler,none,52,correct
Yes,Yes,52,5,filler,none,52,correct
Yes,Yes,52,5,filler,none,52,correct
Yes,Yes,52,5,filler,none,52,correct
Yes,Yes,52,5,filler,none,52,correct
Yes,Yes,52,5,filler,none,52,correct
Yes,Yes,52,5,filler,none,52,correct
Yes,Yes,52,5,filler,none,52,correct
No,No,53,5,filler,none,52,correct
No,No,53,5,filler,none,52,correct
No,No,53,5,filler,none,52,correct
No,No,53,5,filler,none,52,correct
No,No,53,5,filler,none,52,correct
No,No,53,5,filler,none,52,correct
No,No,53,5,filler,none,52,correct
No,No,53,5,filler,none,52,correct
No,No,53,5,filler,none,52,correct
No,No,53,5,filler,none,52,correct
No,No,53,5,filler,none,52,correct
Yes,Yes,58,5,filler,none,52,correct
Yes,Yes,58,5,filler,none,52,correct
Yes,Yes,58,5,filler,none,52,correct
Yes,Yes,58,5,filler,none,52,correct
Yes,Yes,58,5,filler,none,52,correct
Yes,Yes,58,5,filler,none,52,correct
Yes,Yes,58,5,filler,none,52,correct
Yes,Yes,58,5,filler,none,52,correct
Yes,Yes,58,5,filler,none,52,correct
Yes,Yes,58,5,filler,none,52,correct
Yes,Yes,58,5,filler,none,52,correct
Yes,Yes,58,5,filler,none,52,correct
No,No,59,5,filler,none,52,correct
No,No,59,5,filler,none,52,correct
No,No,59,5,filler,none,52,correct
No,No,59,5,filler,none,52,correct
No,No,59,5,filler,none,52,correct
No,No,59,5,filler,none,52,correct
No,No,59,5,filler,none,52,correct
No,No,59,5,filler,none,52,correct
No,No,59,5,filler,none,52,correct
No,No,59,5,filler,none,52,correct
No,No,59,5,filler,none,52,correct
No,No,59,5,filler,none,52,correct
No,No,59,5,filler,none,52,correct
No,No,62,5,filler,none,52,correct
No,No,62,5,filler,none,52,correct
No,No,62,5,filler,none,52,correct
No,No,62,5,filler,none,52,correct
No,No,62,5,filler,none,52,correct
No,No,62,5,filler,none,52,correct
No,No,62,5,filler,none,52,correct
No,No,62,5,filler,none,52,correct
No,No,62,5,filler,none,52,correct
No,No,62,5,filler,none,52,correct
No,No,62,5,filler,none,52,correct
No,No,62,5,filler,none,52,correct
Yes,Yes,64,5,filler,none,52,correct
Yes,Yes,64,5,filler,none,52,correct
Yes,Yes,64,5,filler,none,52,correct
Yes,Yes,64,5,filler,none,52,correct
Yes,Yes,64,5,filler,none,52,correct
Yes,Yes,64,5,filler,none,52,correct
Yes,Yes,64,5,filler,none,52,correct
Yes,Yes,64,5,filler,none,52,correct
Yes,Yes,64,5,filler,none,52,correct
Yes,Yes,64,5,filler,none,52,correct
Yes,Yes,64,5,filler,none,52,correct
Yes,Yes,64,5,filler,none,52,correct
No,No,66,5,filler,none,52,correct
No,No,66,5,filler,none,52,correct
No,No,66,5,filler,none,52,correct
No,No,66,5,filler,none,52,correct
No,No,66,5,filler,none,52,correct
No,No,66,5,filler,none,52,correct
No,No,66,5,filler,none,52,correct
No,No,66,5,filler,none,52,correct
No,No,66,5,filler,none,52,correct
No,No,66,5,filler,none,52,correct
No,No,66,5,filler,none,52,correct
No,No,66,5,filler,none,52,correct
No,No,68,5,filler,none,52,correct
No,No,68,5,filler,none,52,correct
No,No,68,5,filler,none,52,correct
No,No,68,5,filler,none,52,correct
No,No,68,5,filler,none,52,correct
No,No,68,5,filler,none,52,correct
No,No,68,5,filler,none,52,correct
No,No,68,5,filler,none,52,correct
No,No,68,5,filler,none,52,correct
No,No,68,5,filler,none,52,correct
No,No,68,5,filler,none,52,correct
No,No,68,5,filler,none,52,correct
Yes,No,69,5,filler,none,52,incorrect
Yes,No,69,5,filler,none,52,incorrect
Yes,No,69,5,filler,none,52,incorrect
Yes,No,69,5,filler,none,52,incorrect
Yes,No,69,5,filler,none,52,incorrect
Yes,No,69,5,filler,none,52,incorrect
Yes,No,69,5,filler,none,52,incorrect
Yes,No,69,5,filler,none,52,incorrect
Yes,No,69,5,filler,none,52,incorrect
Yes,No,69,5,filler,none,52,incorrect
Yes,No,69,5,filler,none,52,incorrect
Yes,No,69,5,filler,none,52,incorrect
Yes,Yes,72,5,filler,none,52,correct
Yes,Yes,72,5,filler,none,52,correct
Yes,Yes,72,5,filler,none,52,correct
Yes,Yes,72,5,filler,none,52,correct
Yes,Yes,72,5,filler,none,52,correct
Yes,Yes,72,5,filler,none,52,correct
Yes,Yes,72,5,filler,none,52,correct
Yes,Yes,72,5,filler,none,52,correct
Yes,Yes,72,5,filler,none,52,correct
Yes,Yes,72,5,filler,none,52,correct
Yes,Yes,72,5,filler,none,52,correct
Yes,Yes,72,5,filler,none,52,correct
No,No,73,5,filler,none,52,correct
No,No,73,5,filler,none,52,correct
No,No,73,5,filler,none,52,correct
No,No,73,5,filler,none,52,correct
No,No,73,5,filler,none,52,correct
No,No,73,5,filler,none,52,correct
No,No,73,5,filler,none,52,correct
No,No,73,5,filler,none,52,correct
No,No,73,5,filler,none,52,correct
No,No,73,5,filler,none,52,correct
No,No,73,5,filler,none,52,correct
No,No,73,5,filler,none,52,correct
No,No,73,5,filler,none,52,correct
Yes,Yes,74,5,filler,none,52,correct
Yes,Yes,74,5,filler,none,52,correct
Yes,Yes,74,5,filler,none,52,correct
Yes,Yes,74,5,filler,none,52,correct
Yes,Yes,74,5,filler,none,52,correct
Yes,Yes,74,5,filler,none,52,correct
Yes,Yes,74,5,filler,none,52,correct
Yes,Yes,74,5,filler,none,52,correct
Yes,Yes,74,5,filler,none,52,correct
Yes,Yes,74,5,filler,none,52,correct
Yes,Yes,74,5,filler,none,52,correct
Yes,Yes,74,5,filler,none,52,correct
Yes,Yes,74,5,filler,none,52,correct
Yes,Yes,75,5,filler,none,52,correct
Yes,Yes,75,5,filler,none,52,correct
Yes,Yes,75,5,filler,none,52,correct
Yes,Yes,75,5,filler,none,52,correct
Yes,Yes,75,5,filler,none,52,correct
Yes,Yes,75,5,filler,none,52,correct
Yes,Yes,75,5,filler,none,52,correct
Yes,Yes,75,5,filler,none,52,correct
Yes,Yes,75,5,filler,none,52,correct
Yes,Yes,75,5,filler,none,52,correct
Yes,Yes,75,5,filler,none,52,correct
Yes,Yes,75,5,filler,none,52,correct
Yes,Yes,75,5,filler,none,52,correct
Yes,Yes,77,5,filler,none,52,correct
Yes,Yes,77,5,filler,none,52,correct
Yes,Yes,77,5,filler,none,52,correct
Yes,Yes,77,5,filler,none,52,correct
Yes,Yes,77,5,filler,none,52,correct
Yes,Yes,77,5,filler,none,52,correct
Yes,Yes,77,5,filler,none,52,correct
Yes,Yes,77,5,filler,none,52,correct
Yes,Yes,77,5,filler,none,52,correct
Yes,Yes,77,5,filler,none,52,correct
Yes,Yes,77,5,filler,none,52,correct
Yes,Yes,77,5,filler,none,52,correct
Yes,Yes,77,5,filler,none,52,correct
No,No,78,5,filler,none,52,correct
No,No,78,5,filler,none,52,correct
No,No,78,5,filler,none,52,correct
No,No,78,5,filler,none,52,correct
No,No,78,5,filler,none,52,correct
No,No,78,5,filler,none,52,correct
No,No,78,5,filler,none,52,correct
No,No,78,5,filler,none,52,correct
No,No,78,5,filler,none,52,correct
No,No,78,5,filler,none,52,correct
No,No,78,5,filler,none,52,correct
No,No,78,5,filler,none,52,correct
No,No,78,5,filler,none,52,correct
No,No,80,5,filler,none,52,correct
No,No,80,5,filler,none,52,correct
No,No,80,5,filler,none,52,correct
No,No,80,5,filler,none,52,correct
No,No,80,5,filler,none,52,correct
No,No,80,5,filler,none,52,correct
No,No,80,5,filler,none,52,correct
No,No,80,5,filler,none,52,correct
No,No,80,5,filler,none,52,correct
No,No,80,5,filler,none,52,correct
No,No,80,5,filler,none,52,correct
No,No,80,5,filler,none,52,correct
No,No,80,5,filler,none,52,correct
No,No,82,5,filler,none,52,correct
No,No,82,5,filler,none,52,correct
No,No,82,5,filler,none,52,correct
No,No,82,5,filler,none,52,correct
No,No,82,5,filler,none,52,correct
No,No,82,5,filler,none,52,correct
No,No,82,5,filler,none,52,correct
No,No,82,5,filler,none,52,correct
No,No,82,5,filler,none,52,correct
No,No,82,5,filler,none,52,correct
No,No,82,5,filler,none,52,correct
No,No,82,5,filler,none,52,correct
No,No,82,5,filler,none,52,correct
No,No,84,5,filler,none,52,correct
No,No,84,5,filler,none,52,correct
No,No,84,5,filler,none,52,correct
No,No,84,5,filler,none,52,correct
No,No,84,5,filler,none,52,correct
No,No,84,5,filler,none,52,correct
No,No,84,5,filler,none,52,correct
No,No,84,5,filler,none,52,correct
No,No,84,5,filler,none,52,correct
No,No,84,5,filler,none,52,correct
No,No,84,5,filler,none,52,correct
No,No,84,5,filler,none,52,correct
No,No,84,5,filler,none,52,correct
No,No,87,5,filler,none,52,correct
No,No,87,5,filler,none,52,correct
No,No,87,5,filler,none,52,correct
No,No,87,5,filler,none,52,correct
No,No,87,5,filler,none,52,correct
No,No,87,5,filler,none,52,correct
No,No,87,5,filler,none,52,correct
No,No,87,5,filler,none,52,correct
No,No,87,5,filler,none,52,correct
No,No,87,5,filler,none,52,correct
No,No,87,5,filler,none,52,correct
No,No,87,5,filler,none,52,correct
No,No,87,5,filler,none,52,correct
No,No,89,5,filler,none,52,correct
No,No,89,5,filler,none,52,correct
No,No,89,5,filler,none,52,correct
No,No,89,5,filler,none,52,correct
No,No,89,5,filler,none,52,correct
No,No,89,5,filler,none,52,correct
No,No,89,5,filler,none,52,correct
No,No,89,5,filler,none,52,correct
No,No,89,5,filler,none,52,correct
No,No,89,5,filler,none,52,correct
No,No,89,5,filler,none,52,correct
No,No,89,5,filler,none,52,correct
No,No,89,5,filler,none,52,correct
Yes,Yes,1,6,nomove,DP,53,correct
Yes,Yes,1,6,nomove,DP,53,correct
Yes,Yes,1,6,nomove,DP,53,correct
Yes,Yes,1,6,nomove,DP,53,correct
Yes,Yes,1,6,nomove,DP,53,correct
Yes,Yes,2,6,nomove,unacc,53,correct
Yes,Yes,2,6,nomove,unacc,53,correct
Yes,Yes,2,6,nomove,unacc,53,correct
Yes,Yes,2,6,nomove,unacc,53,correct
Yes,Yes,2,6,nomove,unacc,53,correct
No,No,5,6,move,unacc,53,correct
No,No,5,6,move,unacc,53,correct
No,No,5,6,move,unacc,53,correct
No,No,5,6,move,unacc,53,correct
No,No,5,6,move,unacc,53,correct
No,Yes,6,6,move,CP,53,incorrect
No,Yes,6,6,move,CP,53,incorrect
No,Yes,6,6,move,CP,53,incorrect
No,Yes,6,6,move,CP,53,incorrect
No,Yes,6,6,move,CP,53,incorrect
Yes,Yes,7,6,nomove,DP,53,correct
Yes,Yes,7,6,nomove,DP,53,correct
Yes,Yes,7,6,nomove,DP,53,correct
Yes,Yes,7,6,nomove,DP,53,correct
Yes,Yes,7,6,nomove,DP,53,correct
Yes,Yes,11,6,move,unacc,53,correct
Yes,Yes,11,6,move,unacc,53,correct
Yes,Yes,11,6,move,unacc,53,correct
Yes,Yes,11,6,move,unacc,53,correct
Yes,Yes,11,6,move,unacc,53,correct
Yes,Yes,13,6,nomove,DP,53,correct
Yes,Yes,13,6,nomove,DP,53,correct
Yes,Yes,13,6,nomove,DP,53,correct
Yes,Yes,13,6,nomove,DP,53,correct
Yes,Yes,13,6,nomove,DP,53,correct
Yes,Yes,14,6,nomove,unacc,53,correct
Yes,Yes,14,6,nomove,unacc,53,correct
Yes,Yes,14,6,nomove,unacc,53,correct
Yes,Yes,14,6,nomove,unacc,53,correct
Yes,Yes,14,6,nomove,unacc,53,correct
Yes,Yes,17,6,move,DP,53,correct
Yes,Yes,17,6,move,DP,53,correct
Yes,Yes,17,6,move,DP,53,correct
Yes,Yes,17,6,move,DP,53,correct
Yes,Yes,17,6,move,DP,53,correct
Yes,Yes,19,6,nomove,DP,53,correct
Yes,Yes,19,6,nomove,DP,53,correct
Yes,Yes,19,6,nomove,DP,53,correct
Yes,Yes,19,6,nomove,DP,53,correct
Yes,Yes,19,6,nomove,DP,53,correct
Yes,Yes,21,6,nomove,CP,53,correct
Yes,Yes,21,6,nomove,CP,53,correct
Yes,Yes,21,6,nomove,CP,53,correct
Yes,Yes,21,6,nomove,CP,53,correct
Yes,Yes,21,6,nomove,CP,53,correct
Yes,Yes,22,6,move,DP,53,correct
Yes,Yes,22,6,move,DP,53,correct
Yes,Yes,22,6,move,DP,53,correct
Yes,Yes,22,6,move,DP,53,correct
Yes,Yes,22,6,move,DP,53,correct
No,No,25,6,nomove,DP,53,correct
No,No,25,6,nomove,DP,53,correct
No,No,25,6,nomove,DP,53,correct
No,No,25,6,nomove,DP,53,correct
No,No,25,6,nomove,DP,53,correct
Yes,Yes,30,6,move,CP,53,correct
Yes,Yes,30,6,move,CP,53,correct
Yes,Yes,30,6,move,CP,53,correct
Yes,Yes,30,6,move,CP,53,correct
Yes,Yes,30,6,move,CP,53,correct
No,No,31,6,nomove,DP,53,correct
No,No,31,6,nomove,DP,53,correct
No,No,31,6,nomove,DP,53,correct
No,No,31,6,nomove,DP,53,correct
No,No,31,6,nomove,DP,53,correct
No,Yes,32,6,nomove,unacc,53,incorrect
No,Yes,32,6,nomove,unacc,53,incorrect
No,Yes,32,6,nomove,unacc,53,incorrect
No,Yes,32,6,nomove,unacc,53,incorrect
No,Yes,32,6,nomove,unacc,53,incorrect
No,No,33,6,nomove,CP,53,correct
No,No,33,6,nomove,CP,53,correct
No,No,33,6,nomove,CP,53,correct
No,No,33,6,nomove,CP,53,correct
No,No,33,6,nomove,CP,53,correct
Yes,Yes,35,6,move,unacc,53,correct
Yes,Yes,35,6,move,unacc,53,correct
Yes,Yes,35,6,move,unacc,53,correct
Yes,Yes,35,6,move,unacc,53,correct
Yes,Yes,35,6,move,unacc,53,correct
No,No,37,6,filler,none,53,correct
No,No,37,6,filler,none,53,correct
No,No,37,6,filler,none,53,correct
No,No,37,6,filler,none,53,correct
No,No,37,6,filler,none,53,correct
No,No,37,6,filler,none,53,correct
No,No,37,6,filler,none,53,correct
No,No,37,6,filler,none,53,correct
No,No,37,6,filler,none,53,correct
No,No,37,6,filler,none,53,correct
No,No,37,6,filler,none,53,correct
No,No,38,6,filler,none,53,correct
No,No,38,6,filler,none,53,correct
No,No,38,6,filler,none,53,correct
No,No,38,6,filler,none,53,correct
No,No,38,6,filler,none,53,correct
No,No,38,6,filler,none,53,correct
No,No,38,6,filler,none,53,correct
No,No,38,6,filler,none,53,correct
No,No,38,6,filler,none,53,correct
No,No,38,6,filler,none,53,correct
No,No,38,6,filler,none,53,correct
No,No,39,6,filler,none,53,correct
No,No,39,6,filler,none,53,correct
No,No,39,6,filler,none,53,correct
No,No,39,6,filler,none,53,correct
No,No,39,6,filler,none,53,correct
No,No,39,6,filler,none,53,correct
No,No,39,6,filler,none,53,correct
No,No,39,6,filler,none,53,correct
No,No,39,6,filler,none,53,correct
No,No,39,6,filler,none,53,correct
No,No,39,6,filler,none,53,correct
Yes,Yes,43,6,filler,none,53,correct
Yes,Yes,43,6,filler,none,53,correct
Yes,Yes,43,6,filler,none,53,correct
Yes,Yes,43,6,filler,none,53,correct
Yes,Yes,43,6,filler,none,53,correct
Yes,Yes,43,6,filler,none,53,correct
Yes,Yes,43,6,filler,none,53,correct
Yes,Yes,43,6,filler,none,53,correct
Yes,Yes,43,6,filler,none,53,correct
Yes,Yes,43,6,filler,none,53,correct
Yes,Yes,43,6,filler,none,53,correct
No,No,44,6,filler,none,53,correct
No,No,44,6,filler,none,53,correct
No,No,44,6,filler,none,53,correct
No,No,44,6,filler,none,53,correct
No,No,44,6,filler,none,53,correct
No,No,44,6,filler,none,53,correct
No,No,44,6,filler,none,53,correct
No,No,44,6,filler,none,53,correct
No,No,44,6,filler,none,53,correct
No,No,44,6,filler,none,53,correct
No,No,44,6,filler,none,53,correct
No,No,46,6,filler,none,53,correct
No,No,46,6,filler,none,53,correct
No,No,46,6,filler,none,53,correct
No,No,46,6,filler,none,53,correct
No,No,46,6,filler,none,53,correct
No,No,46,6,filler,none,53,correct
No,No,46,6,filler,none,53,correct
No,No,46,6,filler,none,53,correct
No,No,46,6,filler,none,53,correct
No,No,46,6,filler,none,53,correct
No,No,46,6,filler,none,53,correct
Yes,Yes,48,6,filler,none,53,correct
Yes,Yes,48,6,filler,none,53,correct
Yes,Yes,48,6,filler,none,53,correct
Yes,Yes,48,6,filler,none,53,correct
Yes,Yes,48,6,filler,none,53,correct
Yes,Yes,48,6,filler,none,53,correct
Yes,Yes,48,6,filler,none,53,correct
Yes,Yes,48,6,filler,none,53,correct
Yes,Yes,48,6,filler,none,53,correct
Yes,Yes,48,6,filler,none,53,correct
Yes,Yes,48,6,filler,none,53,correct
No,No,50,6,filler,none,53,correct
No,No,50,6,filler,none,53,correct
No,No,50,6,filler,none,53,correct
No,No,50,6,filler,none,53,correct
No,No,50,6,filler,none,53,correct
No,No,50,6,filler,none,53,correct
No,No,50,6,filler,none,53,correct
No,No,50,6,filler,none,53,correct
No,No,50,6,filler,none,53,correct
No,No,50,6,filler,none,53,correct
No,No,50,6,filler,none,53,correct
Yes,Yes,52,6,filler,none,53,correct
Yes,Yes,52,6,filler,none,53,correct
Yes,Yes,52,6,filler,none,53,correct
Yes,Yes,52,6,filler,none,53,correct
Yes,Yes,52,6,filler,none,53,correct
Yes,Yes,52,6,filler,none,53,correct
Yes,Yes,52,6,filler,none,53,correct
Yes,Yes,52,6,filler,none,53,correct
Yes,Yes,52,6,filler,none,53,correct
Yes,Yes,52,6,filler,none,53,correct
Yes,Yes,52,6,filler,none,53,correct
No,No,53,6,filler,none,53,correct
No,No,53,6,filler,none,53,correct
No,No,53,6,filler,none,53,correct
No,No,53,6,filler,none,53,correct
No,No,53,6,filler,none,53,correct
No,No,53,6,filler,none,53,correct
No,No,53,6,filler,none,53,correct
No,No,53,6,filler,none,53,correct
No,No,53,6,filler,none,53,correct
No,No,53,6,filler,none,53,correct
No,No,53,6,filler,none,53,correct
Yes,Yes,58,6,filler,none,53,correct
Yes,Yes,58,6,filler,none,53,correct
Yes,Yes,58,6,filler,none,53,correct
Yes,Yes,58,6,filler,none,53,correct
Yes,Yes,58,6,filler,none,53,correct
Yes,Yes,58,6,filler,none,53,correct
Yes,Yes,58,6,filler,none,53,correct
Yes,Yes,58,6,filler,none,53,correct
Yes,Yes,58,6,filler,none,53,correct
Yes,Yes,58,6,filler,none,53,correct
Yes,Yes,58,6,filler,none,53,correct
Yes,Yes,58,6,filler,none,53,correct
No,No,59,6,filler,none,53,correct
No,No,59,6,filler,none,53,correct
No,No,59,6,filler,none,53,correct
No,No,59,6,filler,none,53,correct
No,No,59,6,filler,none,53,correct
No,No,59,6,filler,none,53,correct
No,No,59,6,filler,none,53,correct
No,No,59,6,filler,none,53,correct
No,No,59,6,filler,none,53,correct
No,No,59,6,filler,none,53,correct
No,No,59,6,filler,none,53,correct
No,No,59,6,filler,none,53,correct
No,No,59,6,filler,none,53,correct
No,No,62,6,filler,none,53,correct
No,No,62,6,filler,none,53,correct
No,No,62,6,filler,none,53,correct
No,No,62,6,filler,none,53,correct
No,No,62,6,filler,none,53,correct
No,No,62,6,filler,none,53,correct
No,No,62,6,filler,none,53,correct
No,No,62,6,filler,none,53,correct
No,No,62,6,filler,none,53,correct
No,No,62,6,filler,none,53,correct
No,No,62,6,filler,none,53,correct
No,No,62,6,filler,none,53,correct
Yes,Yes,64,6,filler,none,53,correct
Yes,Yes,64,6,filler,none,53,correct
Yes,Yes,64,6,filler,none,53,correct
Yes,Yes,64,6,filler,none,53,correct
Yes,Yes,64,6,filler,none,53,correct
Yes,Yes,64,6,filler,none,53,correct
Yes,Yes,64,6,filler,none,53,correct
Yes,Yes,64,6,filler,none,53,correct
Yes,Yes,64,6,filler,none,53,correct
Yes,Yes,64,6,filler,none,53,correct
Yes,Yes,64,6,filler,none,53,correct
Yes,Yes,64,6,filler,none,53,correct
No,No,66,6,filler,none,53,correct
No,No,66,6,filler,none,53,correct
No,No,66,6,filler,none,53,correct
No,No,66,6,filler,none,53,correct
No,No,66,6,filler,none,53,correct
No,No,66,6,filler,none,53,correct
No,No,66,6,filler,none,53,correct
No,No,66,6,filler,none,53,correct
No,No,66,6,filler,none,53,correct
No,No,66,6,filler,none,53,correct
No,No,66,6,filler,none,53,correct
No,No,66,6,filler,none,53,correct
No,No,68,6,filler,none,53,correct
No,No,68,6,filler,none,53,correct
No,No,68,6,filler,none,53,correct
No,No,68,6,filler,none,53,correct
No,No,68,6,filler,none,53,correct
No,No,68,6,filler,none,53,correct
No,No,68,6,filler,none,53,correct
No,No,68,6,filler,none,53,correct
No,No,68,6,filler,none,53,correct
No,No,68,6,filler,none,53,correct
No,No,68,6,filler,none,53,correct
No,No,68,6,filler,none,53,correct
No,No,69,6,filler,none,53,correct
No,No,69,6,filler,none,53,correct
No,No,69,6,filler,none,53,correct
No,No,69,6,filler,none,53,correct
No,No,69,6,filler,none,53,correct
No,No,69,6,filler,none,53,correct
No,No,69,6,filler,none,53,correct
No,No,69,6,filler,none,53,correct
No,No,69,6,filler,none,53,correct
No,No,69,6,filler,none,53,correct
No,No,69,6,filler,none,53,correct
No,No,69,6,filler,none,53,correct
Yes,Yes,72,6,filler,none,53,correct
Yes,Yes,72,6,filler,none,53,correct
Yes,Yes,72,6,filler,none,53,correct
Yes,Yes,72,6,filler,none,53,correct
Yes,Yes,72,6,filler,none,53,correct
Yes,Yes,72,6,filler,none,53,correct
Yes,Yes,72,6,filler,none,53,correct
Yes,Yes,72,6,filler,none,53,correct
Yes,Yes,72,6,filler,none,53,correct
Yes,Yes,72,6,filler,none,53,correct
Yes,Yes,72,6,filler,none,53,correct
Yes,Yes,72,6,filler,none,53,correct
No,No,73,6,filler,none,53,correct
No,No,73,6,filler,none,53,correct
No,No,73,6,filler,none,53,correct
No,No,73,6,filler,none,53,correct
No,No,73,6,filler,none,53,correct
No,No,73,6,filler,none,53,correct
No,No,73,6,filler,none,53,correct
No,No,73,6,filler,none,53,correct
No,No,73,6,filler,none,53,correct
No,No,73,6,filler,none,53,correct
No,No,73,6,filler,none,53,correct
No,No,73,6,filler,none,53,correct
No,No,73,6,filler,none,53,correct
Yes,Yes,74,6,filler,none,53,correct
Yes,Yes,74,6,filler,none,53,correct
Yes,Yes,74,6,filler,none,53,correct
Yes,Yes,74,6,filler,none,53,correct
Yes,Yes,74,6,filler,none,53,correct
Yes,Yes,74,6,filler,none,53,correct
Yes,Yes,74,6,filler,none,53,correct
Yes,Yes,74,6,filler,none,53,correct
Yes,Yes,74,6,filler,none,53,correct
Yes,Yes,74,6,filler,none,53,correct
Yes,Yes,74,6,filler,none,53,correct
Yes,Yes,74,6,filler,none,53,correct
Yes,Yes,74,6,filler,none,53,correct
Yes,Yes,75,6,filler,none,53,correct
Yes,Yes,75,6,filler,none,53,correct
Yes,Yes,75,6,filler,none,53,correct
Yes,Yes,75,6,filler,none,53,correct
Yes,Yes,75,6,filler,none,53,correct
Yes,Yes,75,6,filler,none,53,correct
Yes,Yes,75,6,filler,none,53,correct
Yes,Yes,75,6,filler,none,53,correct
Yes,Yes,75,6,filler,none,53,correct
Yes,Yes,75,6,filler,none,53,correct
Yes,Yes,75,6,filler,none,53,correct
Yes,Yes,75,6,filler,none,53,correct
Yes,Yes,75,6,filler,none,53,correct
Yes,Yes,77,6,filler,none,53,correct
Yes,Yes,77,6,filler,none,53,correct
Yes,Yes,77,6,filler,none,53,correct
Yes,Yes,77,6,filler,none,53,correct
Yes,Yes,77,6,filler,none,53,correct
Yes,Yes,77,6,filler,none,53,correct
Yes,Yes,77,6,filler,none,53,correct
Yes,Yes,77,6,filler,none,53,correct
Yes,Yes,77,6,filler,none,53,correct
Yes,Yes,77,6,filler,none,53,correct
Yes,Yes,77,6,filler,none,53,correct
Yes,Yes,77,6,filler,none,53,correct
Yes,Yes,77,6,filler,none,53,correct
No,No,78,6,filler,none,53,correct
No,No,78,6,filler,none,53,correct
No,No,78,6,filler,none,53,correct
No,No,78,6,filler,none,53,correct
No,No,78,6,filler,none,53,correct
No,No,78,6,filler,none,53,correct
No,No,78,6,filler,none,53,correct
No,No,78,6,filler,none,53,correct
No,No,78,6,filler,none,53,correct
No,No,78,6,filler,none,53,correct
No,No,78,6,filler,none,53,correct
No,No,78,6,filler,none,53,correct
No,No,78,6,filler,none,53,correct
No,No,80,6,filler,none,53,correct
No,No,80,6,filler,none,53,correct
No,No,80,6,filler,none,53,correct
No,No,80,6,filler,none,53,correct
No,No,80,6,filler,none,53,correct
No,No,80,6,filler,none,53,correct
No,No,80,6,filler,none,53,correct
No,No,80,6,filler,none,53,correct
No,No,80,6,filler,none,53,correct
No,No,80,6,filler,none,53,correct
No,No,80,6,filler,none,53,correct
No,No,80,6,filler,none,53,correct
No,No,80,6,filler,none,53,correct
No,No,82,6,filler,none,53,correct
No,No,82,6,filler,none,53,correct
No,No,82,6,filler,none,53,correct
No,No,82,6,filler,none,53,correct
No,No,82,6,filler,none,53,correct
No,No,82,6,filler,none,53,correct
No,No,82,6,filler,none,53,correct
No,No,82,6,filler,none,53,correct
No,No,82,6,filler,none,53,correct
No,No,82,6,filler,none,53,correct
No,No,82,6,filler,none,53,correct
No,No,82,6,filler,none,53,correct
No,No,82,6,filler,none,53,correct
No,No,84,6,filler,none,53,correct
No,No,84,6,filler,none,53,correct
No,No,84,6,filler,none,53,correct
No,No,84,6,filler,none,53,correct
No,No,84,6,filler,none,53,correct
No,No,84,6,filler,none,53,correct
No,No,84,6,filler,none,53,correct
No,No,84,6,filler,none,53,correct
No,No,84,6,filler,none,53,correct
No,No,84,6,filler,none,53,correct
No,No,84,6,filler,none,53,correct
No,No,84,6,filler,none,53,correct
No,No,84,6,filler,none,53,correct
No,No,87,6,filler,none,53,correct
No,No,87,6,filler,none,53,correct
No,No,87,6,filler,none,53,correct
No,No,87,6,filler,none,53,correct
No,No,87,6,filler,none,53,correct
No,No,87,6,filler,none,53,correct
No,No,87,6,filler,none,53,correct
No,No,87,6,filler,none,53,correct
No,No,87,6,filler,none,53,correct
No,No,87,6,filler,none,53,correct
No,No,87,6,filler,none,53,correct
No,No,87,6,filler,none,53,correct
No,No,87,6,filler,none,53,correct
No,No,89,6,filler,none,53,correct
No,No,89,6,filler,none,53,correct
No,No,89,6,filler,none,53,correct
No,No,89,6,filler,none,53,correct
No,No,89,6,filler,none,53,correct
No,No,89,6,filler,none,53,correct
No,No,89,6,filler,none,53,correct
No,No,89,6,filler,none,53,correct
No,No,89,6,filler,none,53,correct
No,No,89,6,filler,none,53,correct
No,No,89,6,filler,none,53,correct
No,No,89,6,filler,none,53,correct
No,No,89,6,filler,none,53,correct
Yes,Yes,1,1,move,CP,54,correct
Yes,Yes,1,1,move,CP,54,correct
Yes,Yes,1,1,move,CP,54,correct
Yes,Yes,1,1,move,CP,54,correct
Yes,Yes,1,1,move,CP,54,correct
Yes,Yes,2,1,nomove,DP,54,correct
Yes,Yes,2,1,nomove,DP,54,correct
Yes,Yes,2,1,nomove,DP,54,correct
Yes,Yes,2,1,nomove,DP,54,correct
Yes,Yes,2,1,nomove,DP,54,correct
No,No,5,1,move,DP,54,correct
No,No,5,1,move,DP,54,correct
No,No,5,1,move,DP,54,correct
No,No,5,1,move,DP,54,correct
No,No,5,1,move,DP,54,correct
No,Yes,6,1,move,unacc,54,incorrect
No,Yes,6,1,move,unacc,54,incorrect
No,Yes,6,1,move,unacc,54,incorrect
No,Yes,6,1,move,unacc,54,incorrect
No,Yes,6,1,move,unacc,54,incorrect
Yes,Yes,7,1,move,CP,54,correct
Yes,Yes,7,1,move,CP,54,correct
Yes,Yes,7,1,move,CP,54,correct
Yes,Yes,7,1,move,CP,54,correct
Yes,Yes,7,1,move,CP,54,correct
Yes,Yes,11,1,move,DP,54,correct
Yes,Yes,11,1,move,DP,54,correct
Yes,Yes,11,1,move,DP,54,correct
Yes,Yes,11,1,move,DP,54,correct
Yes,Yes,11,1,move,DP,54,correct
Yes,Yes,13,1,move,CP,54,correct
Yes,Yes,13,1,move,CP,54,correct
Yes,Yes,13,1,move,CP,54,correct
Yes,Yes,13,1,move,CP,54,correct
Yes,Yes,13,1,move,CP,54,correct
Yes,Yes,14,1,nomove,DP,54,correct
Yes,Yes,14,1,nomove,DP,54,correct
Yes,Yes,14,1,nomove,DP,54,correct
Yes,Yes,14,1,nomove,DP,54,correct
Yes,Yes,14,1,nomove,DP,54,correct
Yes,Yes,17,1,nomove,CP,54,correct
Yes,Yes,17,1,nomove,CP,54,correct
Yes,Yes,17,1,nomove,CP,54,correct
Yes,Yes,17,1,nomove,CP,54,correct
Yes,Yes,17,1,nomove,CP,54,correct
Yes,Yes,19,1,move,CP,54,correct
Yes,Yes,19,1,move,CP,54,correct
Yes,Yes,19,1,move,CP,54,correct
Yes,Yes,19,1,move,CP,54,correct
Yes,Yes,19,1,move,CP,54,correct
Yes,Yes,21,1,nomove,unacc,54,correct
Yes,Yes,21,1,nomove,unacc,54,correct
Yes,Yes,21,1,nomove,unacc,54,correct
Yes,Yes,21,1,nomove,unacc,54,correct
Yes,Yes,21,1,nomove,unacc,54,correct
Yes,Yes,22,1,nomove,CP,54,correct
Yes,Yes,22,1,nomove,CP,54,correct
Yes,Yes,22,1,nomove,CP,54,correct
Yes,Yes,22,1,nomove,CP,54,correct
Yes,Yes,22,1,nomove,CP,54,correct
No,No,25,1,move,CP,54,correct
No,No,25,1,move,CP,54,correct
No,No,25,1,move,CP,54,correct
No,No,25,1,move,CP,54,correct
No,No,25,1,move,CP,54,correct
Yes,Yes,30,1,move,unacc,54,correct
Yes,Yes,30,1,move,unacc,54,correct
Yes,Yes,30,1,move,unacc,54,correct
Yes,Yes,30,1,move,unacc,54,correct
Yes,Yes,30,1,move,unacc,54,correct
No,No,31,1,move,CP,54,correct
No,No,31,1,move,CP,54,correct
No,No,31,1,move,CP,54,correct
No,No,31,1,move,CP,54,correct
No,No,31,1,move,CP,54,correct
Yes,Yes,32,1,nomove,DP,54,correct
Yes,Yes,32,1,nomove,DP,54,correct
Yes,Yes,32,1,nomove,DP,54,correct
Yes,Yes,32,1,nomove,DP,54,correct
Yes,Yes,32,1,nomove,DP,54,correct
No,No,33,1,nomove,unacc,54,correct
No,No,33,1,nomove,unacc,54,correct
No,No,33,1,nomove,unacc,54,correct
No,No,33,1,nomove,unacc,54,correct
No,No,33,1,nomove,unacc,54,correct
Yes,Yes,35,1,move,DP,54,correct
Yes,Yes,35,1,move,DP,54,correct
Yes,Yes,35,1,move,DP,54,correct
Yes,Yes,35,1,move,DP,54,correct
Yes,Yes,35,1,move,DP,54,correct
No,No,37,1,filler,none,54,correct
No,No,37,1,filler,none,54,correct
No,No,37,1,filler,none,54,correct
No,No,37,1,filler,none,54,correct
No,No,37,1,filler,none,54,correct
No,No,37,1,filler,none,54,correct
No,No,37,1,filler,none,54,correct
No,No,37,1,filler,none,54,correct
No,No,37,1,filler,none,54,correct
No,No,37,1,filler,none,54,correct
No,No,37,1,filler,none,54,correct
No,No,38,1,filler,none,54,correct
No,No,38,1,filler,none,54,correct
No,No,38,1,filler,none,54,correct
No,No,38,1,filler,none,54,correct
No,No,38,1,filler,none,54,correct
No,No,38,1,filler,none,54,correct
No,No,38,1,filler,none,54,correct
No,No,38,1,filler,none,54,correct
No,No,38,1,filler,none,54,correct
No,No,38,1,filler,none,54,correct
No,No,38,1,filler,none,54,correct
No,No,39,1,filler,none,54,correct
No,No,39,1,filler,none,54,correct
No,No,39,1,filler,none,54,correct
No,No,39,1,filler,none,54,correct
No,No,39,1,filler,none,54,correct
No,No,39,1,filler,none,54,correct
No,No,39,1,filler,none,54,correct
No,No,39,1,filler,none,54,correct
No,No,39,1,filler,none,54,correct
No,No,39,1,filler,none,54,correct
No,No,39,1,filler,none,54,correct
Yes,Yes,43,1,filler,none,54,correct
Yes,Yes,43,1,filler,none,54,correct
Yes,Yes,43,1,filler,none,54,correct
Yes,Yes,43,1,filler,none,54,correct
Yes,Yes,43,1,filler,none,54,correct
Yes,Yes,43,1,filler,none,54,correct
Yes,Yes,43,1,filler,none,54,correct
Yes,Yes,43,1,filler,none,54,correct
Yes,Yes,43,1,filler,none,54,correct
Yes,Yes,43,1,filler,none,54,correct
Yes,Yes,43,1,filler,none,54,correct
No,No,44,1,filler,none,54,correct
No,No,44,1,filler,none,54,correct
No,No,44,1,filler,none,54,correct
No,No,44,1,filler,none,54,correct
No,No,44,1,filler,none,54,correct
No,No,44,1,filler,none,54,correct
No,No,44,1,filler,none,54,correct
No,No,44,1,filler,none,54,correct
No,No,44,1,filler,none,54,correct
No,No,44,1,filler,none,54,correct
No,No,44,1,filler,none,54,correct
No,No,46,1,filler,none,54,correct
No,No,46,1,filler,none,54,correct
No,No,46,1,filler,none,54,correct
No,No,46,1,filler,none,54,correct
No,No,46,1,filler,none,54,correct
No,No,46,1,filler,none,54,correct
No,No,46,1,filler,none,54,correct
No,No,46,1,filler,none,54,correct
No,No,46,1,filler,none,54,correct
No,No,46,1,filler,none,54,correct
No,No,46,1,filler,none,54,correct
Yes,Yes,48,1,filler,none,54,correct
Yes,Yes,48,1,filler,none,54,correct
Yes,Yes,48,1,filler,none,54,correct
Yes,Yes,48,1,filler,none,54,correct
Yes,Yes,48,1,filler,none,54,correct
Yes,Yes,48,1,filler,none,54,correct
Yes,Yes,48,1,filler,none,54,correct
Yes,Yes,48,1,filler,none,54,correct
Yes,Yes,48,1,filler,none,54,correct
Yes,Yes,48,1,filler,none,54,correct
Yes,Yes,48,1,filler,none,54,correct
No,No,50,1,filler,none,54,correct
No,No,50,1,filler,none,54,correct
No,No,50,1,filler,none,54,correct
No,No,50,1,filler,none,54,correct
No,No,50,1,filler,none,54,correct
No,No,50,1,filler,none,54,correct
No,No,50,1,filler,none,54,correct
No,No,50,1,filler,none,54,correct
No,No,50,1,filler,none,54,correct
No,No,50,1,filler,none,54,correct
No,No,50,1,filler,none,54,correct
Yes,Yes,52,1,filler,none,54,correct
Yes,Yes,52,1,filler,none,54,correct
Yes,Yes,52,1,filler,none,54,correct
Yes,Yes,52,1,filler,none,54,correct
Yes,Yes,52,1,filler,none,54,correct
Yes,Yes,52,1,filler,none,54,correct
Yes,Yes,52,1,filler,none,54,correct
Yes,Yes,52,1,filler,none,54,correct
Yes,Yes,52,1,filler,none,54,correct
Yes,Yes,52,1,filler,none,54,correct
Yes,Yes,52,1,filler,none,54,correct
No,No,53,1,filler,none,54,correct
No,No,53,1,filler,none,54,correct
No,No,53,1,filler,none,54,correct
No,No,53,1,filler,none,54,correct
No,No,53,1,filler,none,54,correct
No,No,53,1,filler,none,54,correct
No,No,53,1,filler,none,54,correct
No,No,53,1,filler,none,54,correct
No,No,53,1,filler,none,54,correct
No,No,53,1,filler,none,54,correct
No,No,53,1,filler,none,54,correct
Yes,Yes,58,1,filler,none,54,correct
Yes,Yes,58,1,filler,none,54,correct
Yes,Yes,58,1,filler,none,54,correct
Yes,Yes,58,1,filler,none,54,correct
Yes,Yes,58,1,filler,none,54,correct
Yes,Yes,58,1,filler,none,54,correct
Yes,Yes,58,1,filler,none,54,correct
Yes,Yes,58,1,filler,none,54,correct
Yes,Yes,58,1,filler,none,54,correct
Yes,Yes,58,1,filler,none,54,correct
Yes,Yes,58,1,filler,none,54,correct
Yes,Yes,58,1,filler,none,54,correct
No,No,59,1,filler,none,54,correct
No,No,59,1,filler,none,54,correct
No,No,59,1,filler,none,54,correct
No,No,59,1,filler,none,54,correct
No,No,59,1,filler,none,54,correct
No,No,59,1,filler,none,54,correct
No,No,59,1,filler,none,54,correct
No,No,59,1,filler,none,54,correct
No,No,59,1,filler,none,54,correct
No,No,59,1,filler,none,54,correct
No,No,59,1,filler,none,54,correct
No,No,59,1,filler,none,54,correct
No,No,59,1,filler,none,54,correct
No,No,62,1,filler,none,54,correct
No,No,62,1,filler,none,54,correct
No,No,62,1,filler,none,54,correct
No,No,62,1,filler,none,54,correct
No,No,62,1,filler,none,54,correct
No,No,62,1,filler,none,54,correct
No,No,62,1,filler,none,54,correct
No,No,62,1,filler,none,54,correct
No,No,62,1,filler,none,54,correct
No,No,62,1,filler,none,54,correct
No,No,62,1,filler,none,54,correct
No,No,62,1,filler,none,54,correct
Yes,Yes,64,1,filler,none,54,correct
Yes,Yes,64,1,filler,none,54,correct
Yes,Yes,64,1,filler,none,54,correct
Yes,Yes,64,1,filler,none,54,correct
Yes,Yes,64,1,filler,none,54,correct
Yes,Yes,64,1,filler,none,54,correct
Yes,Yes,64,1,filler,none,54,correct
Yes,Yes,64,1,filler,none,54,correct
Yes,Yes,64,1,filler,none,54,correct
Yes,Yes,64,1,filler,none,54,correct
Yes,Yes,64,1,filler,none,54,correct
Yes,Yes,64,1,filler,none,54,correct
No,No,66,1,filler,none,54,correct
No,No,66,1,filler,none,54,correct
No,No,66,1,filler,none,54,correct
No,No,66,1,filler,none,54,correct
No,No,66,1,filler,none,54,correct
No,No,66,1,filler,none,54,correct
No,No,66,1,filler,none,54,correct
No,No,66,1,filler,none,54,correct
No,No,66,1,filler,none,54,correct
No,No,66,1,filler,none,54,correct
No,No,66,1,filler,none,54,correct
No,No,66,1,filler,none,54,correct
No,No,68,1,filler,none,54,correct
No,No,68,1,filler,none,54,correct
No,No,68,1,filler,none,54,correct
No,No,68,1,filler,none,54,correct
No,No,68,1,filler,none,54,correct
No,No,68,1,filler,none,54,correct
No,No,68,1,filler,none,54,correct
No,No,68,1,filler,none,54,correct
No,No,68,1,filler,none,54,correct
No,No,68,1,filler,none,54,correct
No,No,68,1,filler,none,54,correct
No,No,68,1,filler,none,54,correct
No,No,69,1,filler,none,54,correct
No,No,69,1,filler,none,54,correct
No,No,69,1,filler,none,54,correct
No,No,69,1,filler,none,54,correct
No,No,69,1,filler,none,54,correct
No,No,69,1,filler,none,54,correct
No,No,69,1,filler,none,54,correct
No,No,69,1,filler,none,54,correct
No,No,69,1,filler,none,54,correct
No,No,69,1,filler,none,54,correct
No,No,69,1,filler,none,54,correct
No,No,69,1,filler,none,54,correct
Yes,Yes,72,1,filler,none,54,correct
Yes,Yes,72,1,filler,none,54,correct
Yes,Yes,72,1,filler,none,54,correct
Yes,Yes,72,1,filler,none,54,correct
Yes,Yes,72,1,filler,none,54,correct
Yes,Yes,72,1,filler,none,54,correct
Yes,Yes,72,1,filler,none,54,correct
Yes,Yes,72,1,filler,none,54,correct
Yes,Yes,72,1,filler,none,54,correct
Yes,Yes,72,1,filler,none,54,correct
Yes,Yes,72,1,filler,none,54,correct
Yes,Yes,72,1,filler,none,54,correct
No,No,73,1,filler,none,54,correct
No,No,73,1,filler,none,54,correct
No,No,73,1,filler,none,54,correct
No,No,73,1,filler,none,54,correct
No,No,73,1,filler,none,54,correct
No,No,73,1,filler,none,54,correct
No,No,73,1,filler,none,54,correct
No,No,73,1,filler,none,54,correct
No,No,73,1,filler,none,54,correct
No,No,73,1,filler,none,54,correct
No,No,73,1,filler,none,54,correct
No,No,73,1,filler,none,54,correct
No,No,73,1,filler,none,54,correct
Yes,Yes,74,1,filler,none,54,correct
Yes,Yes,74,1,filler,none,54,correct
Yes,Yes,74,1,filler,none,54,correct
Yes,Yes,74,1,filler,none,54,correct
Yes,Yes,74,1,filler,none,54,correct
Yes,Yes,74,1,filler,none,54,correct
Yes,Yes,74,1,filler,none,54,correct
Yes,Yes,74,1,filler,none,54,correct
Yes,Yes,74,1,filler,none,54,correct
Yes,Yes,74,1,filler,none,54,correct
Yes,Yes,74,1,filler,none,54,correct
Yes,Yes,74,1,filler,none,54,correct
Yes,Yes,74,1,filler,none,54,correct
Yes,Yes,75,1,filler,none,54,correct
Yes,Yes,75,1,filler,none,54,correct
Yes,Yes,75,1,filler,none,54,correct
Yes,Yes,75,1,filler,none,54,correct
Yes,Yes,75,1,filler,none,54,correct
Yes,Yes,75,1,filler,none,54,correct
Yes,Yes,75,1,filler,none,54,correct
Yes,Yes,75,1,filler,none,54,correct
Yes,Yes,75,1,filler,none,54,correct
Yes,Yes,75,1,filler,none,54,correct
Yes,Yes,75,1,filler,none,54,correct
Yes,Yes,75,1,filler,none,54,correct
Yes,Yes,75,1,filler,none,54,correct
Yes,Yes,77,1,filler,none,54,correct
Yes,Yes,77,1,filler,none,54,correct
Yes,Yes,77,1,filler,none,54,correct
Yes,Yes,77,1,filler,none,54,correct
Yes,Yes,77,1,filler,none,54,correct
Yes,Yes,77,1,filler,none,54,correct
Yes,Yes,77,1,filler,none,54,correct
Yes,Yes,77,1,filler,none,54,correct
Yes,Yes,77,1,filler,none,54,correct
Yes,Yes,77,1,filler,none,54,correct
Yes,Yes,77,1,filler,none,54,correct
Yes,Yes,77,1,filler,none,54,correct
Yes,Yes,77,1,filler,none,54,correct
No,No,78,1,filler,none,54,correct
No,No,78,1,filler,none,54,correct
No,No,78,1,filler,none,54,correct
No,No,78,1,filler,none,54,correct
No,No,78,1,filler,none,54,correct
No,No,78,1,filler,none,54,correct
No,No,78,1,filler,none,54,correct
No,No,78,1,filler,none,54,correct
No,No,78,1,filler,none,54,correct
No,No,78,1,filler,none,54,correct
No,No,78,1,filler,none,54,correct
No,No,78,1,filler,none,54,correct
No,No,78,1,filler,none,54,correct
No,No,80,1,filler,none,54,correct
No,No,80,1,filler,none,54,correct
No,No,80,1,filler,none,54,correct
No,No,80,1,filler,none,54,correct
No,No,80,1,filler,none,54,correct
No,No,80,1,filler,none,54,correct
No,No,80,1,filler,none,54,correct
No,No,80,1,filler,none,54,correct
No,No,80,1,filler,none,54,correct
No,No,80,1,filler,none,54,correct
No,No,80,1,filler,none,54,correct
No,No,80,1,filler,none,54,correct
No,No,80,1,filler,none,54,correct
No,No,82,1,filler,none,54,correct
No,No,82,1,filler,none,54,correct
No,No,82,1,filler,none,54,correct
No,No,82,1,filler,none,54,correct
No,No,82,1,filler,none,54,correct
No,No,82,1,filler,none,54,correct
No,No,82,1,filler,none,54,correct
No,No,82,1,filler,none,54,correct
No,No,82,1,filler,none,54,correct
No,No,82,1,filler,none,54,correct
No,No,82,1,filler,none,54,correct
No,No,82,1,filler,none,54,correct
No,No,82,1,filler,none,54,correct
No,No,84,1,filler,none,54,correct
No,No,84,1,filler,none,54,correct
No,No,84,1,filler,none,54,correct
No,No,84,1,filler,none,54,correct
No,No,84,1,filler,none,54,correct
No,No,84,1,filler,none,54,correct
No,No,84,1,filler,none,54,correct
No,No,84,1,filler,none,54,correct
No,No,84,1,filler,none,54,correct
No,No,84,1,filler,none,54,correct
No,No,84,1,filler,none,54,correct
No,No,84,1,filler,none,54,correct
No,No,84,1,filler,none,54,correct
No,No,87,1,filler,none,54,correct
No,No,87,1,filler,none,54,correct
No,No,87,1,filler,none,54,correct
No,No,87,1,filler,none,54,correct
No,No,87,1,filler,none,54,correct
No,No,87,1,filler,none,54,correct
No,No,87,1,filler,none,54,correct
No,No,87,1,filler,none,54,correct
No,No,87,1,filler,none,54,correct
No,No,87,1,filler,none,54,correct
No,No,87,1,filler,none,54,correct
No,No,87,1,filler,none,54,correct
No,No,87,1,filler,none,54,correct
No,No,89,1,filler,none,54,correct
No,No,89,1,filler,none,54,correct
No,No,89,1,filler,none,54,correct
No,No,89,1,filler,none,54,correct
No,No,89,1,filler,none,54,correct
No,No,89,1,filler,none,54,correct
No,No,89,1,filler,none,54,correct
No,No,89,1,filler,none,54,correct
No,No,89,1,filler,none,54,correct
No,No,89,1,filler,none,54,correct
No,No,89,1,filler,none,54,correct
No,No,89,1,filler,none,54,correct
No,No,89,1,filler,none,54,correct
Yes,Yes,1,2,move,unacc,55,correct
Yes,Yes,1,2,move,unacc,55,correct
Yes,Yes,1,2,move,unacc,55,correct
Yes,Yes,1,2,move,unacc,55,correct
Yes,Yes,1,2,move,unacc,55,correct
Yes,Yes,2,2,move,CP,55,correct
Yes,Yes,2,2,move,CP,55,correct
Yes,Yes,2,2,move,CP,55,correct
Yes,Yes,2,2,move,CP,55,correct
Yes,Yes,2,2,move,CP,55,correct
No,No,5,2,nomove,CP,55,correct
No,No,5,2,nomove,CP,55,correct
No,No,5,2,nomove,CP,55,correct
No,No,5,2,nomove,CP,55,correct
No,No,5,2,nomove,CP,55,correct
No,Yes,6,2,move,DP,55,incorrect
No,Yes,6,2,move,DP,55,incorrect
No,Yes,6,2,move,DP,55,incorrect
No,Yes,6,2,move,DP,55,incorrect
No,Yes,6,2,move,DP,55,incorrect
Yes,Yes,7,2,move,unacc,55,correct
Yes,Yes,7,2,move,unacc,55,correct
Yes,Yes,7,2,move,unacc,55,correct
Yes,Yes,7,2,move,unacc,55,correct
Yes,Yes,7,2,move,unacc,55,correct
Yes,Yes,11,2,nomove,CP,55,correct
Yes,Yes,11,2,nomove,CP,55,correct
Yes,Yes,11,2,nomove,CP,55,correct
Yes,Yes,11,2,nomove,CP,55,correct
Yes,Yes,11,2,nomove,CP,55,correct
Yes,Yes,13,2,move,unacc,55,correct
Yes,Yes,13,2,move,unacc,55,correct
Yes,Yes,13,2,move,unacc,55,correct
Yes,Yes,13,2,move,unacc,55,correct
Yes,Yes,13,2,move,unacc,55,correct
Yes,Yes,14,2,move,CP,55,correct
Yes,Yes,14,2,move,CP,55,correct
Yes,Yes,14,2,move,CP,55,correct
Yes,Yes,14,2,move,CP,55,correct
Yes,Yes,14,2,move,CP,55,correct
Yes,Yes,17,2,nomove,unacc,55,correct
Yes,Yes,17,2,nomove,unacc,55,correct
Yes,Yes,17,2,nomove,unacc,55,correct
Yes,Yes,17,2,nomove,unacc,55,correct
Yes,Yes,17,2,nomove,unacc,55,correct
Yes,Yes,19,2,move,unacc,55,correct
Yes,Yes,19,2,move,unacc,55,correct
Yes,Yes,19,2,move,unacc,55,correct
Yes,Yes,19,2,move,unacc,55,correct
Yes,Yes,19,2,move,unacc,55,correct
Yes,Yes,21,2,nomove,DP,55,correct
Yes,Yes,21,2,nomove,DP,55,correct
Yes,Yes,21,2,nomove,DP,55,correct
Yes,Yes,21,2,nomove,DP,55,correct
Yes,Yes,21,2,nomove,DP,55,correct
Yes,Yes,22,2,nomove,unacc,55,correct
Yes,Yes,22,2,nomove,unacc,55,correct
Yes,Yes,22,2,nomove,unacc,55,correct
Yes,Yes,22,2,nomove,unacc,55,correct
Yes,Yes,22,2,nomove,unacc,55,correct
No,No,25,2,move,unacc,55,correct
No,No,25,2,move,unacc,55,correct
No,No,25,2,move,unacc,55,correct
No,No,25,2,move,unacc,55,correct
No,No,25,2,move,unacc,55,correct
No,Yes,30,2,move,DP,55,incorrect
No,Yes,30,2,move,DP,55,incorrect
No,Yes,30,2,move,DP,55,incorrect
No,Yes,30,2,move,DP,55,incorrect
No,Yes,30,2,move,DP,55,incorrect
No,No,31,2,move,unacc,55,correct
No,No,31,2,move,unacc,55,correct
No,No,31,2,move,unacc,55,correct
No,No,31,2,move,unacc,55,correct
No,No,31,2,move,unacc,55,correct
Yes,Yes,32,2,move,CP,55,correct
Yes,Yes,32,2,move,CP,55,correct
Yes,Yes,32,2,move,CP,55,correct
Yes,Yes,32,2,move,CP,55,correct
Yes,Yes,32,2,move,CP,55,correct
No,No,33,2,nomove,DP,55,correct
No,No,33,2,nomove,DP,55,correct
No,No,33,2,nomove,DP,55,correct
No,No,33,2,nomove,DP,55,correct
No,No,33,2,nomove,DP,55,correct
Yes,Yes,35,2,nomove,CP,55,correct
Yes,Yes,35,2,nomove,CP,55,correct
Yes,Yes,35,2,nomove,CP,55,correct
Yes,Yes,35,2,nomove,CP,55,correct
Yes,Yes,35,2,nomove,CP,55,correct
No,No,37,2,filler,none,55,correct
No,No,37,2,filler,none,55,correct
No,No,37,2,filler,none,55,correct
No,No,37,2,filler,none,55,correct
No,No,37,2,filler,none,55,correct
No,No,37,2,filler,none,55,correct
No,No,37,2,filler,none,55,correct
No,No,37,2,filler,none,55,correct
No,No,37,2,filler,none,55,correct
No,No,37,2,filler,none,55,correct
No,No,37,2,filler,none,55,correct
No,No,38,2,filler,none,55,correct
No,No,38,2,filler,none,55,correct
No,No,38,2,filler,none,55,correct
No,No,38,2,filler,none,55,correct
No,No,38,2,filler,none,55,correct
No,No,38,2,filler,none,55,correct
No,No,38,2,filler,none,55,correct
No,No,38,2,filler,none,55,correct
No,No,38,2,filler,none,55,correct
No,No,38,2,filler,none,55,correct
No,No,38,2,filler,none,55,correct
No,No,39,2,filler,none,55,correct
No,No,39,2,filler,none,55,correct
No,No,39,2,filler,none,55,correct
No,No,39,2,filler,none,55,correct
No,No,39,2,filler,none,55,correct
No,No,39,2,filler,none,55,correct
No,No,39,2,filler,none,55,correct
No,No,39,2,filler,none,55,correct
No,No,39,2,filler,none,55,correct
No,No,39,2,filler,none,55,correct
No,No,39,2,filler,none,55,correct
Yes,Yes,43,2,filler,none,55,correct
Yes,Yes,43,2,filler,none,55,correct
Yes,Yes,43,2,filler,none,55,correct
Yes,Yes,43,2,filler,none,55,correct
Yes,Yes,43,2,filler,none,55,correct
Yes,Yes,43,2,filler,none,55,correct
Yes,Yes,43,2,filler,none,55,correct
Yes,Yes,43,2,filler,none,55,correct
Yes,Yes,43,2,filler,none,55,correct
Yes,Yes,43,2,filler,none,55,correct
Yes,Yes,43,2,filler,none,55,correct
No,No,44,2,filler,none,55,correct
No,No,44,2,filler,none,55,correct
No,No,44,2,filler,none,55,correct
No,No,44,2,filler,none,55,correct
No,No,44,2,filler,none,55,correct
No,No,44,2,filler,none,55,correct
No,No,44,2,filler,none,55,correct
No,No,44,2,filler,none,55,correct
No,No,44,2,filler,none,55,correct
No,No,44,2,filler,none,55,correct
No,No,44,2,filler,none,55,correct
No,No,46,2,filler,none,55,correct
No,No,46,2,filler,none,55,correct
No,No,46,2,filler,none,55,correct
No,No,46,2,filler,none,55,correct
No,No,46,2,filler,none,55,correct
No,No,46,2,filler,none,55,correct
No,No,46,2,filler,none,55,correct
No,No,46,2,filler,none,55,correct
No,No,46,2,filler,none,55,correct
No,No,46,2,filler,none,55,correct
No,No,46,2,filler,none,55,correct
Yes,Yes,48,2,filler,none,55,correct
Yes,Yes,48,2,filler,none,55,correct
Yes,Yes,48,2,filler,none,55,correct
Yes,Yes,48,2,filler,none,55,correct
Yes,Yes,48,2,filler,none,55,correct
Yes,Yes,48,2,filler,none,55,correct
Yes,Yes,48,2,filler,none,55,correct
Yes,Yes,48,2,filler,none,55,correct
Yes,Yes,48,2,filler,none,55,correct
Yes,Yes,48,2,filler,none,55,correct
Yes,Yes,48,2,filler,none,55,correct
No,No,50,2,filler,none,55,correct
No,No,50,2,filler,none,55,correct
No,No,50,2,filler,none,55,correct
No,No,50,2,filler,none,55,correct
No,No,50,2,filler,none,55,correct
No,No,50,2,filler,none,55,correct
No,No,50,2,filler,none,55,correct
No,No,50,2,filler,none,55,correct
No,No,50,2,filler,none,55,correct
No,No,50,2,filler,none,55,correct
No,No,50,2,filler,none,55,correct
Yes,Yes,52,2,filler,none,55,correct
Yes,Yes,52,2,filler,none,55,correct
Yes,Yes,52,2,filler,none,55,correct
Yes,Yes,52,2,filler,none,55,correct
Yes,Yes,52,2,filler,none,55,correct
Yes,Yes,52,2,filler,none,55,correct
Yes,Yes,52,2,filler,none,55,correct
Yes,Yes,52,2,filler,none,55,correct
Yes,Yes,52,2,filler,none,55,correct
Yes,Yes,52,2,filler,none,55,correct
Yes,Yes,52,2,filler,none,55,correct
No,No,53,2,filler,none,55,correct
No,No,53,2,filler,none,55,correct
No,No,53,2,filler,none,55,correct
No,No,53,2,filler,none,55,correct
No,No,53,2,filler,none,55,correct
No,No,53,2,filler,none,55,correct
No,No,53,2,filler,none,55,correct
No,No,53,2,filler,none,55,correct
No,No,53,2,filler,none,55,correct
No,No,53,2,filler,none,55,correct
No,No,53,2,filler,none,55,correct
Yes,Yes,58,2,filler,none,55,correct
Yes,Yes,58,2,filler,none,55,correct
Yes,Yes,58,2,filler,none,55,correct
Yes,Yes,58,2,filler,none,55,correct
Yes,Yes,58,2,filler,none,55,correct
Yes,Yes,58,2,filler,none,55,correct
Yes,Yes,58,2,filler,none,55,correct
Yes,Yes,58,2,filler,none,55,correct
Yes,Yes,58,2,filler,none,55,correct
Yes,Yes,58,2,filler,none,55,correct
Yes,Yes,58,2,filler,none,55,correct
Yes,Yes,58,2,filler,none,55,correct
No,No,59,2,filler,none,55,correct
No,No,59,2,filler,none,55,correct
No,No,59,2,filler,none,55,correct
No,No,59,2,filler,none,55,correct
No,No,59,2,filler,none,55,correct
No,No,59,2,filler,none,55,correct
No,No,59,2,filler,none,55,correct
No,No,59,2,filler,none,55,correct
No,No,59,2,filler,none,55,correct
No,No,59,2,filler,none,55,correct
No,No,59,2,filler,none,55,correct
No,No,59,2,filler,none,55,correct
No,No,59,2,filler,none,55,correct
No,No,62,2,filler,none,55,correct
No,No,62,2,filler,none,55,correct
No,No,62,2,filler,none,55,correct
No,No,62,2,filler,none,55,correct
No,No,62,2,filler,none,55,correct
No,No,62,2,filler,none,55,correct
No,No,62,2,filler,none,55,correct
No,No,62,2,filler,none,55,correct
No,No,62,2,filler,none,55,correct
No,No,62,2,filler,none,55,correct
No,No,62,2,filler,none,55,correct
No,No,62,2,filler,none,55,correct
Yes,Yes,64,2,filler,none,55,correct
Yes,Yes,64,2,filler,none,55,correct
Yes,Yes,64,2,filler,none,55,correct
Yes,Yes,64,2,filler,none,55,correct
Yes,Yes,64,2,filler,none,55,correct
Yes,Yes,64,2,filler,none,55,correct
Yes,Yes,64,2,filler,none,55,correct
Yes,Yes,64,2,filler,none,55,correct
Yes,Yes,64,2,filler,none,55,correct
Yes,Yes,64,2,filler,none,55,correct
Yes,Yes,64,2,filler,none,55,correct
Yes,Yes,64,2,filler,none,55,correct
No,No,66,2,filler,none,55,correct
No,No,66,2,filler,none,55,correct
No,No,66,2,filler,none,55,correct
No,No,66,2,filler,none,55,correct
No,No,66,2,filler,none,55,correct
No,No,66,2,filler,none,55,correct
No,No,66,2,filler,none,55,correct
No,No,66,2,filler,none,55,correct
No,No,66,2,filler,none,55,correct
No,No,66,2,filler,none,55,correct
No,No,66,2,filler,none,55,correct
No,No,66,2,filler,none,55,correct
No,No,68,2,filler,none,55,correct
No,No,68,2,filler,none,55,correct
No,No,68,2,filler,none,55,correct
No,No,68,2,filler,none,55,correct
No,No,68,2,filler,none,55,correct
No,No,68,2,filler,none,55,correct
No,No,68,2,filler,none,55,correct
No,No,68,2,filler,none,55,correct
No,No,68,2,filler,none,55,correct
No,No,68,2,filler,none,55,correct
No,No,68,2,filler,none,55,correct
No,No,68,2,filler,none,55,correct
No,No,69,2,filler,none,55,correct
No,No,69,2,filler,none,55,correct
No,No,69,2,filler,none,55,correct
No,No,69,2,filler,none,55,correct
No,No,69,2,filler,none,55,correct
No,No,69,2,filler,none,55,correct
No,No,69,2,filler,none,55,correct
No,No,69,2,filler,none,55,correct
No,No,69,2,filler,none,55,correct
No,No,69,2,filler,none,55,correct
No,No,69,2,filler,none,55,correct
No,No,69,2,filler,none,55,correct
Yes,Yes,72,2,filler,none,55,correct
Yes,Yes,72,2,filler,none,55,correct
Yes,Yes,72,2,filler,none,55,correct
Yes,Yes,72,2,filler,none,55,correct
Yes,Yes,72,2,filler,none,55,correct
Yes,Yes,72,2,filler,none,55,correct
Yes,Yes,72,2,filler,none,55,correct
Yes,Yes,72,2,filler,none,55,correct
Yes,Yes,72,2,filler,none,55,correct
Yes,Yes,72,2,filler,none,55,correct
Yes,Yes,72,2,filler,none,55,correct
Yes,Yes,72,2,filler,none,55,correct
No,No,73,2,filler,none,55,correct
No,No,73,2,filler,none,55,correct
No,No,73,2,filler,none,55,correct
No,No,73,2,filler,none,55,correct
No,No,73,2,filler,none,55,correct
No,No,73,2,filler,none,55,correct
No,No,73,2,filler,none,55,correct
No,No,73,2,filler,none,55,correct
No,No,73,2,filler,none,55,correct
No,No,73,2,filler,none,55,correct
No,No,73,2,filler,none,55,correct
No,No,73,2,filler,none,55,correct
No,No,73,2,filler,none,55,correct
Yes,Yes,74,2,filler,none,55,correct
Yes,Yes,74,2,filler,none,55,correct
Yes,Yes,74,2,filler,none,55,correct
Yes,Yes,74,2,filler,none,55,correct
Yes,Yes,74,2,filler,none,55,correct
Yes,Yes,74,2,filler,none,55,correct
Yes,Yes,74,2,filler,none,55,correct
Yes,Yes,74,2,filler,none,55,correct
Yes,Yes,74,2,filler,none,55,correct
Yes,Yes,74,2,filler,none,55,correct
Yes,Yes,74,2,filler,none,55,correct
Yes,Yes,74,2,filler,none,55,correct
Yes,Yes,74,2,filler,none,55,correct
Yes,Yes,75,2,filler,none,55,correct
Yes,Yes,75,2,filler,none,55,correct
Yes,Yes,75,2,filler,none,55,correct
Yes,Yes,75,2,filler,none,55,correct
Yes,Yes,75,2,filler,none,55,correct
Yes,Yes,75,2,filler,none,55,correct
Yes,Yes,75,2,filler,none,55,correct
Yes,Yes,75,2,filler,none,55,correct
Yes,Yes,75,2,filler,none,55,correct
Yes,Yes,75,2,filler,none,55,correct
Yes,Yes,75,2,filler,none,55,correct
Yes,Yes,75,2,filler,none,55,correct
Yes,Yes,75,2,filler,none,55,correct
Yes,Yes,77,2,filler,none,55,correct
Yes,Yes,77,2,filler,none,55,correct
Yes,Yes,77,2,filler,none,55,correct
Yes,Yes,77,2,filler,none,55,correct
Yes,Yes,77,2,filler,none,55,correct
Yes,Yes,77,2,filler,none,55,correct
Yes,Yes,77,2,filler,none,55,correct
Yes,Yes,77,2,filler,none,55,correct
Yes,Yes,77,2,filler,none,55,correct
Yes,Yes,77,2,filler,none,55,correct
Yes,Yes,77,2,filler,none,55,correct
Yes,Yes,77,2,filler,none,55,correct
Yes,Yes,77,2,filler,none,55,correct
No,No,78,2,filler,none,55,correct
No,No,78,2,filler,none,55,correct
No,No,78,2,filler,none,55,correct
No,No,78,2,filler,none,55,correct
No,No,78,2,filler,none,55,correct
No,No,78,2,filler,none,55,correct
No,No,78,2,filler,none,55,correct
No,No,78,2,filler,none,55,correct
No,No,78,2,filler,none,55,correct
No,No,78,2,filler,none,55,correct
No,No,78,2,filler,none,55,correct
No,No,78,2,filler,none,55,correct
No,No,78,2,filler,none,55,correct
No,No,80,2,filler,none,55,correct
No,No,80,2,filler,none,55,correct
No,No,80,2,filler,none,55,correct
No,No,80,2,filler,none,55,correct
No,No,80,2,filler,none,55,correct
No,No,80,2,filler,none,55,correct
No,No,80,2,filler,none,55,correct
No,No,80,2,filler,none,55,correct
No,No,80,2,filler,none,55,correct
No,No,80,2,filler,none,55,correct
No,No,80,2,filler,none,55,correct
No,No,80,2,filler,none,55,correct
No,No,80,2,filler,none,55,correct
No,No,82,2,filler,none,55,correct
No,No,82,2,filler,none,55,correct
No,No,82,2,filler,none,55,correct
No,No,82,2,filler,none,55,correct
No,No,82,2,filler,none,55,correct
No,No,82,2,filler,none,55,correct
No,No,82,2,filler,none,55,correct
No,No,82,2,filler,none,55,correct
No,No,82,2,filler,none,55,correct
No,No,82,2,filler,none,55,correct
No,No,82,2,filler,none,55,correct
No,No,82,2,filler,none,55,correct
No,No,82,2,filler,none,55,correct
No,No,84,2,filler,none,55,correct
No,No,84,2,filler,none,55,correct
No,No,84,2,filler,none,55,correct
No,No,84,2,filler,none,55,correct
No,No,84,2,filler,none,55,correct
No,No,84,2,filler,none,55,correct
No,No,84,2,filler,none,55,correct
No,No,84,2,filler,none,55,correct
No,No,84,2,filler,none,55,correct
No,No,84,2,filler,none,55,correct
No,No,84,2,filler,none,55,correct
No,No,84,2,filler,none,55,correct
No,No,84,2,filler,none,55,correct
No,No,87,2,filler,none,55,correct
No,No,87,2,filler,none,55,correct
No,No,87,2,filler,none,55,correct
No,No,87,2,filler,none,55,correct
No,No,87,2,filler,none,55,correct
No,No,87,2,filler,none,55,correct
No,No,87,2,filler,none,55,correct
No,No,87,2,filler,none,55,correct
No,No,87,2,filler,none,55,correct
No,No,87,2,filler,none,55,correct
No,No,87,2,filler,none,55,correct
No,No,87,2,filler,none,55,correct
No,No,87,2,filler,none,55,correct
No,No,89,2,filler,none,55,correct
No,No,89,2,filler,none,55,correct
No,No,89,2,filler,none,55,correct
No,No,89,2,filler,none,55,correct
No,No,89,2,filler,none,55,correct
No,No,89,2,filler,none,55,correct
No,No,89,2,filler,none,55,correct
No,No,89,2,filler,none,55,correct
No,No,89,2,filler,none,55,correct
No,No,89,2,filler,none,55,correct
No,No,89,2,filler,none,55,correct
No,No,89,2,filler,none,55,correct
No,No,89,2,filler,none,55,correct
Yes,Yes,1,3,move,DP,56,correct
Yes,Yes,1,3,move,DP,56,correct
Yes,Yes,1,3,move,DP,56,correct
Yes,Yes,1,3,move,DP,56,correct
Yes,Yes,1,3,move,DP,56,correct
Yes,Yes,2,3,move,unacc,56,correct
Yes,Yes,2,3,move,unacc,56,correct
Yes,Yes,2,3,move,unacc,56,correct
Yes,Yes,2,3,move,unacc,56,correct
Yes,Yes,2,3,move,unacc,56,correct
No,No,5,3,nomove,unacc,56,correct
No,No,5,3,nomove,unacc,56,correct
No,No,5,3,nomove,unacc,56,correct
No,No,5,3,nomove,unacc,56,correct
No,No,5,3,nomove,unacc,56,correct
Yes,Yes,6,3,nomove,CP,56,correct
Yes,Yes,6,3,nomove,CP,56,correct
Yes,Yes,6,3,nomove,CP,56,correct
Yes,Yes,6,3,nomove,CP,56,correct
Yes,Yes,6,3,nomove,CP,56,correct
Yes,Yes,7,3,move,DP,56,correct
Yes,Yes,7,3,move,DP,56,correct
Yes,Yes,7,3,move,DP,56,correct
Yes,Yes,7,3,move,DP,56,correct
Yes,Yes,7,3,move,DP,56,correct
Yes,Yes,11,3,nomove,unacc,56,correct
Yes,Yes,11,3,nomove,unacc,56,correct
Yes,Yes,11,3,nomove,unacc,56,correct
Yes,Yes,11,3,nomove,unacc,56,correct
Yes,Yes,11,3,nomove,unacc,56,correct
Yes,Yes,13,3,move,DP,56,correct
Yes,Yes,13,3,move,DP,56,correct
Yes,Yes,13,3,move,DP,56,correct
Yes,Yes,13,3,move,DP,56,correct
Yes,Yes,13,3,move,DP,56,correct
No,Yes,14,3,move,unacc,56,incorrect
No,Yes,14,3,move,unacc,56,incorrect
No,Yes,14,3,move,unacc,56,incorrect
No,Yes,14,3,move,unacc,56,incorrect
No,Yes,14,3,move,unacc,56,incorrect
Yes,Yes,17,3,nomove,DP,56,correct
Yes,Yes,17,3,nomove,DP,56,correct
Yes,Yes,17,3,nomove,DP,56,correct
Yes,Yes,17,3,nomove,DP,56,correct
Yes,Yes,17,3,nomove,DP,56,correct
Yes,Yes,19,3,move,DP,56,correct
Yes,Yes,19,3,move,DP,56,correct
Yes,Yes,19,3,move,DP,56,correct
Yes,Yes,19,3,move,DP,56,correct
Yes,Yes,19,3,move,DP,56,correct
Yes,Yes,21,3,move,CP,56,correct
Yes,Yes,21,3,move,CP,56,correct
Yes,Yes,21,3,move,CP,56,correct
Yes,Yes,21,3,move,CP,56,correct
Yes,Yes,21,3,move,CP,56,correct
No,Yes,22,3,nomove,DP,56,incorrect
No,Yes,22,3,nomove,DP,56,incorrect
No,Yes,22,3,nomove,DP,56,incorrect
No,Yes,22,3,nomove,DP,56,incorrect
No,Yes,22,3,nomove,DP,56,incorrect
No,No,25,3,move,DP,56,correct
No,No,25,3,move,DP,56,correct
No,No,25,3,move,DP,56,correct
No,No,25,3,move,DP,56,correct
No,No,25,3,move,DP,56,correct
Yes,Yes,30,3,nomove,CP,56,correct
Yes,Yes,30,3,nomove,CP,56,correct
Yes,Yes,30,3,nomove,CP,56,correct
Yes,Yes,30,3,nomove,CP,56,correct
Yes,Yes,30,3,nomove,CP,56,correct
No,No,31,3,move,DP,56,correct
No,No,31,3,move,DP,56,correct
No,No,31,3,move,DP,56,correct
No,No,31,3,move,DP,56,correct
No,No,31,3,move,DP,56,correct
Yes,Yes,32,3,move,unacc,56,correct
Yes,Yes,32,3,move,unacc,56,correct
Yes,Yes,32,3,move,unacc,56,correct
Yes,Yes,32,3,move,unacc,56,correct
Yes,Yes,32,3,move,unacc,56,correct
No,No,33,3,move,CP,56,correct
No,No,33,3,move,CP,56,correct
No,No,33,3,move,CP,56,correct
No,No,33,3,move,CP,56,correct
No,No,33,3,move,CP,56,correct
Yes,Yes,35,3,nomove,unacc,56,correct
Yes,Yes,35,3,nomove,unacc,56,correct
Yes,Yes,35,3,nomove,unacc,56,correct
Yes,Yes,35,3,nomove,unacc,56,correct
Yes,Yes,35,3,nomove,unacc,56,correct
No,No,37,3,filler,none,56,correct
No,No,37,3,filler,none,56,correct
No,No,37,3,filler,none,56,correct
No,No,37,3,filler,none,56,correct
No,No,37,3,filler,none,56,correct
No,No,37,3,filler,none,56,correct
No,No,37,3,filler,none,56,correct
No,No,37,3,filler,none,56,correct
No,No,37,3,filler,none,56,correct
No,No,37,3,filler,none,56,correct
No,No,37,3,filler,none,56,correct
No,No,38,3,filler,none,56,correct
No,No,38,3,filler,none,56,correct
No,No,38,3,filler,none,56,correct
No,No,38,3,filler,none,56,correct
No,No,38,3,filler,none,56,correct
No,No,38,3,filler,none,56,correct
No,No,38,3,filler,none,56,correct
No,No,38,3,filler,none,56,correct
No,No,38,3,filler,none,56,correct
No,No,38,3,filler,none,56,correct
No,No,38,3,filler,none,56,correct
No,No,39,3,filler,none,56,correct
No,No,39,3,filler,none,56,correct
No,No,39,3,filler,none,56,correct
No,No,39,3,filler,none,56,correct
No,No,39,3,filler,none,56,correct
No,No,39,3,filler,none,56,correct
No,No,39,3,filler,none,56,correct
No,No,39,3,filler,none,56,correct
No,No,39,3,filler,none,56,correct
No,No,39,3,filler,none,56,correct
No,No,39,3,filler,none,56,correct
Yes,Yes,43,3,filler,none,56,correct
Yes,Yes,43,3,filler,none,56,correct
Yes,Yes,43,3,filler,none,56,correct
Yes,Yes,43,3,filler,none,56,correct
Yes,Yes,43,3,filler,none,56,correct
Yes,Yes,43,3,filler,none,56,correct
Yes,Yes,43,3,filler,none,56,correct
Yes,Yes,43,3,filler,none,56,correct
Yes,Yes,43,3,filler,none,56,correct
Yes,Yes,43,3,filler,none,56,correct
Yes,Yes,43,3,filler,none,56,correct
No,No,44,3,filler,none,56,correct
No,No,44,3,filler,none,56,correct
No,No,44,3,filler,none,56,correct
No,No,44,3,filler,none,56,correct
No,No,44,3,filler,none,56,correct
No,No,44,3,filler,none,56,correct
No,No,44,3,filler,none,56,correct
No,No,44,3,filler,none,56,correct
No,No,44,3,filler,none,56,correct
No,No,44,3,filler,none,56,correct
No,No,44,3,filler,none,56,correct
No,No,46,3,filler,none,56,correct
No,No,46,3,filler,none,56,correct
No,No,46,3,filler,none,56,correct
No,No,46,3,filler,none,56,correct
No,No,46,3,filler,none,56,correct
No,No,46,3,filler,none,56,correct
No,No,46,3,filler,none,56,correct
No,No,46,3,filler,none,56,correct
No,No,46,3,filler,none,56,correct
No,No,46,3,filler,none,56,correct
No,No,46,3,filler,none,56,correct
Yes,Yes,48,3,filler,none,56,correct
Yes,Yes,48,3,filler,none,56,correct
Yes,Yes,48,3,filler,none,56,correct
Yes,Yes,48,3,filler,none,56,correct
Yes,Yes,48,3,filler,none,56,correct
Yes,Yes,48,3,filler,none,56,correct
Yes,Yes,48,3,filler,none,56,correct
Yes,Yes,48,3,filler,none,56,correct
Yes,Yes,48,3,filler,none,56,correct
Yes,Yes,48,3,filler,none,56,correct
Yes,Yes,48,3,filler,none,56,correct
No,No,50,3,filler,none,56,correct
No,No,50,3,filler,none,56,correct
No,No,50,3,filler,none,56,correct
No,No,50,3,filler,none,56,correct
No,No,50,3,filler,none,56,correct
No,No,50,3,filler,none,56,correct
No,No,50,3,filler,none,56,correct
No,No,50,3,filler,none,56,correct
No,No,50,3,filler,none,56,correct
No,No,50,3,filler,none,56,correct
No,No,50,3,filler,none,56,correct
Yes,Yes,52,3,filler,none,56,correct
Yes,Yes,52,3,filler,none,56,correct
Yes,Yes,52,3,filler,none,56,correct
Yes,Yes,52,3,filler,none,56,correct
Yes,Yes,52,3,filler,none,56,correct
Yes,Yes,52,3,filler,none,56,correct
Yes,Yes,52,3,filler,none,56,correct
Yes,Yes,52,3,filler,none,56,correct
Yes,Yes,52,3,filler,none,56,correct
Yes,Yes,52,3,filler,none,56,correct
Yes,Yes,52,3,filler,none,56,correct
No,No,53,3,filler,none,56,correct
No,No,53,3,filler,none,56,correct
No,No,53,3,filler,none,56,correct
No,No,53,3,filler,none,56,correct
No,No,53,3,filler,none,56,correct
No,No,53,3,filler,none,56,correct
No,No,53,3,filler,none,56,correct
No,No,53,3,filler,none,56,correct
No,No,53,3,filler,none,56,correct
No,No,53,3,filler,none,56,correct
No,No,53,3,filler,none,56,correct
Yes,Yes,58,3,filler,none,56,correct
Yes,Yes,58,3,filler,none,56,correct
Yes,Yes,58,3,filler,none,56,correct
Yes,Yes,58,3,filler,none,56,correct
Yes,Yes,58,3,filler,none,56,correct
Yes,Yes,58,3,filler,none,56,correct
Yes,Yes,58,3,filler,none,56,correct
Yes,Yes,58,3,filler,none,56,correct
Yes,Yes,58,3,filler,none,56,correct
Yes,Yes,58,3,filler,none,56,correct
Yes,Yes,58,3,filler,none,56,correct
Yes,Yes,58,3,filler,none,56,correct
No,No,59,3,filler,none,56,correct
No,No,59,3,filler,none,56,correct
No,No,59,3,filler,none,56,correct
No,No,59,3,filler,none,56,correct
No,No,59,3,filler,none,56,correct
No,No,59,3,filler,none,56,correct
No,No,59,3,filler,none,56,correct
No,No,59,3,filler,none,56,correct
No,No,59,3,filler,none,56,correct
No,No,59,3,filler,none,56,correct
No,No,59,3,filler,none,56,correct
No,No,59,3,filler,none,56,correct
No,No,59,3,filler,none,56,correct
No,No,62,3,filler,none,56,correct
No,No,62,3,filler,none,56,correct
No,No,62,3,filler,none,56,correct
No,No,62,3,filler,none,56,correct
No,No,62,3,filler,none,56,correct
No,No,62,3,filler,none,56,correct
No,No,62,3,filler,none,56,correct
No,No,62,3,filler,none,56,correct
No,No,62,3,filler,none,56,correct
No,No,62,3,filler,none,56,correct
No,No,62,3,filler,none,56,correct
No,No,62,3,filler,none,56,correct
No,Yes,64,3,filler,none,56,incorrect
No,Yes,64,3,filler,none,56,incorrect
No,Yes,64,3,filler,none,56,incorrect
No,Yes,64,3,filler,none,56,incorrect
No,Yes,64,3,filler,none,56,incorrect
No,Yes,64,3,filler,none,56,incorrect
No,Yes,64,3,filler,none,56,incorrect
No,Yes,64,3,filler,none,56,incorrect
No,Yes,64,3,filler,none,56,incorrect
No,Yes,64,3,filler,none,56,incorrect
No,Yes,64,3,filler,none,56,incorrect
No,Yes,64,3,filler,none,56,incorrect
No,No,66,3,filler,none,56,correct
No,No,66,3,filler,none,56,correct
No,No,66,3,filler,none,56,correct
No,No,66,3,filler,none,56,correct
No,No,66,3,filler,none,56,correct
No,No,66,3,filler,none,56,correct
No,No,66,3,filler,none,56,correct
No,No,66,3,filler,none,56,correct
No,No,66,3,filler,none,56,correct
No,No,66,3,filler,none,56,correct
No,No,66,3,filler,none,56,correct
No,No,66,3,filler,none,56,correct
No,No,68,3,filler,none,56,correct
No,No,68,3,filler,none,56,correct
No,No,68,3,filler,none,56,correct
No,No,68,3,filler,none,56,correct
No,No,68,3,filler,none,56,correct
No,No,68,3,filler,none,56,correct
No,No,68,3,filler,none,56,correct
No,No,68,3,filler,none,56,correct
No,No,68,3,filler,none,56,correct
No,No,68,3,filler,none,56,correct
No,No,68,3,filler,none,56,correct
No,No,68,3,filler,none,56,correct
Yes,No,69,3,filler,none,56,incorrect
Yes,No,69,3,filler,none,56,incorrect
Yes,No,69,3,filler,none,56,incorrect
Yes,No,69,3,filler,none,56,incorrect
Yes,No,69,3,filler,none,56,incorrect
Yes,No,69,3,filler,none,56,incorrect
Yes,No,69,3,filler,none,56,incorrect
Yes,No,69,3,filler,none,56,incorrect
Yes,No,69,3,filler,none,56,incorrect
Yes,No,69,3,filler,none,56,incorrect
Yes,No,69,3,filler,none,56,incorrect
Yes,No,69,3,filler,none,56,incorrect
Yes,Yes,72,3,filler,none,56,correct
Yes,Yes,72,3,filler,none,56,correct
Yes,Yes,72,3,filler,none,56,correct
Yes,Yes,72,3,filler,none,56,correct
Yes,Yes,72,3,filler,none,56,correct
Yes,Yes,72,3,filler,none,56,correct
Yes,Yes,72,3,filler,none,56,correct
Yes,Yes,72,3,filler,none,56,correct
Yes,Yes,72,3,filler,none,56,correct
Yes,Yes,72,3,filler,none,56,correct
Yes,Yes,72,3,filler,none,56,correct
Yes,Yes,72,3,filler,none,56,correct
No,No,73,3,filler,none,56,correct
No,No,73,3,filler,none,56,correct
No,No,73,3,filler,none,56,correct
No,No,73,3,filler,none,56,correct
No,No,73,3,filler,none,56,correct
No,No,73,3,filler,none,56,correct
No,No,73,3,filler,none,56,correct
No,No,73,3,filler,none,56,correct
No,No,73,3,filler,none,56,correct
No,No,73,3,filler,none,56,correct
No,No,73,3,filler,none,56,correct
No,No,73,3,filler,none,56,correct
No,No,73,3,filler,none,56,correct
Yes,Yes,74,3,filler,none,56,correct
Yes,Yes,74,3,filler,none,56,correct
Yes,Yes,74,3,filler,none,56,correct
Yes,Yes,74,3,filler,none,56,correct
Yes,Yes,74,3,filler,none,56,correct
Yes,Yes,74,3,filler,none,56,correct
Yes,Yes,74,3,filler,none,56,correct
Yes,Yes,74,3,filler,none,56,correct
Yes,Yes,74,3,filler,none,56,correct
Yes,Yes,74,3,filler,none,56,correct
Yes,Yes,74,3,filler,none,56,correct
Yes,Yes,74,3,filler,none,56,correct
Yes,Yes,74,3,filler,none,56,correct
Yes,Yes,75,3,filler,none,56,correct
Yes,Yes,75,3,filler,none,56,correct
Yes,Yes,75,3,filler,none,56,correct
Yes,Yes,75,3,filler,none,56,correct
Yes,Yes,75,3,filler,none,56,correct
Yes,Yes,75,3,filler,none,56,correct
Yes,Yes,75,3,filler,none,56,correct
Yes,Yes,75,3,filler,none,56,correct
Yes,Yes,75,3,filler,none,56,correct
Yes,Yes,75,3,filler,none,56,correct
Yes,Yes,75,3,filler,none,56,correct
Yes,Yes,75,3,filler,none,56,correct
Yes,Yes,75,3,filler,none,56,correct
Yes,Yes,77,3,filler,none,56,correct
Yes,Yes,77,3,filler,none,56,correct
Yes,Yes,77,3,filler,none,56,correct
Yes,Yes,77,3,filler,none,56,correct
Yes,Yes,77,3,filler,none,56,correct
Yes,Yes,77,3,filler,none,56,correct
Yes,Yes,77,3,filler,none,56,correct
Yes,Yes,77,3,filler,none,56,correct
Yes,Yes,77,3,filler,none,56,correct
Yes,Yes,77,3,filler,none,56,correct
Yes,Yes,77,3,filler,none,56,correct
Yes,Yes,77,3,filler,none,56,correct
Yes,Yes,77,3,filler,none,56,correct
No,No,78,3,filler,none,56,correct
No,No,78,3,filler,none,56,correct
No,No,78,3,filler,none,56,correct
No,No,78,3,filler,none,56,correct
No,No,78,3,filler,none,56,correct
No,No,78,3,filler,none,56,correct
No,No,78,3,filler,none,56,correct
No,No,78,3,filler,none,56,correct
No,No,78,3,filler,none,56,correct
No,No,78,3,filler,none,56,correct
No,No,78,3,filler,none,56,correct
No,No,78,3,filler,none,56,correct
No,No,78,3,filler,none,56,correct
No,No,80,3,filler,none,56,correct
No,No,80,3,filler,none,56,correct
No,No,80,3,filler,none,56,correct
No,No,80,3,filler,none,56,correct
No,No,80,3,filler,none,56,correct
No,No,80,3,filler,none,56,correct
No,No,80,3,filler,none,56,correct
No,No,80,3,filler,none,56,correct
No,No,80,3,filler,none,56,correct
No,No,80,3,filler,none,56,correct
No,No,80,3,filler,none,56,correct
No,No,80,3,filler,none,56,correct
No,No,80,3,filler,none,56,correct
No,No,82,3,filler,none,56,correct
No,No,82,3,filler,none,56,correct
No,No,82,3,filler,none,56,correct
No,No,82,3,filler,none,56,correct
No,No,82,3,filler,none,56,correct
No,No,82,3,filler,none,56,correct
No,No,82,3,filler,none,56,correct
No,No,82,3,filler,none,56,correct
No,No,82,3,filler,none,56,correct
No,No,82,3,filler,none,56,correct
No,No,82,3,filler,none,56,correct
No,No,82,3,filler,none,56,correct
No,No,82,3,filler,none,56,correct
No,No,84,3,filler,none,56,correct
No,No,84,3,filler,none,56,correct
No,No,84,3,filler,none,56,correct
No,No,84,3,filler,none,56,correct
No,No,84,3,filler,none,56,correct
No,No,84,3,filler,none,56,correct
No,No,84,3,filler,none,56,correct
No,No,84,3,filler,none,56,correct
No,No,84,3,filler,none,56,correct
No,No,84,3,filler,none,56,correct
No,No,84,3,filler,none,56,correct
No,No,84,3,filler,none,56,correct
No,No,84,3,filler,none,56,correct
No,No,87,3,filler,none,56,correct
No,No,87,3,filler,none,56,correct
No,No,87,3,filler,none,56,correct
No,No,87,3,filler,none,56,correct
No,No,87,3,filler,none,56,correct
No,No,87,3,filler,none,56,correct
No,No,87,3,filler,none,56,correct
No,No,87,3,filler,none,56,correct
No,No,87,3,filler,none,56,correct
No,No,87,3,filler,none,56,correct
No,No,87,3,filler,none,56,correct
No,No,87,3,filler,none,56,correct
No,No,87,3,filler,none,56,correct
No,No,89,3,filler,none,56,correct
No,No,89,3,filler,none,56,correct
No,No,89,3,filler,none,56,correct
No,No,89,3,filler,none,56,correct
No,No,89,3,filler,none,56,correct
No,No,89,3,filler,none,56,correct
No,No,89,3,filler,none,56,correct
No,No,89,3,filler,none,56,correct
No,No,89,3,filler,none,56,correct
No,No,89,3,filler,none,56,correct
No,No,89,3,filler,none,56,correct
No,No,89,3,filler,none,56,correct
No,No,89,3,filler,none,56,correct
Yes,Yes,1,4,nomove,CP,57,correct
Yes,Yes,1,4,nomove,CP,57,correct
Yes,Yes,1,4,nomove,CP,57,correct
Yes,Yes,1,4,nomove,CP,57,correct
Yes,Yes,1,4,nomove,CP,57,correct
Yes,Yes,2,4,move,DP,57,correct
Yes,Yes,2,4,move,DP,57,correct
Yes,Yes,2,4,move,DP,57,correct
Yes,Yes,2,4,move,DP,57,correct
Yes,Yes,2,4,move,DP,57,correct
No,No,5,4,nomove,DP,57,correct
No,No,5,4,nomove,DP,57,correct
No,No,5,4,nomove,DP,57,correct
No,No,5,4,nomove,DP,57,correct
No,No,5,4,nomove,DP,57,correct
Yes,Yes,6,4,nomove,unacc,57,correct
Yes,Yes,6,4,nomove,unacc,57,correct
Yes,Yes,6,4,nomove,unacc,57,correct
Yes,Yes,6,4,nomove,unacc,57,correct
Yes,Yes,6,4,nomove,unacc,57,correct
Yes,Yes,7,4,nomove,CP,57,correct
Yes,Yes,7,4,nomove,CP,57,correct
Yes,Yes,7,4,nomove,CP,57,correct
Yes,Yes,7,4,nomove,CP,57,correct
Yes,Yes,7,4,nomove,CP,57,correct
Yes,Yes,11,4,nomove,DP,57,correct
Yes,Yes,11,4,nomove,DP,57,correct
Yes,Yes,11,4,nomove,DP,57,correct
Yes,Yes,11,4,nomove,DP,57,correct
Yes,Yes,11,4,nomove,DP,57,correct
Yes,Yes,13,4,nomove,CP,57,correct
Yes,Yes,13,4,nomove,CP,57,correct
Yes,Yes,13,4,nomove,CP,57,correct
Yes,Yes,13,4,nomove,CP,57,correct
Yes,Yes,13,4,nomove,CP,57,correct
Yes,Yes,14,4,move,DP,57,correct
Yes,Yes,14,4,move,DP,57,correct
Yes,Yes,14,4,move,DP,57,correct
Yes,Yes,14,4,move,DP,57,correct
Yes,Yes,14,4,move,DP,57,correct
Yes,Yes,17,4,move,CP,57,correct
Yes,Yes,17,4,move,CP,57,correct
Yes,Yes,17,4,move,CP,57,correct
Yes,Yes,17,4,move,CP,57,correct
Yes,Yes,17,4,move,CP,57,correct
Yes,Yes,19,4,nomove,CP,57,correct
Yes,Yes,19,4,nomove,CP,57,correct
Yes,Yes,19,4,nomove,CP,57,correct
Yes,Yes,19,4,nomove,CP,57,correct
Yes,Yes,19,4,nomove,CP,57,correct
Yes,Yes,21,4,move,unacc,57,correct
Yes,Yes,21,4,move,unacc,57,correct
Yes,Yes,21,4,move,unacc,57,correct
Yes,Yes,21,4,move,unacc,57,correct
Yes,Yes,21,4,move,unacc,57,correct
Yes,Yes,22,4,move,CP,57,correct
Yes,Yes,22,4,move,CP,57,correct
Yes,Yes,22,4,move,CP,57,correct
Yes,Yes,22,4,move,CP,57,correct
Yes,Yes,22,4,move,CP,57,correct
No,No,25,4,nomove,CP,57,correct
No,No,25,4,nomove,CP,57,correct
No,No,25,4,nomove,CP,57,correct
No,No,25,4,nomove,CP,57,correct
No,No,25,4,nomove,CP,57,correct
Yes,Yes,30,4,nomove,unacc,57,correct
Yes,Yes,30,4,nomove,unacc,57,correct
Yes,Yes,30,4,nomove,unacc,57,correct
Yes,Yes,30,4,nomove,unacc,57,correct
Yes,Yes,30,4,nomove,unacc,57,correct
No,No,31,4,nomove,CP,57,correct
No,No,31,4,nomove,CP,57,correct
No,No,31,4,nomove,CP,57,correct
No,No,31,4,nomove,CP,57,correct
No,No,31,4,nomove,CP,57,correct
Yes,Yes,32,4,move,DP,57,correct
Yes,Yes,32,4,move,DP,57,correct
Yes,Yes,32,4,move,DP,57,correct
Yes,Yes,32,4,move,DP,57,correct
Yes,Yes,32,4,move,DP,57,correct
Yes,No,33,4,move,unacc,57,incorrect
Yes,No,33,4,move,unacc,57,incorrect
Yes,No,33,4,move,unacc,57,incorrect
Yes,No,33,4,move,unacc,57,incorrect
Yes,No,33,4,move,unacc,57,incorrect
Yes,Yes,35,4,nomove,DP,57,correct
Yes,Yes,35,4,nomove,DP,57,correct
Yes,Yes,35,4,nomove,DP,57,correct
Yes,Yes,35,4,nomove,DP,57,correct
Yes,Yes,35,4,nomove,DP,57,correct
No,No,37,4,filler,none,57,correct
No,No,37,4,filler,none,57,correct
No,No,37,4,filler,none,57,correct
No,No,37,4,filler,none,57,correct
No,No,37,4,filler,none,57,correct
No,No,37,4,filler,none,57,correct
No,No,37,4,filler,none,57,correct
No,No,37,4,filler,none,57,correct
No,No,37,4,filler,none,57,correct
No,No,37,4,filler,none,57,correct
No,No,37,4,filler,none,57,correct
No,No,38,4,filler,none,57,correct
No,No,38,4,filler,none,57,correct
No,No,38,4,filler,none,57,correct
No,No,38,4,filler,none,57,correct
No,No,38,4,filler,none,57,correct
No,No,38,4,filler,none,57,correct
No,No,38,4,filler,none,57,correct
No,No,38,4,filler,none,57,correct
No,No,38,4,filler,none,57,correct
No,No,38,4,filler,none,57,correct
No,No,38,4,filler,none,57,correct
No,No,39,4,filler,none,57,correct
No,No,39,4,filler,none,57,correct
No,No,39,4,filler,none,57,correct
No,No,39,4,filler,none,57,correct
No,No,39,4,filler,none,57,correct
No,No,39,4,filler,none,57,correct
No,No,39,4,filler,none,57,correct
No,No,39,4,filler,none,57,correct
No,No,39,4,filler,none,57,correct
No,No,39,4,filler,none,57,correct
No,No,39,4,filler,none,57,correct
Yes,Yes,43,4,filler,none,57,correct
Yes,Yes,43,4,filler,none,57,correct
Yes,Yes,43,4,filler,none,57,correct
Yes,Yes,43,4,filler,none,57,correct
Yes,Yes,43,4,filler,none,57,correct
Yes,Yes,43,4,filler,none,57,correct
Yes,Yes,43,4,filler,none,57,correct
Yes,Yes,43,4,filler,none,57,correct
Yes,Yes,43,4,filler,none,57,correct
Yes,Yes,43,4,filler,none,57,correct
Yes,Yes,43,4,filler,none,57,correct
No,No,44,4,filler,none,57,correct
No,No,44,4,filler,none,57,correct
No,No,44,4,filler,none,57,correct
No,No,44,4,filler,none,57,correct
No,No,44,4,filler,none,57,correct
No,No,44,4,filler,none,57,correct
No,No,44,4,filler,none,57,correct
No,No,44,4,filler,none,57,correct
No,No,44,4,filler,none,57,correct
No,No,44,4,filler,none,57,correct
No,No,44,4,filler,none,57,correct
No,No,46,4,filler,none,57,correct
No,No,46,4,filler,none,57,correct
No,No,46,4,filler,none,57,correct
No,No,46,4,filler,none,57,correct
No,No,46,4,filler,none,57,correct
No,No,46,4,filler,none,57,correct
No,No,46,4,filler,none,57,correct
No,No,46,4,filler,none,57,correct
No,No,46,4,filler,none,57,correct
No,No,46,4,filler,none,57,correct
No,No,46,4,filler,none,57,correct
Yes,Yes,48,4,filler,none,57,correct
Yes,Yes,48,4,filler,none,57,correct
Yes,Yes,48,4,filler,none,57,correct
Yes,Yes,48,4,filler,none,57,correct
Yes,Yes,48,4,filler,none,57,correct
Yes,Yes,48,4,filler,none,57,correct
Yes,Yes,48,4,filler,none,57,correct
Yes,Yes,48,4,filler,none,57,correct
Yes,Yes,48,4,filler,none,57,correct
Yes,Yes,48,4,filler,none,57,correct
Yes,Yes,48,4,filler,none,57,correct
No,No,50,4,filler,none,57,correct
No,No,50,4,filler,none,57,correct
No,No,50,4,filler,none,57,correct
No,No,50,4,filler,none,57,correct
No,No,50,4,filler,none,57,correct
No,No,50,4,filler,none,57,correct
No,No,50,4,filler,none,57,correct
No,No,50,4,filler,none,57,correct
No,No,50,4,filler,none,57,correct
No,No,50,4,filler,none,57,correct
No,No,50,4,filler,none,57,correct
Yes,Yes,52,4,filler,none,57,correct
Yes,Yes,52,4,filler,none,57,correct
Yes,Yes,52,4,filler,none,57,correct
Yes,Yes,52,4,filler,none,57,correct
Yes,Yes,52,4,filler,none,57,correct
Yes,Yes,52,4,filler,none,57,correct
Yes,Yes,52,4,filler,none,57,correct
Yes,Yes,52,4,filler,none,57,correct
Yes,Yes,52,4,filler,none,57,correct
Yes,Yes,52,4,filler,none,57,correct
Yes,Yes,52,4,filler,none,57,correct
No,No,53,4,filler,none,57,correct
No,No,53,4,filler,none,57,correct
No,No,53,4,filler,none,57,correct
No,No,53,4,filler,none,57,correct
No,No,53,4,filler,none,57,correct
No,No,53,4,filler,none,57,correct
No,No,53,4,filler,none,57,correct
No,No,53,4,filler,none,57,correct
No,No,53,4,filler,none,57,correct
No,No,53,4,filler,none,57,correct
No,No,53,4,filler,none,57,correct
Yes,Yes,58,4,filler,none,57,correct
Yes,Yes,58,4,filler,none,57,correct
Yes,Yes,58,4,filler,none,57,correct
Yes,Yes,58,4,filler,none,57,correct
Yes,Yes,58,4,filler,none,57,correct
Yes,Yes,58,4,filler,none,57,correct
Yes,Yes,58,4,filler,none,57,correct
Yes,Yes,58,4,filler,none,57,correct
Yes,Yes,58,4,filler,none,57,correct
Yes,Yes,58,4,filler,none,57,correct
Yes,Yes,58,4,filler,none,57,correct
Yes,Yes,58,4,filler,none,57,correct
No,No,59,4,filler,none,57,correct
No,No,59,4,filler,none,57,correct
No,No,59,4,filler,none,57,correct
No,No,59,4,filler,none,57,correct
No,No,59,4,filler,none,57,correct
No,No,59,4,filler,none,57,correct
No,No,59,4,filler,none,57,correct
No,No,59,4,filler,none,57,correct
No,No,59,4,filler,none,57,correct
No,No,59,4,filler,none,57,correct
No,No,59,4,filler,none,57,correct
No,No,59,4,filler,none,57,correct
No,No,59,4,filler,none,57,correct
No,No,62,4,filler,none,57,correct
No,No,62,4,filler,none,57,correct
No,No,62,4,filler,none,57,correct
No,No,62,4,filler,none,57,correct
No,No,62,4,filler,none,57,correct
No,No,62,4,filler,none,57,correct
No,No,62,4,filler,none,57,correct
No,No,62,4,filler,none,57,correct
No,No,62,4,filler,none,57,correct
No,No,62,4,filler,none,57,correct
No,No,62,4,filler,none,57,correct
No,No,62,4,filler,none,57,correct
Yes,Yes,64,4,filler,none,57,correct
Yes,Yes,64,4,filler,none,57,correct
Yes,Yes,64,4,filler,none,57,correct
Yes,Yes,64,4,filler,none,57,correct
Yes,Yes,64,4,filler,none,57,correct
Yes,Yes,64,4,filler,none,57,correct
Yes,Yes,64,4,filler,none,57,correct
Yes,Yes,64,4,filler,none,57,correct
Yes,Yes,64,4,filler,none,57,correct
Yes,Yes,64,4,filler,none,57,correct
Yes,Yes,64,4,filler,none,57,correct
Yes,Yes,64,4,filler,none,57,correct
No,No,66,4,filler,none,57,correct
No,No,66,4,filler,none,57,correct
No,No,66,4,filler,none,57,correct
No,No,66,4,filler,none,57,correct
No,No,66,4,filler,none,57,correct
No,No,66,4,filler,none,57,correct
No,No,66,4,filler,none,57,correct
No,No,66,4,filler,none,57,correct
No,No,66,4,filler,none,57,correct
No,No,66,4,filler,none,57,correct
No,No,66,4,filler,none,57,correct
No,No,66,4,filler,none,57,correct
No,No,68,4,filler,none,57,correct
No,No,68,4,filler,none,57,correct
No,No,68,4,filler,none,57,correct
No,No,68,4,filler,none,57,correct
No,No,68,4,filler,none,57,correct
No,No,68,4,filler,none,57,correct
No,No,68,4,filler,none,57,correct
No,No,68,4,filler,none,57,correct
No,No,68,4,filler,none,57,correct
No,No,68,4,filler,none,57,correct
No,No,68,4,filler,none,57,correct
No,No,68,4,filler,none,57,correct
No,No,69,4,filler,none,57,correct
No,No,69,4,filler,none,57,correct
No,No,69,4,filler,none,57,correct
No,No,69,4,filler,none,57,correct
No,No,69,4,filler,none,57,correct
No,No,69,4,filler,none,57,correct
No,No,69,4,filler,none,57,correct
No,No,69,4,filler,none,57,correct
No,No,69,4,filler,none,57,correct
No,No,69,4,filler,none,57,correct
No,No,69,4,filler,none,57,correct
No,No,69,4,filler,none,57,correct
Yes,Yes,72,4,filler,none,57,correct
Yes,Yes,72,4,filler,none,57,correct
Yes,Yes,72,4,filler,none,57,correct
Yes,Yes,72,4,filler,none,57,correct
Yes,Yes,72,4,filler,none,57,correct
Yes,Yes,72,4,filler,none,57,correct
Yes,Yes,72,4,filler,none,57,correct
Yes,Yes,72,4,filler,none,57,correct
Yes,Yes,72,4,filler,none,57,correct
Yes,Yes,72,4,filler,none,57,correct
Yes,Yes,72,4,filler,none,57,correct
Yes,Yes,72,4,filler,none,57,correct
No,No,73,4,filler,none,57,correct
No,No,73,4,filler,none,57,correct
No,No,73,4,filler,none,57,correct
No,No,73,4,filler,none,57,correct
No,No,73,4,filler,none,57,correct
No,No,73,4,filler,none,57,correct
No,No,73,4,filler,none,57,correct
No,No,73,4,filler,none,57,correct
No,No,73,4,filler,none,57,correct
No,No,73,4,filler,none,57,correct
No,No,73,4,filler,none,57,correct
No,No,73,4,filler,none,57,correct
No,No,73,4,filler,none,57,correct
Yes,Yes,74,4,filler,none,57,correct
Yes,Yes,74,4,filler,none,57,correct
Yes,Yes,74,4,filler,none,57,correct
Yes,Yes,74,4,filler,none,57,correct
Yes,Yes,74,4,filler,none,57,correct
Yes,Yes,74,4,filler,none,57,correct
Yes,Yes,74,4,filler,none,57,correct
Yes,Yes,74,4,filler,none,57,correct
Yes,Yes,74,4,filler,none,57,correct
Yes,Yes,74,4,filler,none,57,correct
Yes,Yes,74,4,filler,none,57,correct
Yes,Yes,74,4,filler,none,57,correct
Yes,Yes,74,4,filler,none,57,correct
Yes,Yes,75,4,filler,none,57,correct
Yes,Yes,75,4,filler,none,57,correct
Yes,Yes,75,4,filler,none,57,correct
Yes,Yes,75,4,filler,none,57,correct
Yes,Yes,75,4,filler,none,57,correct
Yes,Yes,75,4,filler,none,57,correct
Yes,Yes,75,4,filler,none,57,correct
Yes,Yes,75,4,filler,none,57,correct
Yes,Yes,75,4,filler,none,57,correct
Yes,Yes,75,4,filler,none,57,correct
Yes,Yes,75,4,filler,none,57,correct
Yes,Yes,75,4,filler,none,57,correct
Yes,Yes,75,4,filler,none,57,correct
Yes,Yes,77,4,filler,none,57,correct
Yes,Yes,77,4,filler,none,57,correct
Yes,Yes,77,4,filler,none,57,correct
Yes,Yes,77,4,filler,none,57,correct
Yes,Yes,77,4,filler,none,57,correct
Yes,Yes,77,4,filler,none,57,correct
Yes,Yes,77,4,filler,none,57,correct
Yes,Yes,77,4,filler,none,57,correct
Yes,Yes,77,4,filler,none,57,correct
Yes,Yes,77,4,filler,none,57,correct
Yes,Yes,77,4,filler,none,57,correct
Yes,Yes,77,4,filler,none,57,correct
Yes,Yes,77,4,filler,none,57,correct
No,No,78,4,filler,none,57,correct
No,No,78,4,filler,none,57,correct
No,No,78,4,filler,none,57,correct
No,No,78,4,filler,none,57,correct
No,No,78,4,filler,none,57,correct
No,No,78,4,filler,none,57,correct
No,No,78,4,filler,none,57,correct
No,No,78,4,filler,none,57,correct
No,No,78,4,filler,none,57,correct
No,No,78,4,filler,none,57,correct
No,No,78,4,filler,none,57,correct
No,No,78,4,filler,none,57,correct
No,No,78,4,filler,none,57,correct
No,No,80,4,filler,none,57,correct
No,No,80,4,filler,none,57,correct
No,No,80,4,filler,none,57,correct
No,No,80,4,filler,none,57,correct
No,No,80,4,filler,none,57,correct
No,No,80,4,filler,none,57,correct
No,No,80,4,filler,none,57,correct
No,No,80,4,filler,none,57,correct
No,No,80,4,filler,none,57,correct
No,No,80,4,filler,none,57,correct
No,No,80,4,filler,none,57,correct
No,No,80,4,filler,none,57,correct
No,No,80,4,filler,none,57,correct
No,No,82,4,filler,none,57,correct
No,No,82,4,filler,none,57,correct
No,No,82,4,filler,none,57,correct
No,No,82,4,filler,none,57,correct
No,No,82,4,filler,none,57,correct
No,No,82,4,filler,none,57,correct
No,No,82,4,filler,none,57,correct
No,No,82,4,filler,none,57,correct
No,No,82,4,filler,none,57,correct
No,No,82,4,filler,none,57,correct
No,No,82,4,filler,none,57,correct
No,No,82,4,filler,none,57,correct
No,No,82,4,filler,none,57,correct
No,No,84,4,filler,none,57,correct
No,No,84,4,filler,none,57,correct
No,No,84,4,filler,none,57,correct
No,No,84,4,filler,none,57,correct
No,No,84,4,filler,none,57,correct
No,No,84,4,filler,none,57,correct
No,No,84,4,filler,none,57,correct
No,No,84,4,filler,none,57,correct
No,No,84,4,filler,none,57,correct
No,No,84,4,filler,none,57,correct
No,No,84,4,filler,none,57,correct
No,No,84,4,filler,none,57,correct
No,No,84,4,filler,none,57,correct
No,No,87,4,filler,none,57,correct
No,No,87,4,filler,none,57,correct
No,No,87,4,filler,none,57,correct
No,No,87,4,filler,none,57,correct
No,No,87,4,filler,none,57,correct
No,No,87,4,filler,none,57,correct
No,No,87,4,filler,none,57,correct
No,No,87,4,filler,none,57,correct
No,No,87,4,filler,none,57,correct
No,No,87,4,filler,none,57,correct
No,No,87,4,filler,none,57,correct
No,No,87,4,filler,none,57,correct
No,No,87,4,filler,none,57,correct
No,No,89,4,filler,none,57,correct
No,No,89,4,filler,none,57,correct
No,No,89,4,filler,none,57,correct
No,No,89,4,filler,none,57,correct
No,No,89,4,filler,none,57,correct
No,No,89,4,filler,none,57,correct
No,No,89,4,filler,none,57,correct
No,No,89,4,filler,none,57,correct
No,No,89,4,filler,none,57,correct
No,No,89,4,filler,none,57,correct
No,No,89,4,filler,none,57,correct
No,No,89,4,filler,none,57,correct
No,No,89,4,filler,none,57,correct
Yes,Yes,1,5,nomove,unacc,58,correct
Yes,Yes,1,5,nomove,unacc,58,correct
Yes,Yes,1,5,nomove,unacc,58,correct
Yes,Yes,1,5,nomove,unacc,58,correct
Yes,Yes,1,5,nomove,unacc,58,correct
Yes,Yes,2,5,nomove,CP,58,correct
Yes,Yes,2,5,nomove,CP,58,correct
Yes,Yes,2,5,nomove,CP,58,correct
Yes,Yes,2,5,nomove,CP,58,correct
Yes,Yes,2,5,nomove,CP,58,correct
Yes,No,5,5,move,CP,58,incorrect
Yes,No,5,5,move,CP,58,incorrect
Yes,No,5,5,move,CP,58,incorrect
Yes,No,5,5,move,CP,58,incorrect
Yes,No,5,5,move,CP,58,incorrect
Yes,Yes,6,5,nomove,DP,58,correct
Yes,Yes,6,5,nomove,DP,58,correct
Yes,Yes,6,5,nomove,DP,58,correct
Yes,Yes,6,5,nomove,DP,58,correct
Yes,Yes,6,5,nomove,DP,58,correct
Yes,Yes,7,5,nomove,unacc,58,correct
Yes,Yes,7,5,nomove,unacc,58,correct
Yes,Yes,7,5,nomove,unacc,58,correct
Yes,Yes,7,5,nomove,unacc,58,correct
Yes,Yes,7,5,nomove,unacc,58,correct
Yes,Yes,11,5,move,CP,58,correct
Yes,Yes,11,5,move,CP,58,correct
Yes,Yes,11,5,move,CP,58,correct
Yes,Yes,11,5,move,CP,58,correct
Yes,Yes,11,5,move,CP,58,correct
Yes,Yes,13,5,nomove,unacc,58,correct
Yes,Yes,13,5,nomove,unacc,58,correct
Yes,Yes,13,5,nomove,unacc,58,correct
Yes,Yes,13,5,nomove,unacc,58,correct
Yes,Yes,13,5,nomove,unacc,58,correct
Yes,Yes,14,5,nomove,CP,58,correct
Yes,Yes,14,5,nomove,CP,58,correct
Yes,Yes,14,5,nomove,CP,58,correct
Yes,Yes,14,5,nomove,CP,58,correct
Yes,Yes,14,5,nomove,CP,58,correct
Yes,Yes,17,5,move,unacc,58,correct
Yes,Yes,17,5,move,unacc,58,correct
Yes,Yes,17,5,move,unacc,58,correct
Yes,Yes,17,5,move,unacc,58,correct
Yes,Yes,17,5,move,unacc,58,correct
Yes,Yes,19,5,nomove,unacc,58,correct
Yes,Yes,19,5,nomove,unacc,58,correct
Yes,Yes,19,5,nomove,unacc,58,correct
Yes,Yes,19,5,nomove,unacc,58,correct
Yes,Yes,19,5,nomove,unacc,58,correct
Yes,Yes,21,5,move,DP,58,correct
Yes,Yes,21,5,move,DP,58,correct
Yes,Yes,21,5,move,DP,58,correct
Yes,Yes,21,5,move,DP,58,correct
Yes,Yes,21,5,move,DP,58,correct
Yes,Yes,22,5,move,unacc,58,correct
Yes,Yes,22,5,move,unacc,58,correct
Yes,Yes,22,5,move,unacc,58,correct
Yes,Yes,22,5,move,unacc,58,correct
Yes,Yes,22,5,move,unacc,58,correct
No,No,25,5,nomove,unacc,58,correct
No,No,25,5,nomove,unacc,58,correct
No,No,25,5,nomove,unacc,58,correct
No,No,25,5,nomove,unacc,58,correct
No,No,25,5,nomove,unacc,58,correct
No,Yes,30,5,nomove,DP,58,incorrect
No,Yes,30,5,nomove,DP,58,incorrect
No,Yes,30,5,nomove,DP,58,incorrect
No,Yes,30,5,nomove,DP,58,incorrect
No,Yes,30,5,nomove,DP,58,incorrect
No,No,31,5,nomove,unacc,58,correct
No,No,31,5,nomove,unacc,58,correct
No,No,31,5,nomove,unacc,58,correct
No,No,31,5,nomove,unacc,58,correct
No,No,31,5,nomove,unacc,58,correct
Yes,Yes,32,5,nomove,CP,58,correct
Yes,Yes,32,5,nomove,CP,58,correct
Yes,Yes,32,5,nomove,CP,58,correct
Yes,Yes,32,5,nomove,CP,58,correct
Yes,Yes,32,5,nomove,CP,58,correct
Yes,No,33,5,move,DP,58,incorrect
Yes,No,33,5,move,DP,58,incorrect
Yes,No,33,5,move,DP,58,incorrect
Yes,No,33,5,move,DP,58,incorrect
Yes,No,33,5,move,DP,58,incorrect
No,Yes,35,5,move,CP,58,incorrect
No,Yes,35,5,move,CP,58,incorrect
No,Yes,35,5,move,CP,58,incorrect
No,Yes,35,5,move,CP,58,incorrect
No,Yes,35,5,move,CP,58,incorrect
No,No,37,5,filler,none,58,correct
No,No,37,5,filler,none,58,correct
No,No,37,5,filler,none,58,correct
No,No,37,5,filler,none,58,correct
No,No,37,5,filler,none,58,correct
No,No,37,5,filler,none,58,correct
No,No,37,5,filler,none,58,correct
No,No,37,5,filler,none,58,correct
No,No,37,5,filler,none,58,correct
No,No,37,5,filler,none,58,correct
No,No,37,5,filler,none,58,correct
No,No,38,5,filler,none,58,correct
No,No,38,5,filler,none,58,correct
No,No,38,5,filler,none,58,correct
No,No,38,5,filler,none,58,correct
No,No,38,5,filler,none,58,correct
No,No,38,5,filler,none,58,correct
No,No,38,5,filler,none,58,correct
No,No,38,5,filler,none,58,correct
No,No,38,5,filler,none,58,correct
No,No,38,5,filler,none,58,correct
No,No,38,5,filler,none,58,correct
No,No,39,5,filler,none,58,correct
No,No,39,5,filler,none,58,correct
No,No,39,5,filler,none,58,correct
No,No,39,5,filler,none,58,correct
No,No,39,5,filler,none,58,correct
No,No,39,5,filler,none,58,correct
No,No,39,5,filler,none,58,correct
No,No,39,5,filler,none,58,correct
No,No,39,5,filler,none,58,correct
No,No,39,5,filler,none,58,correct
No,No,39,5,filler,none,58,correct
Yes,Yes,43,5,filler,none,58,correct
Yes,Yes,43,5,filler,none,58,correct
Yes,Yes,43,5,filler,none,58,correct
Yes,Yes,43,5,filler,none,58,correct
Yes,Yes,43,5,filler,none,58,correct
Yes,Yes,43,5,filler,none,58,correct
Yes,Yes,43,5,filler,none,58,correct
Yes,Yes,43,5,filler,none,58,correct
Yes,Yes,43,5,filler,none,58,correct
Yes,Yes,43,5,filler,none,58,correct
Yes,Yes,43,5,filler,none,58,correct
No,No,44,5,filler,none,58,correct
No,No,44,5,filler,none,58,correct
No,No,44,5,filler,none,58,correct
No,No,44,5,filler,none,58,correct
No,No,44,5,filler,none,58,correct
No,No,44,5,filler,none,58,correct
No,No,44,5,filler,none,58,correct
No,No,44,5,filler,none,58,correct
No,No,44,5,filler,none,58,correct
No,No,44,5,filler,none,58,correct
No,No,44,5,filler,none,58,correct
No,No,46,5,filler,none,58,correct
No,No,46,5,filler,none,58,correct
No,No,46,5,filler,none,58,correct
No,No,46,5,filler,none,58,correct
No,No,46,5,filler,none,58,correct
No,No,46,5,filler,none,58,correct
No,No,46,5,filler,none,58,correct
No,No,46,5,filler,none,58,correct
No,No,46,5,filler,none,58,correct
No,No,46,5,filler,none,58,correct
No,No,46,5,filler,none,58,correct
Yes,Yes,48,5,filler,none,58,correct
Yes,Yes,48,5,filler,none,58,correct
Yes,Yes,48,5,filler,none,58,correct
Yes,Yes,48,5,filler,none,58,correct
Yes,Yes,48,5,filler,none,58,correct
Yes,Yes,48,5,filler,none,58,correct
Yes,Yes,48,5,filler,none,58,correct
Yes,Yes,48,5,filler,none,58,correct
Yes,Yes,48,5,filler,none,58,correct
Yes,Yes,48,5,filler,none,58,correct
Yes,Yes,48,5,filler,none,58,correct
No,No,50,5,filler,none,58,correct
No,No,50,5,filler,none,58,correct
No,No,50,5,filler,none,58,correct
No,No,50,5,filler,none,58,correct
No,No,50,5,filler,none,58,correct
No,No,50,5,filler,none,58,correct
No,No,50,5,filler,none,58,correct
No,No,50,5,filler,none,58,correct
No,No,50,5,filler,none,58,correct
No,No,50,5,filler,none,58,correct
No,No,50,5,filler,none,58,correct
Yes,Yes,52,5,filler,none,58,correct
Yes,Yes,52,5,filler,none,58,correct
Yes,Yes,52,5,filler,none,58,correct
Yes,Yes,52,5,filler,none,58,correct
Yes,Yes,52,5,filler,none,58,correct
Yes,Yes,52,5,filler,none,58,correct
Yes,Yes,52,5,filler,none,58,correct
Yes,Yes,52,5,filler,none,58,correct
Yes,Yes,52,5,filler,none,58,correct
Yes,Yes,52,5,filler,none,58,correct
Yes,Yes,52,5,filler,none,58,correct
No,No,53,5,filler,none,58,correct
No,No,53,5,filler,none,58,correct
No,No,53,5,filler,none,58,correct
No,No,53,5,filler,none,58,correct
No,No,53,5,filler,none,58,correct
No,No,53,5,filler,none,58,correct
No,No,53,5,filler,none,58,correct
No,No,53,5,filler,none,58,correct
No,No,53,5,filler,none,58,correct
No,No,53,5,filler,none,58,correct
No,No,53,5,filler,none,58,correct
Yes,Yes,58,5,filler,none,58,correct
Yes,Yes,58,5,filler,none,58,correct
Yes,Yes,58,5,filler,none,58,correct
Yes,Yes,58,5,filler,none,58,correct
Yes,Yes,58,5,filler,none,58,correct
Yes,Yes,58,5,filler,none,58,correct
Yes,Yes,58,5,filler,none,58,correct
Yes,Yes,58,5,filler,none,58,correct
Yes,Yes,58,5,filler,none,58,correct
Yes,Yes,58,5,filler,none,58,correct
Yes,Yes,58,5,filler,none,58,correct
Yes,Yes,58,5,filler,none,58,correct
No,No,59,5,filler,none,58,correct
No,No,59,5,filler,none,58,correct
No,No,59,5,filler,none,58,correct
No,No,59,5,filler,none,58,correct
No,No,59,5,filler,none,58,correct
No,No,59,5,filler,none,58,correct
No,No,59,5,filler,none,58,correct
No,No,59,5,filler,none,58,correct
No,No,59,5,filler,none,58,correct
No,No,59,5,filler,none,58,correct
No,No,59,5,filler,none,58,correct
No,No,59,5,filler,none,58,correct
No,No,59,5,filler,none,58,correct
No,No,62,5,filler,none,58,correct
No,No,62,5,filler,none,58,correct
No,No,62,5,filler,none,58,correct
No,No,62,5,filler,none,58,correct
No,No,62,5,filler,none,58,correct
No,No,62,5,filler,none,58,correct
No,No,62,5,filler,none,58,correct
No,No,62,5,filler,none,58,correct
No,No,62,5,filler,none,58,correct
No,No,62,5,filler,none,58,correct
No,No,62,5,filler,none,58,correct
No,No,62,5,filler,none,58,correct
Yes,Yes,64,5,filler,none,58,correct
Yes,Yes,64,5,filler,none,58,correct
Yes,Yes,64,5,filler,none,58,correct
Yes,Yes,64,5,filler,none,58,correct
Yes,Yes,64,5,filler,none,58,correct
Yes,Yes,64,5,filler,none,58,correct
Yes,Yes,64,5,filler,none,58,correct
Yes,Yes,64,5,filler,none,58,correct
Yes,Yes,64,5,filler,none,58,correct
Yes,Yes,64,5,filler,none,58,correct
Yes,Yes,64,5,filler,none,58,correct
Yes,Yes,64,5,filler,none,58,correct
No,No,66,5,filler,none,58,correct
No,No,66,5,filler,none,58,correct
No,No,66,5,filler,none,58,correct
No,No,66,5,filler,none,58,correct
No,No,66,5,filler,none,58,correct
No,No,66,5,filler,none,58,correct
No,No,66,5,filler,none,58,correct
No,No,66,5,filler,none,58,correct
No,No,66,5,filler,none,58,correct
No,No,66,5,filler,none,58,correct
No,No,66,5,filler,none,58,correct
No,No,66,5,filler,none,58,correct
No,No,68,5,filler,none,58,correct
No,No,68,5,filler,none,58,correct
No,No,68,5,filler,none,58,correct
No,No,68,5,filler,none,58,correct
No,No,68,5,filler,none,58,correct
No,No,68,5,filler,none,58,correct
No,No,68,5,filler,none,58,correct
No,No,68,5,filler,none,58,correct
No,No,68,5,filler,none,58,correct
No,No,68,5,filler,none,58,correct
No,No,68,5,filler,none,58,correct
No,No,68,5,filler,none,58,correct
No,No,69,5,filler,none,58,correct
No,No,69,5,filler,none,58,correct
No,No,69,5,filler,none,58,correct
No,No,69,5,filler,none,58,correct
No,No,69,5,filler,none,58,correct
No,No,69,5,filler,none,58,correct
No,No,69,5,filler,none,58,correct
No,No,69,5,filler,none,58,correct
No,No,69,5,filler,none,58,correct
No,No,69,5,filler,none,58,correct
No,No,69,5,filler,none,58,correct
No,No,69,5,filler,none,58,correct
Yes,Yes,72,5,filler,none,58,correct
Yes,Yes,72,5,filler,none,58,correct
Yes,Yes,72,5,filler,none,58,correct
Yes,Yes,72,5,filler,none,58,correct
Yes,Yes,72,5,filler,none,58,correct
Yes,Yes,72,5,filler,none,58,correct
Yes,Yes,72,5,filler,none,58,correct
Yes,Yes,72,5,filler,none,58,correct
Yes,Yes,72,5,filler,none,58,correct
Yes,Yes,72,5,filler,none,58,correct
Yes,Yes,72,5,filler,none,58,correct
Yes,Yes,72,5,filler,none,58,correct
No,No,73,5,filler,none,58,correct
No,No,73,5,filler,none,58,correct
No,No,73,5,filler,none,58,correct
No,No,73,5,filler,none,58,correct
No,No,73,5,filler,none,58,correct
No,No,73,5,filler,none,58,correct
No,No,73,5,filler,none,58,correct
No,No,73,5,filler,none,58,correct
No,No,73,5,filler,none,58,correct
No,No,73,5,filler,none,58,correct
No,No,73,5,filler,none,58,correct
No,No,73,5,filler,none,58,correct
No,No,73,5,filler,none,58,correct
Yes,Yes,74,5,filler,none,58,correct
Yes,Yes,74,5,filler,none,58,correct
Yes,Yes,74,5,filler,none,58,correct
Yes,Yes,74,5,filler,none,58,correct
Yes,Yes,74,5,filler,none,58,correct
Yes,Yes,74,5,filler,none,58,correct
Yes,Yes,74,5,filler,none,58,correct
Yes,Yes,74,5,filler,none,58,correct
Yes,Yes,74,5,filler,none,58,correct
Yes,Yes,74,5,filler,none,58,correct
Yes,Yes,74,5,filler,none,58,correct
Yes,Yes,74,5,filler,none,58,correct
Yes,Yes,74,5,filler,none,58,correct
Yes,Yes,75,5,filler,none,58,correct
Yes,Yes,75,5,filler,none,58,correct
Yes,Yes,75,5,filler,none,58,correct
Yes,Yes,75,5,filler,none,58,correct
Yes,Yes,75,5,filler,none,58,correct
Yes,Yes,75,5,filler,none,58,correct
Yes,Yes,75,5,filler,none,58,correct
Yes,Yes,75,5,filler,none,58,correct
Yes,Yes,75,5,filler,none,58,correct
Yes,Yes,75,5,filler,none,58,correct
Yes,Yes,75,5,filler,none,58,correct
Yes,Yes,75,5,filler,none,58,correct
Yes,Yes,75,5,filler,none,58,correct
Yes,Yes,77,5,filler,none,58,correct
Yes,Yes,77,5,filler,none,58,correct
Yes,Yes,77,5,filler,none,58,correct
Yes,Yes,77,5,filler,none,58,correct
Yes,Yes,77,5,filler,none,58,correct
Yes,Yes,77,5,filler,none,58,correct
Yes,Yes,77,5,filler,none,58,correct
Yes,Yes,77,5,filler,none,58,correct
Yes,Yes,77,5,filler,none,58,correct
Yes,Yes,77,5,filler,none,58,correct
Yes,Yes,77,5,filler,none,58,correct
Yes,Yes,77,5,filler,none,58,correct
Yes,Yes,77,5,filler,none,58,correct
No,No,78,5,filler,none,58,correct
No,No,78,5,filler,none,58,correct
No,No,78,5,filler,none,58,correct
No,No,78,5,filler,none,58,correct
No,No,78,5,filler,none,58,correct
No,No,78,5,filler,none,58,correct
No,No,78,5,filler,none,58,correct
No,No,78,5,filler,none,58,correct
No,No,78,5,filler,none,58,correct
No,No,78,5,filler,none,58,correct
No,No,78,5,filler,none,58,correct
No,No,78,5,filler,none,58,correct
No,No,78,5,filler,none,58,correct
No,No,80,5,filler,none,58,correct
No,No,80,5,filler,none,58,correct
No,No,80,5,filler,none,58,correct
No,No,80,5,filler,none,58,correct
No,No,80,5,filler,none,58,correct
No,No,80,5,filler,none,58,correct
No,No,80,5,filler,none,58,correct
No,No,80,5,filler,none,58,correct
No,No,80,5,filler,none,58,correct
No,No,80,5,filler,none,58,correct
No,No,80,5,filler,none,58,correct
No,No,80,5,filler,none,58,correct
No,No,80,5,filler,none,58,correct
No,No,82,5,filler,none,58,correct
No,No,82,5,filler,none,58,correct
No,No,82,5,filler,none,58,correct
No,No,82,5,filler,none,58,correct
No,No,82,5,filler,none,58,correct
No,No,82,5,filler,none,58,correct
No,No,82,5,filler,none,58,correct
No,No,82,5,filler,none,58,correct
No,No,82,5,filler,none,58,correct
No,No,82,5,filler,none,58,correct
No,No,82,5,filler,none,58,correct
No,No,82,5,filler,none,58,correct
No,No,82,5,filler,none,58,correct
No,No,84,5,filler,none,58,correct
No,No,84,5,filler,none,58,correct
No,No,84,5,filler,none,58,correct
No,No,84,5,filler,none,58,correct
No,No,84,5,filler,none,58,correct
No,No,84,5,filler,none,58,correct
No,No,84,5,filler,none,58,correct
No,No,84,5,filler,none,58,correct
No,No,84,5,filler,none,58,correct
No,No,84,5,filler,none,58,correct
No,No,84,5,filler,none,58,correct
No,No,84,5,filler,none,58,correct
No,No,84,5,filler,none,58,correct
No,No,87,5,filler,none,58,correct
No,No,87,5,filler,none,58,correct
No,No,87,5,filler,none,58,correct
No,No,87,5,filler,none,58,correct
No,No,87,5,filler,none,58,correct
No,No,87,5,filler,none,58,correct
No,No,87,5,filler,none,58,correct
No,No,87,5,filler,none,58,correct
No,No,87,5,filler,none,58,correct
No,No,87,5,filler,none,58,correct
No,No,87,5,filler,none,58,correct
No,No,87,5,filler,none,58,correct
No,No,87,5,filler,none,58,correct
No,No,89,5,filler,none,58,correct
No,No,89,5,filler,none,58,correct
No,No,89,5,filler,none,58,correct
No,No,89,5,filler,none,58,correct
No,No,89,5,filler,none,58,correct
No,No,89,5,filler,none,58,correct
No,No,89,5,filler,none,58,correct
No,No,89,5,filler,none,58,correct
No,No,89,5,filler,none,58,correct
No,No,89,5,filler,none,58,correct
No,No,89,5,filler,none,58,correct
No,No,89,5,filler,none,58,correct
No,No,89,5,filler,none,58,correct
Yes,Yes,1,6,nomove,DP,59,correct
Yes,Yes,1,6,nomove,DP,59,correct
Yes,Yes,1,6,nomove,DP,59,correct
Yes,Yes,1,6,nomove,DP,59,correct
Yes,Yes,1,6,nomove,DP,59,correct
Yes,Yes,2,6,nomove,unacc,59,correct
Yes,Yes,2,6,nomove,unacc,59,correct
Yes,Yes,2,6,nomove,unacc,59,correct
Yes,Yes,2,6,nomove,unacc,59,correct
Yes,Yes,2,6,nomove,unacc,59,correct
No,No,5,6,move,unacc,59,correct
No,No,5,6,move,unacc,59,correct
No,No,5,6,move,unacc,59,correct
No,No,5,6,move,unacc,59,correct
No,No,5,6,move,unacc,59,correct
Yes,Yes,6,6,move,CP,59,correct
Yes,Yes,6,6,move,CP,59,correct
Yes,Yes,6,6,move,CP,59,correct
Yes,Yes,6,6,move,CP,59,correct
Yes,Yes,6,6,move,CP,59,correct
Yes,Yes,7,6,nomove,DP,59,correct
Yes,Yes,7,6,nomove,DP,59,correct
Yes,Yes,7,6,nomove,DP,59,correct
Yes,Yes,7,6,nomove,DP,59,correct
Yes,Yes,7,6,nomove,DP,59,correct
No,Yes,11,6,move,unacc,59,incorrect
No,Yes,11,6,move,unacc,59,incorrect
No,Yes,11,6,move,unacc,59,incorrect
No,Yes,11,6,move,unacc,59,incorrect
No,Yes,11,6,move,unacc,59,incorrect
Yes,Yes,13,6,nomove,DP,59,correct
Yes,Yes,13,6,nomove,DP,59,correct
Yes,Yes,13,6,nomove,DP,59,correct
Yes,Yes,13,6,nomove,DP,59,correct
Yes,Yes,13,6,nomove,DP,59,correct
Yes,Yes,14,6,nomove,unacc,59,correct
Yes,Yes,14,6,nomove,unacc,59,correct
Yes,Yes,14,6,nomove,unacc,59,correct
Yes,Yes,14,6,nomove,unacc,59,correct
Yes,Yes,14,6,nomove,unacc,59,correct
Yes,Yes,17,6,move,DP,59,correct
Yes,Yes,17,6,move,DP,59,correct
Yes,Yes,17,6,move,DP,59,correct
Yes,Yes,17,6,move,DP,59,correct
Yes,Yes,17,6,move,DP,59,correct
Yes,Yes,19,6,nomove,DP,59,correct
Yes,Yes,19,6,nomove,DP,59,correct
Yes,Yes,19,6,nomove,DP,59,correct
Yes,Yes,19,6,nomove,DP,59,correct
Yes,Yes,19,6,nomove,DP,59,correct
Yes,Yes,21,6,nomove,CP,59,correct
Yes,Yes,21,6,nomove,CP,59,correct
Yes,Yes,21,6,nomove,CP,59,correct
Yes,Yes,21,6,nomove,CP,59,correct
Yes,Yes,21,6,nomove,CP,59,correct
Yes,Yes,22,6,move,DP,59,correct
Yes,Yes,22,6,move,DP,59,correct
Yes,Yes,22,6,move,DP,59,correct
Yes,Yes,22,6,move,DP,59,correct
Yes,Yes,22,6,move,DP,59,correct
No,No,25,6,nomove,DP,59,correct
No,No,25,6,nomove,DP,59,correct
No,No,25,6,nomove,DP,59,correct
No,No,25,6,nomove,DP,59,correct
No,No,25,6,nomove,DP,59,correct
Yes,Yes,30,6,move,CP,59,correct
Yes,Yes,30,6,move,CP,59,correct
Yes,Yes,30,6,move,CP,59,correct
Yes,Yes,30,6,move,CP,59,correct
Yes,Yes,30,6,move,CP,59,correct
No,No,31,6,nomove,DP,59,correct
No,No,31,6,nomove,DP,59,correct
No,No,31,6,nomove,DP,59,correct
No,No,31,6,nomove,DP,59,correct
No,No,31,6,nomove,DP,59,correct
Yes,Yes,32,6,nomove,unacc,59,correct
Yes,Yes,32,6,nomove,unacc,59,correct
Yes,Yes,32,6,nomove,unacc,59,correct
Yes,Yes,32,6,nomove,unacc,59,correct
Yes,Yes,32,6,nomove,unacc,59,correct
No,No,33,6,nomove,CP,59,correct
No,No,33,6,nomove,CP,59,correct
No,No,33,6,nomove,CP,59,correct
No,No,33,6,nomove,CP,59,correct
No,No,33,6,nomove,CP,59,correct
Yes,Yes,35,6,move,unacc,59,correct
Yes,Yes,35,6,move,unacc,59,correct
Yes,Yes,35,6,move,unacc,59,correct
Yes,Yes,35,6,move,unacc,59,correct
Yes,Yes,35,6,move,unacc,59,correct
No,No,37,6,filler,none,59,correct
No,No,37,6,filler,none,59,correct
No,No,37,6,filler,none,59,correct
No,No,37,6,filler,none,59,correct
No,No,37,6,filler,none,59,correct
No,No,37,6,filler,none,59,correct
No,No,37,6,filler,none,59,correct
No,No,37,6,filler,none,59,correct
No,No,37,6,filler,none,59,correct
No,No,37,6,filler,none,59,correct
No,No,37,6,filler,none,59,correct
No,No,38,6,filler,none,59,correct
No,No,38,6,filler,none,59,correct
No,No,38,6,filler,none,59,correct
No,No,38,6,filler,none,59,correct
No,No,38,6,filler,none,59,correct
No,No,38,6,filler,none,59,correct
No,No,38,6,filler,none,59,correct
No,No,38,6,filler,none,59,correct
No,No,38,6,filler,none,59,correct
No,No,38,6,filler,none,59,correct
No,No,38,6,filler,none,59,correct
No,No,39,6,filler,none,59,correct
No,No,39,6,filler,none,59,correct
No,No,39,6,filler,none,59,correct
No,No,39,6,filler,none,59,correct
No,No,39,6,filler,none,59,correct
No,No,39,6,filler,none,59,correct
No,No,39,6,filler,none,59,correct
No,No,39,6,filler,none,59,correct
No,No,39,6,filler,none,59,correct
No,No,39,6,filler,none,59,correct
No,No,39,6,filler,none,59,correct
Yes,Yes,43,6,filler,none,59,correct
Yes,Yes,43,6,filler,none,59,correct
Yes,Yes,43,6,filler,none,59,correct
Yes,Yes,43,6,filler,none,59,correct
Yes,Yes,43,6,filler,none,59,correct
Yes,Yes,43,6,filler,none,59,correct
Yes,Yes,43,6,filler,none,59,correct
Yes,Yes,43,6,filler,none,59,correct
Yes,Yes,43,6,filler,none,59,correct
Yes,Yes,43,6,filler,none,59,correct
Yes,Yes,43,6,filler,none,59,correct
No,No,44,6,filler,none,59,correct
No,No,44,6,filler,none,59,correct
No,No,44,6,filler,none,59,correct
No,No,44,6,filler,none,59,correct
No,No,44,6,filler,none,59,correct
No,No,44,6,filler,none,59,correct
No,No,44,6,filler,none,59,correct
No,No,44,6,filler,none,59,correct
No,No,44,6,filler,none,59,correct
No,No,44,6,filler,none,59,correct
No,No,44,6,filler,none,59,correct
No,No,46,6,filler,none,59,correct
No,No,46,6,filler,none,59,correct
No,No,46,6,filler,none,59,correct
No,No,46,6,filler,none,59,correct
No,No,46,6,filler,none,59,correct
No,No,46,6,filler,none,59,correct
No,No,46,6,filler,none,59,correct
No,No,46,6,filler,none,59,correct
No,No,46,6,filler,none,59,correct
No,No,46,6,filler,none,59,correct
No,No,46,6,filler,none,59,correct
Yes,Yes,48,6,filler,none,59,correct
Yes,Yes,48,6,filler,none,59,correct
Yes,Yes,48,6,filler,none,59,correct
Yes,Yes,48,6,filler,none,59,correct
Yes,Yes,48,6,filler,none,59,correct
Yes,Yes,48,6,filler,none,59,correct
Yes,Yes,48,6,filler,none,59,correct
Yes,Yes,48,6,filler,none,59,correct
Yes,Yes,48,6,filler,none,59,correct
Yes,Yes,48,6,filler,none,59,correct
Yes,Yes,48,6,filler,none,59,correct
No,No,50,6,filler,none,59,correct
No,No,50,6,filler,none,59,correct
No,No,50,6,filler,none,59,correct
No,No,50,6,filler,none,59,correct
No,No,50,6,filler,none,59,correct
No,No,50,6,filler,none,59,correct
No,No,50,6,filler,none,59,correct
No,No,50,6,filler,none,59,correct
No,No,50,6,filler,none,59,correct
No,No,50,6,filler,none,59,correct
No,No,50,6,filler,none,59,correct
Yes,Yes,52,6,filler,none,59,correct
Yes,Yes,52,6,filler,none,59,correct
Yes,Yes,52,6,filler,none,59,correct
Yes,Yes,52,6,filler,none,59,correct
Yes,Yes,52,6,filler,none,59,correct
Yes,Yes,52,6,filler,none,59,correct
Yes,Yes,52,6,filler,none,59,correct
Yes,Yes,52,6,filler,none,59,correct
Yes,Yes,52,6,filler,none,59,correct
Yes,Yes,52,6,filler,none,59,correct
Yes,Yes,52,6,filler,none,59,correct
No,No,53,6,filler,none,59,correct
No,No,53,6,filler,none,59,correct
No,No,53,6,filler,none,59,correct
No,No,53,6,filler,none,59,correct
No,No,53,6,filler,none,59,correct
No,No,53,6,filler,none,59,correct
No,No,53,6,filler,none,59,correct
No,No,53,6,filler,none,59,correct
No,No,53,6,filler,none,59,correct
No,No,53,6,filler,none,59,correct
No,No,53,6,filler,none,59,correct
Yes,Yes,58,6,filler,none,59,correct
Yes,Yes,58,6,filler,none,59,correct
Yes,Yes,58,6,filler,none,59,correct
Yes,Yes,58,6,filler,none,59,correct
Yes,Yes,58,6,filler,none,59,correct
Yes,Yes,58,6,filler,none,59,correct
Yes,Yes,58,6,filler,none,59,correct
Yes,Yes,58,6,filler,none,59,correct
Yes,Yes,58,6,filler,none,59,correct
Yes,Yes,58,6,filler,none,59,correct
Yes,Yes,58,6,filler,none,59,correct
Yes,Yes,58,6,filler,none,59,correct
No,No,59,6,filler,none,59,correct
No,No,59,6,filler,none,59,correct
No,No,59,6,filler,none,59,correct
No,No,59,6,filler,none,59,correct
No,No,59,6,filler,none,59,correct
No,No,59,6,filler,none,59,correct
No,No,59,6,filler,none,59,correct
No,No,59,6,filler,none,59,correct
No,No,59,6,filler,none,59,correct
No,No,59,6,filler,none,59,correct
No,No,59,6,filler,none,59,correct
No,No,59,6,filler,none,59,correct
No,No,59,6,filler,none,59,correct
No,No,62,6,filler,none,59,correct
No,No,62,6,filler,none,59,correct
No,No,62,6,filler,none,59,correct
No,No,62,6,filler,none,59,correct
No,No,62,6,filler,none,59,correct
No,No,62,6,filler,none,59,correct
No,No,62,6,filler,none,59,correct
No,No,62,6,filler,none,59,correct
No,No,62,6,filler,none,59,correct
No,No,62,6,filler,none,59,correct
No,No,62,6,filler,none,59,correct
No,No,62,6,filler,none,59,correct
Yes,Yes,64,6,filler,none,59,correct
Yes,Yes,64,6,filler,none,59,correct
Yes,Yes,64,6,filler,none,59,correct
Yes,Yes,64,6,filler,none,59,correct
Yes,Yes,64,6,filler,none,59,correct
Yes,Yes,64,6,filler,none,59,correct
Yes,Yes,64,6,filler,none,59,correct
Yes,Yes,64,6,filler,none,59,correct
Yes,Yes,64,6,filler,none,59,correct
Yes,Yes,64,6,filler,none,59,correct
Yes,Yes,64,6,filler,none,59,correct
Yes,Yes,64,6,filler,none,59,correct
No,No,66,6,filler,none,59,correct
No,No,66,6,filler,none,59,correct
No,No,66,6,filler,none,59,correct
No,No,66,6,filler,none,59,correct
No,No,66,6,filler,none,59,correct
No,No,66,6,filler,none,59,correct
No,No,66,6,filler,none,59,correct
No,No,66,6,filler,none,59,correct
No,No,66,6,filler,none,59,correct
No,No,66,6,filler,none,59,correct
No,No,66,6,filler,none,59,correct
No,No,66,6,filler,none,59,correct
No,No,68,6,filler,none,59,correct
No,No,68,6,filler,none,59,correct
No,No,68,6,filler,none,59,correct
No,No,68,6,filler,none,59,correct
No,No,68,6,filler,none,59,correct
No,No,68,6,filler,none,59,correct
No,No,68,6,filler,none,59,correct
No,No,68,6,filler,none,59,correct
No,No,68,6,filler,none,59,correct
No,No,68,6,filler,none,59,correct
No,No,68,6,filler,none,59,correct
No,No,68,6,filler,none,59,correct
No,No,69,6,filler,none,59,correct
No,No,69,6,filler,none,59,correct
No,No,69,6,filler,none,59,correct
No,No,69,6,filler,none,59,correct
No,No,69,6,filler,none,59,correct
No,No,69,6,filler,none,59,correct
No,No,69,6,filler,none,59,correct
No,No,69,6,filler,none,59,correct
No,No,69,6,filler,none,59,correct
No,No,69,6,filler,none,59,correct
No,No,69,6,filler,none,59,correct
No,No,69,6,filler,none,59,correct
Yes,Yes,72,6,filler,none,59,correct
Yes,Yes,72,6,filler,none,59,correct
Yes,Yes,72,6,filler,none,59,correct
Yes,Yes,72,6,filler,none,59,correct
Yes,Yes,72,6,filler,none,59,correct
Yes,Yes,72,6,filler,none,59,correct
Yes,Yes,72,6,filler,none,59,correct
Yes,Yes,72,6,filler,none,59,correct
Yes,Yes,72,6,filler,none,59,correct
Yes,Yes,72,6,filler,none,59,correct
Yes,Yes,72,6,filler,none,59,correct
Yes,Yes,72,6,filler,none,59,correct
No,No,73,6,filler,none,59,correct
No,No,73,6,filler,none,59,correct
No,No,73,6,filler,none,59,correct
No,No,73,6,filler,none,59,correct
No,No,73,6,filler,none,59,correct
No,No,73,6,filler,none,59,correct
No,No,73,6,filler,none,59,correct
No,No,73,6,filler,none,59,correct
No,No,73,6,filler,none,59,correct
No,No,73,6,filler,none,59,correct
No,No,73,6,filler,none,59,correct
No,No,73,6,filler,none,59,correct
No,No,73,6,filler,none,59,correct
Yes,Yes,74,6,filler,none,59,correct
Yes,Yes,74,6,filler,none,59,correct
Yes,Yes,74,6,filler,none,59,correct
Yes,Yes,74,6,filler,none,59,correct
Yes,Yes,74,6,filler,none,59,correct
Yes,Yes,74,6,filler,none,59,correct
Yes,Yes,74,6,filler,none,59,correct
Yes,Yes,74,6,filler,none,59,correct
Yes,Yes,74,6,filler,none,59,correct
Yes,Yes,74,6,filler,none,59,correct
Yes,Yes,74,6,filler,none,59,correct
Yes,Yes,74,6,filler,none,59,correct
Yes,Yes,74,6,filler,none,59,correct
Yes,Yes,75,6,filler,none,59,correct
Yes,Yes,75,6,filler,none,59,correct
Yes,Yes,75,6,filler,none,59,correct
Yes,Yes,75,6,filler,none,59,correct
Yes,Yes,75,6,filler,none,59,correct
Yes,Yes,75,6,filler,none,59,correct
Yes,Yes,75,6,filler,none,59,correct
Yes,Yes,75,6,filler,none,59,correct
Yes,Yes,75,6,filler,none,59,correct
Yes,Yes,75,6,filler,none,59,correct
Yes,Yes,75,6,filler,none,59,correct
Yes,Yes,75,6,filler,none,59,correct
Yes,Yes,75,6,filler,none,59,correct
Yes,Yes,77,6,filler,none,59,correct
Yes,Yes,77,6,filler,none,59,correct
Yes,Yes,77,6,filler,none,59,correct
Yes,Yes,77,6,filler,none,59,correct
Yes,Yes,77,6,filler,none,59,correct
Yes,Yes,77,6,filler,none,59,correct
Yes,Yes,77,6,filler,none,59,correct
Yes,Yes,77,6,filler,none,59,correct
Yes,Yes,77,6,filler,none,59,correct
Yes,Yes,77,6,filler,none,59,correct
Yes,Yes,77,6,filler,none,59,correct
Yes,Yes,77,6,filler,none,59,correct
Yes,Yes,77,6,filler,none,59,correct
No,No,78,6,filler,none,59,correct
No,No,78,6,filler,none,59,correct
No,No,78,6,filler,none,59,correct
No,No,78,6,filler,none,59,correct
No,No,78,6,filler,none,59,correct
No,No,78,6,filler,none,59,correct
No,No,78,6,filler,none,59,correct
No,No,78,6,filler,none,59,correct
No,No,78,6,filler,none,59,correct
No,No,78,6,filler,none,59,correct
No,No,78,6,filler,none,59,correct
No,No,78,6,filler,none,59,correct
No,No,78,6,filler,none,59,correct
No,No,80,6,filler,none,59,correct
No,No,80,6,filler,none,59,correct
No,No,80,6,filler,none,59,correct
No,No,80,6,filler,none,59,correct
No,No,80,6,filler,none,59,correct
No,No,80,6,filler,none,59,correct
No,No,80,6,filler,none,59,correct
No,No,80,6,filler,none,59,correct
No,No,80,6,filler,none,59,correct
No,No,80,6,filler,none,59,correct
No,No,80,6,filler,none,59,correct
No,No,80,6,filler,none,59,correct
No,No,80,6,filler,none,59,correct
No,No,82,6,filler,none,59,correct
No,No,82,6,filler,none,59,correct
No,No,82,6,filler,none,59,correct
No,No,82,6,filler,none,59,correct
No,No,82,6,filler,none,59,correct
No,No,82,6,filler,none,59,correct
No,No,82,6,filler,none,59,correct
No,No,82,6,filler,none,59,correct
No,No,82,6,filler,none,59,correct
No,No,82,6,filler,none,59,correct
No,No,82,6,filler,none,59,correct
No,No,82,6,filler,none,59,correct
No,No,82,6,filler,none,59,correct
No,No,84,6,filler,none,59,correct
No,No,84,6,filler,none,59,correct
No,No,84,6,filler,none,59,correct
No,No,84,6,filler,none,59,correct
No,No,84,6,filler,none,59,correct
No,No,84,6,filler,none,59,correct
No,No,84,6,filler,none,59,correct
No,No,84,6,filler,none,59,correct
No,No,84,6,filler,none,59,correct
No,No,84,6,filler,none,59,correct
No,No,84,6,filler,none,59,correct
No,No,84,6,filler,none,59,correct
No,No,84,6,filler,none,59,correct
No,No,87,6,filler,none,59,correct
No,No,87,6,filler,none,59,correct
No,No,87,6,filler,none,59,correct
No,No,87,6,filler,none,59,correct
No,No,87,6,filler,none,59,correct
No,No,87,6,filler,none,59,correct
No,No,87,6,filler,none,59,correct
No,No,87,6,filler,none,59,correct
No,No,87,6,filler,none,59,correct
No,No,87,6,filler,none,59,correct
No,No,87,6,filler,none,59,correct
No,No,87,6,filler,none,59,correct
No,No,87,6,filler,none,59,correct
No,No,89,6,filler,none,59,correct
No,No,89,6,filler,none,59,correct
No,No,89,6,filler,none,59,correct
No,No,89,6,filler,none,59,correct
No,No,89,6,filler,none,59,correct
No,No,89,6,filler,none,59,correct
No,No,89,6,filler,none,59,correct
No,No,89,6,filler,none,59,correct
No,No,89,6,filler,none,59,correct
No,No,89,6,filler,none,59,correct
No,No,89,6,filler,none,59,correct
No,No,89,6,filler,none,59,correct
No,No,89,6,filler,none,59,correct
Yes,Yes,1,1,move,CP,60,correct
Yes,Yes,1,1,move,CP,60,correct
Yes,Yes,1,1,move,CP,60,correct
Yes,Yes,1,1,move,CP,60,correct
Yes,Yes,1,1,move,CP,60,correct
Yes,Yes,2,1,nomove,DP,60,correct
Yes,Yes,2,1,nomove,DP,60,correct
Yes,Yes,2,1,nomove,DP,60,correct
Yes,Yes,2,1,nomove,DP,60,correct
Yes,Yes,2,1,nomove,DP,60,correct
No,No,5,1,move,DP,60,correct
No,No,5,1,move,DP,60,correct
No,No,5,1,move,DP,60,correct
No,No,5,1,move,DP,60,correct
No,No,5,1,move,DP,60,correct
Yes,Yes,6,1,move,unacc,60,correct
Yes,Yes,6,1,move,unacc,60,correct
Yes,Yes,6,1,move,unacc,60,correct
Yes,Yes,6,1,move,unacc,60,correct
Yes,Yes,6,1,move,unacc,60,correct
Yes,Yes,7,1,move,CP,60,correct
Yes,Yes,7,1,move,CP,60,correct
Yes,Yes,7,1,move,CP,60,correct
Yes,Yes,7,1,move,CP,60,correct
Yes,Yes,7,1,move,CP,60,correct
Yes,Yes,11,1,move,DP,60,correct
Yes,Yes,11,1,move,DP,60,correct
Yes,Yes,11,1,move,DP,60,correct
Yes,Yes,11,1,move,DP,60,correct
Yes,Yes,11,1,move,DP,60,correct
No,Yes,13,1,move,CP,60,incorrect
No,Yes,13,1,move,CP,60,incorrect
No,Yes,13,1,move,CP,60,incorrect
No,Yes,13,1,move,CP,60,incorrect
No,Yes,13,1,move,CP,60,incorrect
Yes,Yes,14,1,nomove,DP,60,correct
Yes,Yes,14,1,nomove,DP,60,correct
Yes,Yes,14,1,nomove,DP,60,correct
Yes,Yes,14,1,nomove,DP,60,correct
Yes,Yes,14,1,nomove,DP,60,correct
Yes,Yes,17,1,nomove,CP,60,correct
Yes,Yes,17,1,nomove,CP,60,correct
Yes,Yes,17,1,nomove,CP,60,correct
Yes,Yes,17,1,nomove,CP,60,correct
Yes,Yes,17,1,nomove,CP,60,correct
Yes,Yes,19,1,move,CP,60,correct
Yes,Yes,19,1,move,CP,60,correct
Yes,Yes,19,1,move,CP,60,correct
Yes,Yes,19,1,move,CP,60,correct
Yes,Yes,19,1,move,CP,60,correct
Yes,Yes,21,1,nomove,unacc,60,correct
Yes,Yes,21,1,nomove,unacc,60,correct
Yes,Yes,21,1,nomove,unacc,60,correct
Yes,Yes,21,1,nomove,unacc,60,correct
Yes,Yes,21,1,nomove,unacc,60,correct
No,Yes,22,1,nomove,CP,60,incorrect
No,Yes,22,1,nomove,CP,60,incorrect
No,Yes,22,1,nomove,CP,60,incorrect
No,Yes,22,1,nomove,CP,60,incorrect
No,Yes,22,1,nomove,CP,60,incorrect
Yes,Yes,30,1,move,unacc,60,correct
Yes,Yes,30,1,move,unacc,60,correct
Yes,Yes,30,1,move,unacc,60,correct
Yes,Yes,30,1,move,unacc,60,correct
Yes,Yes,30,1,move,unacc,60,correct
Yes,Yes,32,1,nomove,DP,60,correct
Yes,Yes,32,1,nomove,DP,60,correct
Yes,Yes,32,1,nomove,DP,60,correct
Yes,Yes,32,1,nomove,DP,60,correct
Yes,Yes,32,1,nomove,DP,60,correct
No,No,33,1,nomove,unacc,60,correct
No,No,33,1,nomove,unacc,60,correct
No,No,33,1,nomove,unacc,60,correct
No,No,33,1,nomove,unacc,60,correct
No,No,33,1,nomove,unacc,60,correct
Yes,Yes,35,1,move,DP,60,correct
Yes,Yes,35,1,move,DP,60,correct
Yes,Yes,35,1,move,DP,60,correct
Yes,Yes,35,1,move,DP,60,correct
Yes,Yes,35,1,move,DP,60,correct
No,No,37,1,filler,none,60,correct
No,No,37,1,filler,none,60,correct
No,No,37,1,filler,none,60,correct
No,No,37,1,filler,none,60,correct
No,No,37,1,filler,none,60,correct
No,No,37,1,filler,none,60,correct
No,No,37,1,filler,none,60,correct
No,No,37,1,filler,none,60,correct
No,No,37,1,filler,none,60,correct
No,No,37,1,filler,none,60,correct
No,No,37,1,filler,none,60,correct
No,No,39,1,filler,none,60,correct
No,No,39,1,filler,none,60,correct
No,No,39,1,filler,none,60,correct
No,No,39,1,filler,none,60,correct
No,No,39,1,filler,none,60,correct
No,No,39,1,filler,none,60,correct
No,No,39,1,filler,none,60,correct
No,No,39,1,filler,none,60,correct
No,No,39,1,filler,none,60,correct
No,No,39,1,filler,none,60,correct
No,No,39,1,filler,none,60,correct
Yes,Yes,43,1,filler,none,60,correct
Yes,Yes,43,1,filler,none,60,correct
Yes,Yes,43,1,filler,none,60,correct
Yes,Yes,43,1,filler,none,60,correct
Yes,Yes,43,1,filler,none,60,correct
Yes,Yes,43,1,filler,none,60,correct
Yes,Yes,43,1,filler,none,60,correct
Yes,Yes,43,1,filler,none,60,correct
Yes,Yes,43,1,filler,none,60,correct
Yes,Yes,43,1,filler,none,60,correct
Yes,Yes,43,1,filler,none,60,correct
No,No,44,1,filler,none,60,correct
No,No,44,1,filler,none,60,correct
No,No,44,1,filler,none,60,correct
No,No,44,1,filler,none,60,correct
No,No,44,1,filler,none,60,correct
No,No,44,1,filler,none,60,correct
No,No,44,1,filler,none,60,correct
No,No,44,1,filler,none,60,correct
No,No,44,1,filler,none,60,correct
No,No,44,1,filler,none,60,correct
No,No,44,1,filler,none,60,correct
No,No,46,1,filler,none,60,correct
No,No,46,1,filler,none,60,correct
No,No,46,1,filler,none,60,correct
No,No,46,1,filler,none,60,correct
No,No,46,1,filler,none,60,correct
No,No,46,1,filler,none,60,correct
No,No,46,1,filler,none,60,correct
No,No,46,1,filler,none,60,correct
No,No,46,1,filler,none,60,correct
No,No,46,1,filler,none,60,correct
No,No,46,1,filler,none,60,correct
Yes,Yes,48,1,filler,none,60,correct
Yes,Yes,48,1,filler,none,60,correct
Yes,Yes,48,1,filler,none,60,correct
Yes,Yes,48,1,filler,none,60,correct
Yes,Yes,48,1,filler,none,60,correct
Yes,Yes,48,1,filler,none,60,correct
Yes,Yes,48,1,filler,none,60,correct
Yes,Yes,48,1,filler,none,60,correct
Yes,Yes,48,1,filler,none,60,correct
Yes,Yes,48,1,filler,none,60,correct
Yes,Yes,48,1,filler,none,60,correct
No,No,50,1,filler,none,60,correct
No,No,50,1,filler,none,60,correct
No,No,50,1,filler,none,60,correct
No,No,50,1,filler,none,60,correct
No,No,50,1,filler,none,60,correct
No,No,50,1,filler,none,60,correct
No,No,50,1,filler,none,60,correct
No,No,50,1,filler,none,60,correct
No,No,50,1,filler,none,60,correct
No,No,50,1,filler,none,60,correct
No,No,50,1,filler,none,60,correct
Yes,Yes,52,1,filler,none,60,correct
Yes,Yes,52,1,filler,none,60,correct
Yes,Yes,52,1,filler,none,60,correct
Yes,Yes,52,1,filler,none,60,correct
Yes,Yes,52,1,filler,none,60,correct
Yes,Yes,52,1,filler,none,60,correct
Yes,Yes,52,1,filler,none,60,correct
Yes,Yes,52,1,filler,none,60,correct
Yes,Yes,52,1,filler,none,60,correct
Yes,Yes,52,1,filler,none,60,correct
Yes,Yes,52,1,filler,none,60,correct
No,No,53,1,filler,none,60,correct
No,No,53,1,filler,none,60,correct
No,No,53,1,filler,none,60,correct
No,No,53,1,filler,none,60,correct
No,No,53,1,filler,none,60,correct
No,No,53,1,filler,none,60,correct
No,No,53,1,filler,none,60,correct
No,No,53,1,filler,none,60,correct
No,No,53,1,filler,none,60,correct
No,No,53,1,filler,none,60,correct
No,No,53,1,filler,none,60,correct
Yes,Yes,58,1,filler,none,60,correct
Yes,Yes,58,1,filler,none,60,correct
Yes,Yes,58,1,filler,none,60,correct
Yes,Yes,58,1,filler,none,60,correct
Yes,Yes,58,1,filler,none,60,correct
Yes,Yes,58,1,filler,none,60,correct
Yes,Yes,58,1,filler,none,60,correct
Yes,Yes,58,1,filler,none,60,correct
Yes,Yes,58,1,filler,none,60,correct
Yes,Yes,58,1,filler,none,60,correct
Yes,Yes,58,1,filler,none,60,correct
Yes,Yes,58,1,filler,none,60,correct
No,No,59,1,filler,none,60,correct
No,No,59,1,filler,none,60,correct
No,No,59,1,filler,none,60,correct
No,No,59,1,filler,none,60,correct
No,No,59,1,filler,none,60,correct
No,No,59,1,filler,none,60,correct
No,No,59,1,filler,none,60,correct
No,No,59,1,filler,none,60,correct
No,No,59,1,filler,none,60,correct
No,No,59,1,filler,none,60,correct
No,No,59,1,filler,none,60,correct
No,No,59,1,filler,none,60,correct
No,No,59,1,filler,none,60,correct
No,No,62,1,filler,none,60,correct
No,No,62,1,filler,none,60,correct
No,No,62,1,filler,none,60,correct
No,No,62,1,filler,none,60,correct
No,No,62,1,filler,none,60,correct
No,No,62,1,filler,none,60,correct
No,No,62,1,filler,none,60,correct
No,No,62,1,filler,none,60,correct
No,No,62,1,filler,none,60,correct
No,No,62,1,filler,none,60,correct
No,No,62,1,filler,none,60,correct
No,No,62,1,filler,none,60,correct
Yes,Yes,64,1,filler,none,60,correct
Yes,Yes,64,1,filler,none,60,correct
Yes,Yes,64,1,filler,none,60,correct
Yes,Yes,64,1,filler,none,60,correct
Yes,Yes,64,1,filler,none,60,correct
Yes,Yes,64,1,filler,none,60,correct
Yes,Yes,64,1,filler,none,60,correct
Yes,Yes,64,1,filler,none,60,correct
Yes,Yes,64,1,filler,none,60,correct
Yes,Yes,64,1,filler,none,60,correct
Yes,Yes,64,1,filler,none,60,correct
Yes,Yes,64,1,filler,none,60,correct
No,No,66,1,filler,none,60,correct
No,No,66,1,filler,none,60,correct
No,No,66,1,filler,none,60,correct
No,No,66,1,filler,none,60,correct
No,No,66,1,filler,none,60,correct
No,No,66,1,filler,none,60,correct
No,No,66,1,filler,none,60,correct
No,No,66,1,filler,none,60,correct
No,No,66,1,filler,none,60,correct
No,No,66,1,filler,none,60,correct
No,No,66,1,filler,none,60,correct
No,No,66,1,filler,none,60,correct
No,No,68,1,filler,none,60,correct
No,No,68,1,filler,none,60,correct
No,No,68,1,filler,none,60,correct
No,No,68,1,filler,none,60,correct
No,No,68,1,filler,none,60,correct
No,No,68,1,filler,none,60,correct
No,No,68,1,filler,none,60,correct
No,No,68,1,filler,none,60,correct
No,No,68,1,filler,none,60,correct
No,No,68,1,filler,none,60,correct
No,No,68,1,filler,none,60,correct
No,No,68,1,filler,none,60,correct
No,No,69,1,filler,none,60,correct
No,No,69,1,filler,none,60,correct
No,No,69,1,filler,none,60,correct
No,No,69,1,filler,none,60,correct
No,No,69,1,filler,none,60,correct
No,No,69,1,filler,none,60,correct
No,No,69,1,filler,none,60,correct
No,No,69,1,filler,none,60,correct
No,No,69,1,filler,none,60,correct
No,No,69,1,filler,none,60,correct
No,No,69,1,filler,none,60,correct
No,No,69,1,filler,none,60,correct
Yes,Yes,72,1,filler,none,60,correct
Yes,Yes,72,1,filler,none,60,correct
Yes,Yes,72,1,filler,none,60,correct
Yes,Yes,72,1,filler,none,60,correct
Yes,Yes,72,1,filler,none,60,correct
Yes,Yes,72,1,filler,none,60,correct
Yes,Yes,72,1,filler,none,60,correct
Yes,Yes,72,1,filler,none,60,correct
Yes,Yes,72,1,filler,none,60,correct
Yes,Yes,72,1,filler,none,60,correct
Yes,Yes,72,1,filler,none,60,correct
Yes,Yes,72,1,filler,none,60,correct
No,No,73,1,filler,none,60,correct
No,No,73,1,filler,none,60,correct
No,No,73,1,filler,none,60,correct
No,No,73,1,filler,none,60,correct
No,No,73,1,filler,none,60,correct
No,No,73,1,filler,none,60,correct
No,No,73,1,filler,none,60,correct
No,No,73,1,filler,none,60,correct
No,No,73,1,filler,none,60,correct
No,No,73,1,filler,none,60,correct
No,No,73,1,filler,none,60,correct
No,No,73,1,filler,none,60,correct
No,No,73,1,filler,none,60,correct
Yes,Yes,74,1,filler,none,60,correct
Yes,Yes,74,1,filler,none,60,correct
Yes,Yes,74,1,filler,none,60,correct
Yes,Yes,74,1,filler,none,60,correct
Yes,Yes,74,1,filler,none,60,correct
Yes,Yes,74,1,filler,none,60,correct
Yes,Yes,74,1,filler,none,60,correct
Yes,Yes,74,1,filler,none,60,correct
Yes,Yes,74,1,filler,none,60,correct
Yes,Yes,74,1,filler,none,60,correct
Yes,Yes,74,1,filler,none,60,correct
Yes,Yes,74,1,filler,none,60,correct
Yes,Yes,74,1,filler,none,60,correct
Yes,Yes,75,1,filler,none,60,correct
Yes,Yes,75,1,filler,none,60,correct
Yes,Yes,75,1,filler,none,60,correct
Yes,Yes,75,1,filler,none,60,correct
Yes,Yes,75,1,filler,none,60,correct
Yes,Yes,75,1,filler,none,60,correct
Yes,Yes,75,1,filler,none,60,correct
Yes,Yes,75,1,filler,none,60,correct
Yes,Yes,75,1,filler,none,60,correct
Yes,Yes,75,1,filler,none,60,correct
Yes,Yes,75,1,filler,none,60,correct
Yes,Yes,75,1,filler,none,60,correct
Yes,Yes,75,1,filler,none,60,correct
Yes,Yes,77,1,filler,none,60,correct
Yes,Yes,77,1,filler,none,60,correct
Yes,Yes,77,1,filler,none,60,correct
Yes,Yes,77,1,filler,none,60,correct
Yes,Yes,77,1,filler,none,60,correct
Yes,Yes,77,1,filler,none,60,correct
Yes,Yes,77,1,filler,none,60,correct
Yes,Yes,77,1,filler,none,60,correct
Yes,Yes,77,1,filler,none,60,correct
Yes,Yes,77,1,filler,none,60,correct
Yes,Yes,77,1,filler,none,60,correct
Yes,Yes,77,1,filler,none,60,correct
Yes,Yes,77,1,filler,none,60,correct
No,No,78,1,filler,none,60,correct
No,No,78,1,filler,none,60,correct
No,No,78,1,filler,none,60,correct
No,No,78,1,filler,none,60,correct
No,No,78,1,filler,none,60,correct
No,No,78,1,filler,none,60,correct
No,No,78,1,filler,none,60,correct
No,No,78,1,filler,none,60,correct
No,No,78,1,filler,none,60,correct
No,No,78,1,filler,none,60,correct
No,No,78,1,filler,none,60,correct
No,No,78,1,filler,none,60,correct
No,No,78,1,filler,none,60,correct
No,No,80,1,filler,none,60,correct
No,No,80,1,filler,none,60,correct
No,No,80,1,filler,none,60,correct
No,No,80,1,filler,none,60,correct
No,No,80,1,filler,none,60,correct
No,No,80,1,filler,none,60,correct
No,No,80,1,filler,none,60,correct
No,No,80,1,filler,none,60,correct
No,No,80,1,filler,none,60,correct
No,No,80,1,filler,none,60,correct
No,No,80,1,filler,none,60,correct
No,No,80,1,filler,none,60,correct
No,No,80,1,filler,none,60,correct
No,No,82,1,filler,none,60,correct
No,No,82,1,filler,none,60,correct
No,No,82,1,filler,none,60,correct
No,No,82,1,filler,none,60,correct
No,No,82,1,filler,none,60,correct
No,No,82,1,filler,none,60,correct
No,No,82,1,filler,none,60,correct
No,No,82,1,filler,none,60,correct
No,No,82,1,filler,none,60,correct
No,No,82,1,filler,none,60,correct
No,No,82,1,filler,none,60,correct
No,No,82,1,filler,none,60,correct
No,No,82,1,filler,none,60,correct
No,No,84,1,filler,none,60,correct
No,No,84,1,filler,none,60,correct
No,No,84,1,filler,none,60,correct
No,No,84,1,filler,none,60,correct
No,No,84,1,filler,none,60,correct
No,No,84,1,filler,none,60,correct
No,No,84,1,filler,none,60,correct
No,No,84,1,filler,none,60,correct
No,No,84,1,filler,none,60,correct
No,No,84,1,filler,none,60,correct
No,No,84,1,filler,none,60,correct
No,No,84,1,filler,none,60,correct
No,No,84,1,filler,none,60,correct
No,No,87,1,filler,none,60,correct
No,No,87,1,filler,none,60,correct
No,No,87,1,filler,none,60,correct
No,No,87,1,filler,none,60,correct
No,No,87,1,filler,none,60,correct
No,No,87,1,filler,none,60,correct
No,No,87,1,filler,none,60,correct
No,No,87,1,filler,none,60,correct
No,No,87,1,filler,none,60,correct
No,No,87,1,filler,none,60,correct
No,No,87,1,filler,none,60,correct
No,No,87,1,filler,none,60,correct
No,No,87,1,filler,none,60,correct
Yes,Yes,1,2,move,unacc,61,correct
Yes,Yes,1,2,move,unacc,61,correct
Yes,Yes,1,2,move,unacc,61,correct
Yes,Yes,1,2,move,unacc,61,correct
Yes,Yes,1,2,move,unacc,61,correct
Yes,Yes,2,2,move,CP,61,correct
Yes,Yes,2,2,move,CP,61,correct
Yes,Yes,2,2,move,CP,61,correct
Yes,Yes,2,2,move,CP,61,correct
Yes,Yes,2,2,move,CP,61,correct
No,No,5,2,nomove,CP,61,correct
No,No,5,2,nomove,CP,61,correct
No,No,5,2,nomove,CP,61,correct
No,No,5,2,nomove,CP,61,correct
No,No,5,2,nomove,CP,61,correct
No,Yes,6,2,move,DP,61,incorrect
No,Yes,6,2,move,DP,61,incorrect
No,Yes,6,2,move,DP,61,incorrect
No,Yes,6,2,move,DP,61,incorrect
No,Yes,6,2,move,DP,61,incorrect
No,Yes,7,2,move,unacc,61,incorrect
No,Yes,7,2,move,unacc,61,incorrect
No,Yes,7,2,move,unacc,61,incorrect
No,Yes,7,2,move,unacc,61,incorrect
No,Yes,7,2,move,unacc,61,incorrect
Yes,Yes,11,2,nomove,CP,61,correct
Yes,Yes,11,2,nomove,CP,61,correct
Yes,Yes,11,2,nomove,CP,61,correct
Yes,Yes,11,2,nomove,CP,61,correct
Yes,Yes,11,2,nomove,CP,61,correct
Yes,Yes,13,2,move,unacc,61,correct
Yes,Yes,13,2,move,unacc,61,correct
Yes,Yes,13,2,move,unacc,61,correct
Yes,Yes,13,2,move,unacc,61,correct
Yes,Yes,13,2,move,unacc,61,correct
Yes,Yes,14,2,move,CP,61,correct
Yes,Yes,14,2,move,CP,61,correct
Yes,Yes,14,2,move,CP,61,correct
Yes,Yes,14,2,move,CP,61,correct
Yes,Yes,14,2,move,CP,61,correct
Yes,Yes,17,2,nomove,unacc,61,correct
Yes,Yes,17,2,nomove,unacc,61,correct
Yes,Yes,17,2,nomove,unacc,61,correct
Yes,Yes,17,2,nomove,unacc,61,correct
Yes,Yes,17,2,nomove,unacc,61,correct
Yes,Yes,19,2,move,unacc,61,correct
Yes,Yes,19,2,move,unacc,61,correct
Yes,Yes,19,2,move,unacc,61,correct
Yes,Yes,19,2,move,unacc,61,correct
Yes,Yes,19,2,move,unacc,61,correct
Yes,Yes,21,2,nomove,DP,61,correct
Yes,Yes,21,2,nomove,DP,61,correct
Yes,Yes,21,2,nomove,DP,61,correct
Yes,Yes,21,2,nomove,DP,61,correct
Yes,Yes,21,2,nomove,DP,61,correct
Yes,Yes,22,2,nomove,unacc,61,correct
Yes,Yes,22,2,nomove,unacc,61,correct
Yes,Yes,22,2,nomove,unacc,61,correct
Yes,Yes,22,2,nomove,unacc,61,correct
Yes,Yes,22,2,nomove,unacc,61,correct
No,No,25,2,move,unacc,61,correct
No,No,25,2,move,unacc,61,correct
No,No,25,2,move,unacc,61,correct
No,No,25,2,move,unacc,61,correct
No,No,25,2,move,unacc,61,correct
Yes,Yes,30,2,move,DP,61,correct
Yes,Yes,30,2,move,DP,61,correct
Yes,Yes,30,2,move,DP,61,correct
Yes,Yes,30,2,move,DP,61,correct
Yes,Yes,30,2,move,DP,61,correct
No,No,31,2,move,unacc,61,correct
No,No,31,2,move,unacc,61,correct
No,No,31,2,move,unacc,61,correct
No,No,31,2,move,unacc,61,correct
No,No,31,2,move,unacc,61,correct
Yes,Yes,32,2,move,CP,61,correct
Yes,Yes,32,2,move,CP,61,correct
Yes,Yes,32,2,move,CP,61,correct
Yes,Yes,32,2,move,CP,61,correct
Yes,Yes,32,2,move,CP,61,correct
No,No,33,2,nomove,DP,61,correct
No,No,33,2,nomove,DP,61,correct
No,No,33,2,nomove,DP,61,correct
No,No,33,2,nomove,DP,61,correct
No,No,33,2,nomove,DP,61,correct
Yes,Yes,35,2,nomove,CP,61,correct
Yes,Yes,35,2,nomove,CP,61,correct
Yes,Yes,35,2,nomove,CP,61,correct
Yes,Yes,35,2,nomove,CP,61,correct
Yes,Yes,35,2,nomove,CP,61,correct
No,No,37,2,filler,none,61,correct
No,No,37,2,filler,none,61,correct
No,No,37,2,filler,none,61,correct
No,No,37,2,filler,none,61,correct
No,No,37,2,filler,none,61,correct
No,No,37,2,filler,none,61,correct
No,No,37,2,filler,none,61,correct
No,No,37,2,filler,none,61,correct
No,No,37,2,filler,none,61,correct
No,No,37,2,filler,none,61,correct
No,No,37,2,filler,none,61,correct
No,No,38,2,filler,none,61,correct
No,No,38,2,filler,none,61,correct
No,No,38,2,filler,none,61,correct
No,No,38,2,filler,none,61,correct
No,No,38,2,filler,none,61,correct
No,No,38,2,filler,none,61,correct
No,No,38,2,filler,none,61,correct
No,No,38,2,filler,none,61,correct
No,No,38,2,filler,none,61,correct
No,No,38,2,filler,none,61,correct
No,No,38,2,filler,none,61,correct
No,No,39,2,filler,none,61,correct
No,No,39,2,filler,none,61,correct
No,No,39,2,filler,none,61,correct
No,No,39,2,filler,none,61,correct
No,No,39,2,filler,none,61,correct
No,No,39,2,filler,none,61,correct
No,No,39,2,filler,none,61,correct
No,No,39,2,filler,none,61,correct
No,No,39,2,filler,none,61,correct
No,No,39,2,filler,none,61,correct
No,No,39,2,filler,none,61,correct
No,Yes,43,2,filler,none,61,incorrect
No,Yes,43,2,filler,none,61,incorrect
No,Yes,43,2,filler,none,61,incorrect
No,Yes,43,2,filler,none,61,incorrect
No,Yes,43,2,filler,none,61,incorrect
No,Yes,43,2,filler,none,61,incorrect
No,Yes,43,2,filler,none,61,incorrect
No,Yes,43,2,filler,none,61,incorrect
No,Yes,43,2,filler,none,61,incorrect
No,Yes,43,2,filler,none,61,incorrect
No,Yes,43,2,filler,none,61,incorrect
No,No,44,2,filler,none,61,correct
No,No,44,2,filler,none,61,correct
No,No,44,2,filler,none,61,correct
No,No,44,2,filler,none,61,correct
No,No,44,2,filler,none,61,correct
No,No,44,2,filler,none,61,correct
No,No,44,2,filler,none,61,correct
No,No,44,2,filler,none,61,correct
No,No,44,2,filler,none,61,correct
No,No,44,2,filler,none,61,correct
No,No,44,2,filler,none,61,correct
No,No,46,2,filler,none,61,correct
No,No,46,2,filler,none,61,correct
No,No,46,2,filler,none,61,correct
No,No,46,2,filler,none,61,correct
No,No,46,2,filler,none,61,correct
No,No,46,2,filler,none,61,correct
No,No,46,2,filler,none,61,correct
No,No,46,2,filler,none,61,correct
No,No,46,2,filler,none,61,correct
No,No,46,2,filler,none,61,correct
No,No,46,2,filler,none,61,correct
Yes,Yes,48,2,filler,none,61,correct
Yes,Yes,48,2,filler,none,61,correct
Yes,Yes,48,2,filler,none,61,correct
Yes,Yes,48,2,filler,none,61,correct
Yes,Yes,48,2,filler,none,61,correct
Yes,Yes,48,2,filler,none,61,correct
Yes,Yes,48,2,filler,none,61,correct
Yes,Yes,48,2,filler,none,61,correct
Yes,Yes,48,2,filler,none,61,correct
Yes,Yes,48,2,filler,none,61,correct
Yes,Yes,48,2,filler,none,61,correct
No,No,50,2,filler,none,61,correct
No,No,50,2,filler,none,61,correct
No,No,50,2,filler,none,61,correct
No,No,50,2,filler,none,61,correct
No,No,50,2,filler,none,61,correct
No,No,50,2,filler,none,61,correct
No,No,50,2,filler,none,61,correct
No,No,50,2,filler,none,61,correct
No,No,50,2,filler,none,61,correct
No,No,50,2,filler,none,61,correct
No,No,50,2,filler,none,61,correct
Yes,Yes,52,2,filler,none,61,correct
Yes,Yes,52,2,filler,none,61,correct
Yes,Yes,52,2,filler,none,61,correct
Yes,Yes,52,2,filler,none,61,correct
Yes,Yes,52,2,filler,none,61,correct
Yes,Yes,52,2,filler,none,61,correct
Yes,Yes,52,2,filler,none,61,correct
Yes,Yes,52,2,filler,none,61,correct
Yes,Yes,52,2,filler,none,61,correct
Yes,Yes,52,2,filler,none,61,correct
Yes,Yes,52,2,filler,none,61,correct
No,No,53,2,filler,none,61,correct
No,No,53,2,filler,none,61,correct
No,No,53,2,filler,none,61,correct
No,No,53,2,filler,none,61,correct
No,No,53,2,filler,none,61,correct
No,No,53,2,filler,none,61,correct
No,No,53,2,filler,none,61,correct
No,No,53,2,filler,none,61,correct
No,No,53,2,filler,none,61,correct
No,No,53,2,filler,none,61,correct
No,No,53,2,filler,none,61,correct
Yes,Yes,58,2,filler,none,61,correct
Yes,Yes,58,2,filler,none,61,correct
Yes,Yes,58,2,filler,none,61,correct
Yes,Yes,58,2,filler,none,61,correct
Yes,Yes,58,2,filler,none,61,correct
Yes,Yes,58,2,filler,none,61,correct
Yes,Yes,58,2,filler,none,61,correct
Yes,Yes,58,2,filler,none,61,correct
Yes,Yes,58,2,filler,none,61,correct
Yes,Yes,58,2,filler,none,61,correct
Yes,Yes,58,2,filler,none,61,correct
Yes,Yes,58,2,filler,none,61,correct
No,No,59,2,filler,none,61,correct
No,No,59,2,filler,none,61,correct
No,No,59,2,filler,none,61,correct
No,No,59,2,filler,none,61,correct
No,No,59,2,filler,none,61,correct
No,No,59,2,filler,none,61,correct
No,No,59,2,filler,none,61,correct
No,No,59,2,filler,none,61,correct
No,No,59,2,filler,none,61,correct
No,No,59,2,filler,none,61,correct
No,No,59,2,filler,none,61,correct
No,No,59,2,filler,none,61,correct
No,No,59,2,filler,none,61,correct
No,No,62,2,filler,none,61,correct
No,No,62,2,filler,none,61,correct
No,No,62,2,filler,none,61,correct
No,No,62,2,filler,none,61,correct
No,No,62,2,filler,none,61,correct
No,No,62,2,filler,none,61,correct
No,No,62,2,filler,none,61,correct
No,No,62,2,filler,none,61,correct
No,No,62,2,filler,none,61,correct
No,No,62,2,filler,none,61,correct
No,No,62,2,filler,none,61,correct
No,No,62,2,filler,none,61,correct
Yes,Yes,64,2,filler,none,61,correct
Yes,Yes,64,2,filler,none,61,correct
Yes,Yes,64,2,filler,none,61,correct
Yes,Yes,64,2,filler,none,61,correct
Yes,Yes,64,2,filler,none,61,correct
Yes,Yes,64,2,filler,none,61,correct
Yes,Yes,64,2,filler,none,61,correct
Yes,Yes,64,2,filler,none,61,correct
Yes,Yes,64,2,filler,none,61,correct
Yes,Yes,64,2,filler,none,61,correct
Yes,Yes,64,2,filler,none,61,correct
Yes,Yes,64,2,filler,none,61,correct
No,No,66,2,filler,none,61,correct
No,No,66,2,filler,none,61,correct
No,No,66,2,filler,none,61,correct
No,No,66,2,filler,none,61,correct
No,No,66,2,filler,none,61,correct
No,No,66,2,filler,none,61,correct
No,No,66,2,filler,none,61,correct
No,No,66,2,filler,none,61,correct
No,No,66,2,filler,none,61,correct
No,No,66,2,filler,none,61,correct
No,No,66,2,filler,none,61,correct
No,No,66,2,filler,none,61,correct
No,No,68,2,filler,none,61,correct
No,No,68,2,filler,none,61,correct
No,No,68,2,filler,none,61,correct
No,No,68,2,filler,none,61,correct
No,No,68,2,filler,none,61,correct
No,No,68,2,filler,none,61,correct
No,No,68,2,filler,none,61,correct
No,No,68,2,filler,none,61,correct
No,No,68,2,filler,none,61,correct
No,No,68,2,filler,none,61,correct
No,No,68,2,filler,none,61,correct
No,No,68,2,filler,none,61,correct
No,No,69,2,filler,none,61,correct
No,No,69,2,filler,none,61,correct
No,No,69,2,filler,none,61,correct
No,No,69,2,filler,none,61,correct
No,No,69,2,filler,none,61,correct
No,No,69,2,filler,none,61,correct
No,No,69,2,filler,none,61,correct
No,No,69,2,filler,none,61,correct
No,No,69,2,filler,none,61,correct
No,No,69,2,filler,none,61,correct
No,No,69,2,filler,none,61,correct
No,No,69,2,filler,none,61,correct
Yes,Yes,72,2,filler,none,61,correct
Yes,Yes,72,2,filler,none,61,correct
Yes,Yes,72,2,filler,none,61,correct
Yes,Yes,72,2,filler,none,61,correct
Yes,Yes,72,2,filler,none,61,correct
Yes,Yes,72,2,filler,none,61,correct
Yes,Yes,72,2,filler,none,61,correct
Yes,Yes,72,2,filler,none,61,correct
Yes,Yes,72,2,filler,none,61,correct
Yes,Yes,72,2,filler,none,61,correct
Yes,Yes,72,2,filler,none,61,correct
Yes,Yes,72,2,filler,none,61,correct
No,No,73,2,filler,none,61,correct
No,No,73,2,filler,none,61,correct
No,No,73,2,filler,none,61,correct
No,No,73,2,filler,none,61,correct
No,No,73,2,filler,none,61,correct
No,No,73,2,filler,none,61,correct
No,No,73,2,filler,none,61,correct
No,No,73,2,filler,none,61,correct
No,No,73,2,filler,none,61,correct
No,No,73,2,filler,none,61,correct
No,No,73,2,filler,none,61,correct
No,No,73,2,filler,none,61,correct
No,No,73,2,filler,none,61,correct
Yes,Yes,74,2,filler,none,61,correct
Yes,Yes,74,2,filler,none,61,correct
Yes,Yes,74,2,filler,none,61,correct
Yes,Yes,74,2,filler,none,61,correct
Yes,Yes,74,2,filler,none,61,correct
Yes,Yes,74,2,filler,none,61,correct
Yes,Yes,74,2,filler,none,61,correct
Yes,Yes,74,2,filler,none,61,correct
Yes,Yes,74,2,filler,none,61,correct
Yes,Yes,74,2,filler,none,61,correct
Yes,Yes,74,2,filler,none,61,correct
Yes,Yes,74,2,filler,none,61,correct
Yes,Yes,74,2,filler,none,61,correct
Yes,Yes,75,2,filler,none,61,correct
Yes,Yes,75,2,filler,none,61,correct
Yes,Yes,75,2,filler,none,61,correct
Yes,Yes,75,2,filler,none,61,correct
Yes,Yes,75,2,filler,none,61,correct
Yes,Yes,75,2,filler,none,61,correct
Yes,Yes,75,2,filler,none,61,correct
Yes,Yes,75,2,filler,none,61,correct
Yes,Yes,75,2,filler,none,61,correct
Yes,Yes,75,2,filler,none,61,correct
Yes,Yes,75,2,filler,none,61,correct
Yes,Yes,75,2,filler,none,61,correct
Yes,Yes,75,2,filler,none,61,correct
Yes,Yes,77,2,filler,none,61,correct
Yes,Yes,77,2,filler,none,61,correct
Yes,Yes,77,2,filler,none,61,correct
Yes,Yes,77,2,filler,none,61,correct
Yes,Yes,77,2,filler,none,61,correct
Yes,Yes,77,2,filler,none,61,correct
Yes,Yes,77,2,filler,none,61,correct
Yes,Yes,77,2,filler,none,61,correct
Yes,Yes,77,2,filler,none,61,correct
Yes,Yes,77,2,filler,none,61,correct
Yes,Yes,77,2,filler,none,61,correct
Yes,Yes,77,2,filler,none,61,correct
Yes,Yes,77,2,filler,none,61,correct
No,No,78,2,filler,none,61,correct
No,No,78,2,filler,none,61,correct
No,No,78,2,filler,none,61,correct
No,No,78,2,filler,none,61,correct
No,No,78,2,filler,none,61,correct
No,No,78,2,filler,none,61,correct
No,No,78,2,filler,none,61,correct
No,No,78,2,filler,none,61,correct
No,No,78,2,filler,none,61,correct
No,No,78,2,filler,none,61,correct
No,No,78,2,filler,none,61,correct
No,No,78,2,filler,none,61,correct
No,No,78,2,filler,none,61,correct
No,No,80,2,filler,none,61,correct
No,No,80,2,filler,none,61,correct
No,No,80,2,filler,none,61,correct
No,No,80,2,filler,none,61,correct
No,No,80,2,filler,none,61,correct
No,No,80,2,filler,none,61,correct
No,No,80,2,filler,none,61,correct
No,No,80,2,filler,none,61,correct
No,No,80,2,filler,none,61,correct
No,No,80,2,filler,none,61,correct
No,No,80,2,filler,none,61,correct
No,No,80,2,filler,none,61,correct
No,No,80,2,filler,none,61,correct
No,No,82,2,filler,none,61,correct
No,No,82,2,filler,none,61,correct
No,No,82,2,filler,none,61,correct
No,No,82,2,filler,none,61,correct
No,No,82,2,filler,none,61,correct
No,No,82,2,filler,none,61,correct
No,No,82,2,filler,none,61,correct
No,No,82,2,filler,none,61,correct
No,No,82,2,filler,none,61,correct
No,No,82,2,filler,none,61,correct
No,No,82,2,filler,none,61,correct
No,No,82,2,filler,none,61,correct
No,No,82,2,filler,none,61,correct
No,No,84,2,filler,none,61,correct
No,No,84,2,filler,none,61,correct
No,No,84,2,filler,none,61,correct
No,No,84,2,filler,none,61,correct
No,No,84,2,filler,none,61,correct
No,No,84,2,filler,none,61,correct
No,No,84,2,filler,none,61,correct
No,No,84,2,filler,none,61,correct
No,No,84,2,filler,none,61,correct
No,No,84,2,filler,none,61,correct
No,No,84,2,filler,none,61,correct
No,No,84,2,filler,none,61,correct
No,No,84,2,filler,none,61,correct
No,No,87,2,filler,none,61,correct
No,No,87,2,filler,none,61,correct
No,No,87,2,filler,none,61,correct
No,No,87,2,filler,none,61,correct
No,No,87,2,filler,none,61,correct
No,No,87,2,filler,none,61,correct
No,No,87,2,filler,none,61,correct
No,No,87,2,filler,none,61,correct
No,No,87,2,filler,none,61,correct
No,No,87,2,filler,none,61,correct
No,No,87,2,filler,none,61,correct
No,No,87,2,filler,none,61,correct
No,No,87,2,filler,none,61,correct
No,No,89,2,filler,none,61,correct
No,No,89,2,filler,none,61,correct
No,No,89,2,filler,none,61,correct
No,No,89,2,filler,none,61,correct
No,No,89,2,filler,none,61,correct
No,No,89,2,filler,none,61,correct
No,No,89,2,filler,none,61,correct
No,No,89,2,filler,none,61,correct
No,No,89,2,filler,none,61,correct
No,No,89,2,filler,none,61,correct
No,No,89,2,filler,none,61,correct
No,No,89,2,filler,none,61,correct
No,No,89,2,filler,none,61,correct
No,Yes,1,3,move,DP,62,incorrect
No,Yes,1,3,move,DP,62,incorrect
No,Yes,1,3,move,DP,62,incorrect
No,Yes,1,3,move,DP,62,incorrect
No,Yes,1,3,move,DP,62,incorrect
Yes,Yes,2,3,move,unacc,62,correct
Yes,Yes,2,3,move,unacc,62,correct
Yes,Yes,2,3,move,unacc,62,correct
Yes,Yes,2,3,move,unacc,62,correct
Yes,Yes,2,3,move,unacc,62,correct
No,No,5,3,nomove,unacc,62,correct
No,No,5,3,nomove,unacc,62,correct
No,No,5,3,nomove,unacc,62,correct
No,No,5,3,nomove,unacc,62,correct
No,No,5,3,nomove,unacc,62,correct
Yes,Yes,6,3,nomove,CP,62,correct
Yes,Yes,6,3,nomove,CP,62,correct
Yes,Yes,6,3,nomove,CP,62,correct
Yes,Yes,6,3,nomove,CP,62,correct
Yes,Yes,6,3,nomove,CP,62,correct
Yes,Yes,7,3,move,DP,62,correct
Yes,Yes,7,3,move,DP,62,correct
Yes,Yes,7,3,move,DP,62,correct
Yes,Yes,7,3,move,DP,62,correct
Yes,Yes,7,3,move,DP,62,correct
Yes,Yes,11,3,nomove,unacc,62,correct
Yes,Yes,11,3,nomove,unacc,62,correct
Yes,Yes,11,3,nomove,unacc,62,correct
Yes,Yes,11,3,nomove,unacc,62,correct
Yes,Yes,11,3,nomove,unacc,62,correct
Yes,Yes,13,3,move,DP,62,correct
Yes,Yes,13,3,move,DP,62,correct
Yes,Yes,13,3,move,DP,62,correct
Yes,Yes,13,3,move,DP,62,correct
Yes,Yes,13,3,move,DP,62,correct
Yes,Yes,14,3,move,unacc,62,correct
Yes,Yes,14,3,move,unacc,62,correct
Yes,Yes,14,3,move,unacc,62,correct
Yes,Yes,14,3,move,unacc,62,correct
Yes,Yes,14,3,move,unacc,62,correct
Yes,Yes,17,3,nomove,DP,62,correct
Yes,Yes,17,3,nomove,DP,62,correct
Yes,Yes,17,3,nomove,DP,62,correct
Yes,Yes,17,3,nomove,DP,62,correct
Yes,Yes,17,3,nomove,DP,62,correct
Yes,Yes,19,3,move,DP,62,correct
Yes,Yes,19,3,move,DP,62,correct
Yes,Yes,19,3,move,DP,62,correct
Yes,Yes,19,3,move,DP,62,correct
Yes,Yes,19,3,move,DP,62,correct
Yes,Yes,21,3,move,CP,62,correct
Yes,Yes,21,3,move,CP,62,correct
Yes,Yes,21,3,move,CP,62,correct
Yes,Yes,21,3,move,CP,62,correct
Yes,Yes,21,3,move,CP,62,correct
No,Yes,22,3,nomove,DP,62,incorrect
No,Yes,22,3,nomove,DP,62,incorrect
No,Yes,22,3,nomove,DP,62,incorrect
No,Yes,22,3,nomove,DP,62,incorrect
No,Yes,22,3,nomove,DP,62,incorrect
No,No,25,3,move,DP,62,correct
No,No,25,3,move,DP,62,correct
No,No,25,3,move,DP,62,correct
No,No,25,3,move,DP,62,correct
No,No,25,3,move,DP,62,correct
No,Yes,30,3,nomove,CP,62,incorrect
No,Yes,30,3,nomove,CP,62,incorrect
No,Yes,30,3,nomove,CP,62,incorrect
No,Yes,30,3,nomove,CP,62,incorrect
No,Yes,30,3,nomove,CP,62,incorrect
No,No,31,3,move,DP,62,correct
No,No,31,3,move,DP,62,correct
No,No,31,3,move,DP,62,correct
No,No,31,3,move,DP,62,correct
No,No,31,3,move,DP,62,correct
Yes,Yes,32,3,move,unacc,62,correct
Yes,Yes,32,3,move,unacc,62,correct
Yes,Yes,32,3,move,unacc,62,correct
Yes,Yes,32,3,move,unacc,62,correct
Yes,Yes,32,3,move,unacc,62,correct
No,No,33,3,move,CP,62,correct
No,No,33,3,move,CP,62,correct
No,No,33,3,move,CP,62,correct
No,No,33,3,move,CP,62,correct
No,No,33,3,move,CP,62,correct
Yes,Yes,35,3,nomove,unacc,62,correct
Yes,Yes,35,3,nomove,unacc,62,correct
Yes,Yes,35,3,nomove,unacc,62,correct
Yes,Yes,35,3,nomove,unacc,62,correct
Yes,Yes,35,3,nomove,unacc,62,correct
No,No,37,3,filler,none,62,correct
No,No,37,3,filler,none,62,correct
No,No,37,3,filler,none,62,correct
No,No,37,3,filler,none,62,correct
No,No,37,3,filler,none,62,correct
No,No,37,3,filler,none,62,correct
No,No,37,3,filler,none,62,correct
No,No,37,3,filler,none,62,correct
No,No,37,3,filler,none,62,correct
No,No,37,3,filler,none,62,correct
No,No,37,3,filler,none,62,correct
No,No,38,3,filler,none,62,correct
No,No,38,3,filler,none,62,correct
No,No,38,3,filler,none,62,correct
No,No,38,3,filler,none,62,correct
No,No,38,3,filler,none,62,correct
No,No,38,3,filler,none,62,correct
No,No,38,3,filler,none,62,correct
No,No,38,3,filler,none,62,correct
No,No,38,3,filler,none,62,correct
No,No,38,3,filler,none,62,correct
No,No,38,3,filler,none,62,correct
No,No,39,3,filler,none,62,correct
No,No,39,3,filler,none,62,correct
No,No,39,3,filler,none,62,correct
No,No,39,3,filler,none,62,correct
No,No,39,3,filler,none,62,correct
No,No,39,3,filler,none,62,correct
No,No,39,3,filler,none,62,correct
No,No,39,3,filler,none,62,correct
No,No,39,3,filler,none,62,correct
No,No,39,3,filler,none,62,correct
No,No,39,3,filler,none,62,correct
Yes,Yes,43,3,filler,none,62,correct
Yes,Yes,43,3,filler,none,62,correct
Yes,Yes,43,3,filler,none,62,correct
Yes,Yes,43,3,filler,none,62,correct
Yes,Yes,43,3,filler,none,62,correct
Yes,Yes,43,3,filler,none,62,correct
Yes,Yes,43,3,filler,none,62,correct
Yes,Yes,43,3,filler,none,62,correct
Yes,Yes,43,3,filler,none,62,correct
Yes,Yes,43,3,filler,none,62,correct
Yes,Yes,43,3,filler,none,62,correct
No,No,44,3,filler,none,62,correct
No,No,44,3,filler,none,62,correct
No,No,44,3,filler,none,62,correct
No,No,44,3,filler,none,62,correct
No,No,44,3,filler,none,62,correct
No,No,44,3,filler,none,62,correct
No,No,44,3,filler,none,62,correct
No,No,44,3,filler,none,62,correct
No,No,44,3,filler,none,62,correct
No,No,44,3,filler,none,62,correct
No,No,44,3,filler,none,62,correct
No,No,46,3,filler,none,62,correct
No,No,46,3,filler,none,62,correct
No,No,46,3,filler,none,62,correct
No,No,46,3,filler,none,62,correct
No,No,46,3,filler,none,62,correct
No,No,46,3,filler,none,62,correct
No,No,46,3,filler,none,62,correct
No,No,46,3,filler,none,62,correct
No,No,46,3,filler,none,62,correct
No,No,46,3,filler,none,62,correct
No,No,46,3,filler,none,62,correct
Yes,Yes,48,3,filler,none,62,correct
Yes,Yes,48,3,filler,none,62,correct
Yes,Yes,48,3,filler,none,62,correct
Yes,Yes,48,3,filler,none,62,correct
Yes,Yes,48,3,filler,none,62,correct
Yes,Yes,48,3,filler,none,62,correct
Yes,Yes,48,3,filler,none,62,correct
Yes,Yes,48,3,filler,none,62,correct
Yes,Yes,48,3,filler,none,62,correct
Yes,Yes,48,3,filler,none,62,correct
Yes,Yes,48,3,filler,none,62,correct
No,No,50,3,filler,none,62,correct
No,No,50,3,filler,none,62,correct
No,No,50,3,filler,none,62,correct
No,No,50,3,filler,none,62,correct
No,No,50,3,filler,none,62,correct
No,No,50,3,filler,none,62,correct
No,No,50,3,filler,none,62,correct
No,No,50,3,filler,none,62,correct
No,No,50,3,filler,none,62,correct
No,No,50,3,filler,none,62,correct
No,No,50,3,filler,none,62,correct
Yes,Yes,52,3,filler,none,62,correct
Yes,Yes,52,3,filler,none,62,correct
Yes,Yes,52,3,filler,none,62,correct
Yes,Yes,52,3,filler,none,62,correct
Yes,Yes,52,3,filler,none,62,correct
Yes,Yes,52,3,filler,none,62,correct
Yes,Yes,52,3,filler,none,62,correct
Yes,Yes,52,3,filler,none,62,correct
Yes,Yes,52,3,filler,none,62,correct
Yes,Yes,52,3,filler,none,62,correct
Yes,Yes,52,3,filler,none,62,correct
No,No,53,3,filler,none,62,correct
No,No,53,3,filler,none,62,correct
No,No,53,3,filler,none,62,correct
No,No,53,3,filler,none,62,correct
No,No,53,3,filler,none,62,correct
No,No,53,3,filler,none,62,correct
No,No,53,3,filler,none,62,correct
No,No,53,3,filler,none,62,correct
No,No,53,3,filler,none,62,correct
No,No,53,3,filler,none,62,correct
No,No,53,3,filler,none,62,correct
Yes,Yes,58,3,filler,none,62,correct
Yes,Yes,58,3,filler,none,62,correct
Yes,Yes,58,3,filler,none,62,correct
Yes,Yes,58,3,filler,none,62,correct
Yes,Yes,58,3,filler,none,62,correct
Yes,Yes,58,3,filler,none,62,correct
Yes,Yes,58,3,filler,none,62,correct
Yes,Yes,58,3,filler,none,62,correct
Yes,Yes,58,3,filler,none,62,correct
Yes,Yes,58,3,filler,none,62,correct
Yes,Yes,58,3,filler,none,62,correct
Yes,Yes,58,3,filler,none,62,correct
No,No,59,3,filler,none,62,correct
No,No,59,3,filler,none,62,correct
No,No,59,3,filler,none,62,correct
No,No,59,3,filler,none,62,correct
No,No,59,3,filler,none,62,correct
No,No,59,3,filler,none,62,correct
No,No,59,3,filler,none,62,correct
No,No,59,3,filler,none,62,correct
No,No,59,3,filler,none,62,correct
No,No,59,3,filler,none,62,correct
No,No,59,3,filler,none,62,correct
No,No,59,3,filler,none,62,correct
No,No,59,3,filler,none,62,correct
No,No,62,3,filler,none,62,correct
No,No,62,3,filler,none,62,correct
No,No,62,3,filler,none,62,correct
No,No,62,3,filler,none,62,correct
No,No,62,3,filler,none,62,correct
No,No,62,3,filler,none,62,correct
No,No,62,3,filler,none,62,correct
No,No,62,3,filler,none,62,correct
No,No,62,3,filler,none,62,correct
No,No,62,3,filler,none,62,correct
No,No,62,3,filler,none,62,correct
No,No,62,3,filler,none,62,correct
Yes,Yes,64,3,filler,none,62,correct
Yes,Yes,64,3,filler,none,62,correct
Yes,Yes,64,3,filler,none,62,correct
Yes,Yes,64,3,filler,none,62,correct
Yes,Yes,64,3,filler,none,62,correct
Yes,Yes,64,3,filler,none,62,correct
Yes,Yes,64,3,filler,none,62,correct
Yes,Yes,64,3,filler,none,62,correct
Yes,Yes,64,3,filler,none,62,correct
Yes,Yes,64,3,filler,none,62,correct
Yes,Yes,64,3,filler,none,62,correct
Yes,Yes,64,3,filler,none,62,correct
No,No,66,3,filler,none,62,correct
No,No,66,3,filler,none,62,correct
No,No,66,3,filler,none,62,correct
No,No,66,3,filler,none,62,correct
No,No,66,3,filler,none,62,correct
No,No,66,3,filler,none,62,correct
No,No,66,3,filler,none,62,correct
No,No,66,3,filler,none,62,correct
No,No,66,3,filler,none,62,correct
No,No,66,3,filler,none,62,correct
No,No,66,3,filler,none,62,correct
No,No,66,3,filler,none,62,correct
No,No,68,3,filler,none,62,correct
No,No,68,3,filler,none,62,correct
No,No,68,3,filler,none,62,correct
No,No,68,3,filler,none,62,correct
No,No,68,3,filler,none,62,correct
No,No,68,3,filler,none,62,correct
No,No,68,3,filler,none,62,correct
No,No,68,3,filler,none,62,correct
No,No,68,3,filler,none,62,correct
No,No,68,3,filler,none,62,correct
No,No,68,3,filler,none,62,correct
No,No,68,3,filler,none,62,correct
Yes,No,69,3,filler,none,62,incorrect
Yes,No,69,3,filler,none,62,incorrect
Yes,No,69,3,filler,none,62,incorrect
Yes,No,69,3,filler,none,62,incorrect
Yes,No,69,3,filler,none,62,incorrect
Yes,No,69,3,filler,none,62,incorrect
Yes,No,69,3,filler,none,62,incorrect
Yes,No,69,3,filler,none,62,incorrect
Yes,No,69,3,filler,none,62,incorrect
Yes,No,69,3,filler,none,62,incorrect
Yes,No,69,3,filler,none,62,incorrect
Yes,No,69,3,filler,none,62,incorrect
Yes,Yes,72,3,filler,none,62,correct
Yes,Yes,72,3,filler,none,62,correct
Yes,Yes,72,3,filler,none,62,correct
Yes,Yes,72,3,filler,none,62,correct
Yes,Yes,72,3,filler,none,62,correct
Yes,Yes,72,3,filler,none,62,correct
Yes,Yes,72,3,filler,none,62,correct
Yes,Yes,72,3,filler,none,62,correct
Yes,Yes,72,3,filler,none,62,correct
Yes,Yes,72,3,filler,none,62,correct
Yes,Yes,72,3,filler,none,62,correct
Yes,Yes,72,3,filler,none,62,correct
Yes,No,73,3,filler,none,62,incorrect
Yes,No,73,3,filler,none,62,incorrect
Yes,No,73,3,filler,none,62,incorrect
Yes,No,73,3,filler,none,62,incorrect
Yes,No,73,3,filler,none,62,incorrect
Yes,No,73,3,filler,none,62,incorrect
Yes,No,73,3,filler,none,62,incorrect
Yes,No,73,3,filler,none,62,incorrect
Yes,No,73,3,filler,none,62,incorrect
Yes,No,73,3,filler,none,62,incorrect
Yes,No,73,3,filler,none,62,incorrect
Yes,No,73,3,filler,none,62,incorrect
Yes,No,73,3,filler,none,62,incorrect
No,Yes,74,3,filler,none,62,incorrect
No,Yes,74,3,filler,none,62,incorrect
No,Yes,74,3,filler,none,62,incorrect
No,Yes,74,3,filler,none,62,incorrect
No,Yes,74,3,filler,none,62,incorrect
No,Yes,74,3,filler,none,62,incorrect
No,Yes,74,3,filler,none,62,incorrect
No,Yes,74,3,filler,none,62,incorrect
No,Yes,74,3,filler,none,62,incorrect
No,Yes,74,3,filler,none,62,incorrect
No,Yes,74,3,filler,none,62,incorrect
No,Yes,74,3,filler,none,62,incorrect
No,Yes,74,3,filler,none,62,incorrect
Yes,Yes,75,3,filler,none,62,correct
Yes,Yes,75,3,filler,none,62,correct
Yes,Yes,75,3,filler,none,62,correct
Yes,Yes,75,3,filler,none,62,correct
Yes,Yes,75,3,filler,none,62,correct
Yes,Yes,75,3,filler,none,62,correct
Yes,Yes,75,3,filler,none,62,correct
Yes,Yes,75,3,filler,none,62,correct
Yes,Yes,75,3,filler,none,62,correct
Yes,Yes,75,3,filler,none,62,correct
Yes,Yes,75,3,filler,none,62,correct
Yes,Yes,75,3,filler,none,62,correct
Yes,Yes,75,3,filler,none,62,correct
Yes,Yes,77,3,filler,none,62,correct
Yes,Yes,77,3,filler,none,62,correct
Yes,Yes,77,3,filler,none,62,correct
Yes,Yes,77,3,filler,none,62,correct
Yes,Yes,77,3,filler,none,62,correct
Yes,Yes,77,3,filler,none,62,correct
Yes,Yes,77,3,filler,none,62,correct
Yes,Yes,77,3,filler,none,62,correct
Yes,Yes,77,3,filler,none,62,correct
Yes,Yes,77,3,filler,none,62,correct
Yes,Yes,77,3,filler,none,62,correct
Yes,Yes,77,3,filler,none,62,correct
Yes,Yes,77,3,filler,none,62,correct
No,No,78,3,filler,none,62,correct
No,No,78,3,filler,none,62,correct
No,No,78,3,filler,none,62,correct
No,No,78,3,filler,none,62,correct
No,No,78,3,filler,none,62,correct
No,No,78,3,filler,none,62,correct
No,No,78,3,filler,none,62,correct
No,No,78,3,filler,none,62,correct
No,No,78,3,filler,none,62,correct
No,No,78,3,filler,none,62,correct
No,No,78,3,filler,none,62,correct
No,No,78,3,filler,none,62,correct
No,No,78,3,filler,none,62,correct
No,No,80,3,filler,none,62,correct
No,No,80,3,filler,none,62,correct
No,No,80,3,filler,none,62,correct
No,No,80,3,filler,none,62,correct
No,No,80,3,filler,none,62,correct
No,No,80,3,filler,none,62,correct
No,No,80,3,filler,none,62,correct
No,No,80,3,filler,none,62,correct
No,No,80,3,filler,none,62,correct
No,No,80,3,filler,none,62,correct
No,No,80,3,filler,none,62,correct
No,No,80,3,filler,none,62,correct
No,No,80,3,filler,none,62,correct
No,No,82,3,filler,none,62,correct
No,No,82,3,filler,none,62,correct
No,No,82,3,filler,none,62,correct
No,No,82,3,filler,none,62,correct
No,No,82,3,filler,none,62,correct
No,No,82,3,filler,none,62,correct
No,No,82,3,filler,none,62,correct
No,No,82,3,filler,none,62,correct
No,No,82,3,filler,none,62,correct
No,No,82,3,filler,none,62,correct
No,No,82,3,filler,none,62,correct
No,No,82,3,filler,none,62,correct
No,No,82,3,filler,none,62,correct
No,No,84,3,filler,none,62,correct
No,No,84,3,filler,none,62,correct
No,No,84,3,filler,none,62,correct
No,No,84,3,filler,none,62,correct
No,No,84,3,filler,none,62,correct
No,No,84,3,filler,none,62,correct
No,No,84,3,filler,none,62,correct
No,No,84,3,filler,none,62,correct
No,No,84,3,filler,none,62,correct
No,No,84,3,filler,none,62,correct
No,No,84,3,filler,none,62,correct
No,No,84,3,filler,none,62,correct
No,No,84,3,filler,none,62,correct
No,No,87,3,filler,none,62,correct
No,No,87,3,filler,none,62,correct
No,No,87,3,filler,none,62,correct
No,No,87,3,filler,none,62,correct
No,No,87,3,filler,none,62,correct
No,No,87,3,filler,none,62,correct
No,No,87,3,filler,none,62,correct
No,No,87,3,filler,none,62,correct
No,No,87,3,filler,none,62,correct
No,No,87,3,filler,none,62,correct
No,No,87,3,filler,none,62,correct
No,No,87,3,filler,none,62,correct
No,No,87,3,filler,none,62,correct
No,No,89,3,filler,none,62,correct
No,No,89,3,filler,none,62,correct
No,No,89,3,filler,none,62,correct
No,No,89,3,filler,none,62,correct
No,No,89,3,filler,none,62,correct
No,No,89,3,filler,none,62,correct
No,No,89,3,filler,none,62,correct
No,No,89,3,filler,none,62,correct
No,No,89,3,filler,none,62,correct
No,No,89,3,filler,none,62,correct
No,No,89,3,filler,none,62,correct
No,No,89,3,filler,none,62,correct
No,No,89,3,filler,none,62,correct
Yes,Yes,1,4,nomove,CP,63,correct
Yes,Yes,1,4,nomove,CP,63,correct
Yes,Yes,1,4,nomove,CP,63,correct
Yes,Yes,1,4,nomove,CP,63,correct
Yes,Yes,1,4,nomove,CP,63,correct
Yes,Yes,2,4,move,DP,63,correct
Yes,Yes,2,4,move,DP,63,correct
Yes,Yes,2,4,move,DP,63,correct
Yes,Yes,2,4,move,DP,63,correct
Yes,Yes,2,4,move,DP,63,correct
No,No,5,4,nomove,DP,63,correct
No,No,5,4,nomove,DP,63,correct
No,No,5,4,nomove,DP,63,correct
No,No,5,4,nomove,DP,63,correct
No,No,5,4,nomove,DP,63,correct
Yes,Yes,6,4,nomove,unacc,63,correct
Yes,Yes,6,4,nomove,unacc,63,correct
Yes,Yes,6,4,nomove,unacc,63,correct
Yes,Yes,6,4,nomove,unacc,63,correct
Yes,Yes,6,4,nomove,unacc,63,correct
Yes,Yes,7,4,nomove,CP,63,correct
Yes,Yes,7,4,nomove,CP,63,correct
Yes,Yes,7,4,nomove,CP,63,correct
Yes,Yes,7,4,nomove,CP,63,correct
Yes,Yes,7,4,nomove,CP,63,correct
Yes,Yes,11,4,nomove,DP,63,correct
Yes,Yes,11,4,nomove,DP,63,correct
Yes,Yes,11,4,nomove,DP,63,correct
Yes,Yes,11,4,nomove,DP,63,correct
Yes,Yes,11,4,nomove,DP,63,correct
Yes,Yes,13,4,nomove,CP,63,correct
Yes,Yes,13,4,nomove,CP,63,correct
Yes,Yes,13,4,nomove,CP,63,correct
Yes,Yes,13,4,nomove,CP,63,correct
Yes,Yes,13,4,nomove,CP,63,correct
Yes,Yes,14,4,move,DP,63,correct
Yes,Yes,14,4,move,DP,63,correct
Yes,Yes,14,4,move,DP,63,correct
Yes,Yes,14,4,move,DP,63,correct
Yes,Yes,14,4,move,DP,63,correct
Yes,Yes,17,4,move,CP,63,correct
Yes,Yes,17,4,move,CP,63,correct
Yes,Yes,17,4,move,CP,63,correct
Yes,Yes,17,4,move,CP,63,correct
Yes,Yes,17,4,move,CP,63,correct
Yes,Yes,19,4,nomove,CP,63,correct
Yes,Yes,19,4,nomove,CP,63,correct
Yes,Yes,19,4,nomove,CP,63,correct
Yes,Yes,19,4,nomove,CP,63,correct
Yes,Yes,19,4,nomove,CP,63,correct
Yes,Yes,21,4,move,unacc,63,correct
Yes,Yes,21,4,move,unacc,63,correct
Yes,Yes,21,4,move,unacc,63,correct
Yes,Yes,21,4,move,unacc,63,correct
Yes,Yes,21,4,move,unacc,63,correct
Yes,Yes,22,4,move,CP,63,correct
Yes,Yes,22,4,move,CP,63,correct
Yes,Yes,22,4,move,CP,63,correct
Yes,Yes,22,4,move,CP,63,correct
Yes,Yes,22,4,move,CP,63,correct
No,No,25,4,nomove,CP,63,correct
No,No,25,4,nomove,CP,63,correct
No,No,25,4,nomove,CP,63,correct
No,No,25,4,nomove,CP,63,correct
No,No,25,4,nomove,CP,63,correct
No,Yes,30,4,nomove,unacc,63,incorrect
No,Yes,30,4,nomove,unacc,63,incorrect
No,Yes,30,4,nomove,unacc,63,incorrect
No,Yes,30,4,nomove,unacc,63,incorrect
No,Yes,30,4,nomove,unacc,63,incorrect
No,No,31,4,nomove,CP,63,correct
No,No,31,4,nomove,CP,63,correct
No,No,31,4,nomove,CP,63,correct
No,No,31,4,nomove,CP,63,correct
No,No,31,4,nomove,CP,63,correct
Yes,Yes,32,4,move,DP,63,correct
Yes,Yes,32,4,move,DP,63,correct
Yes,Yes,32,4,move,DP,63,correct
Yes,Yes,32,4,move,DP,63,correct
Yes,Yes,32,4,move,DP,63,correct
No,No,33,4,move,unacc,63,correct
No,No,33,4,move,unacc,63,correct
No,No,33,4,move,unacc,63,correct
No,No,33,4,move,unacc,63,correct
No,No,33,4,move,unacc,63,correct
Yes,Yes,35,4,nomove,DP,63,correct
Yes,Yes,35,4,nomove,DP,63,correct
Yes,Yes,35,4,nomove,DP,63,correct
Yes,Yes,35,4,nomove,DP,63,correct
Yes,Yes,35,4,nomove,DP,63,correct
No,No,37,4,filler,none,63,correct
No,No,37,4,filler,none,63,correct
No,No,37,4,filler,none,63,correct
No,No,37,4,filler,none,63,correct
No,No,37,4,filler,none,63,correct
No,No,37,4,filler,none,63,correct
No,No,37,4,filler,none,63,correct
No,No,37,4,filler,none,63,correct
No,No,37,4,filler,none,63,correct
No,No,37,4,filler,none,63,correct
No,No,37,4,filler,none,63,correct
No,No,38,4,filler,none,63,correct
No,No,38,4,filler,none,63,correct
No,No,38,4,filler,none,63,correct
No,No,38,4,filler,none,63,correct
No,No,38,4,filler,none,63,correct
No,No,38,4,filler,none,63,correct
No,No,38,4,filler,none,63,correct
No,No,38,4,filler,none,63,correct
No,No,38,4,filler,none,63,correct
No,No,38,4,filler,none,63,correct
No,No,38,4,filler,none,63,correct
No,No,39,4,filler,none,63,correct
No,No,39,4,filler,none,63,correct
No,No,39,4,filler,none,63,correct
No,No,39,4,filler,none,63,correct
No,No,39,4,filler,none,63,correct
No,No,39,4,filler,none,63,correct
No,No,39,4,filler,none,63,correct
No,No,39,4,filler,none,63,correct
No,No,39,4,filler,none,63,correct
No,No,39,4,filler,none,63,correct
No,No,39,4,filler,none,63,correct
Yes,Yes,43,4,filler,none,63,correct
Yes,Yes,43,4,filler,none,63,correct
Yes,Yes,43,4,filler,none,63,correct
Yes,Yes,43,4,filler,none,63,correct
Yes,Yes,43,4,filler,none,63,correct
Yes,Yes,43,4,filler,none,63,correct
Yes,Yes,43,4,filler,none,63,correct
Yes,Yes,43,4,filler,none,63,correct
Yes,Yes,43,4,filler,none,63,correct
Yes,Yes,43,4,filler,none,63,correct
Yes,Yes,43,4,filler,none,63,correct
No,No,44,4,filler,none,63,correct
No,No,44,4,filler,none,63,correct
No,No,44,4,filler,none,63,correct
No,No,44,4,filler,none,63,correct
No,No,44,4,filler,none,63,correct
No,No,44,4,filler,none,63,correct
No,No,44,4,filler,none,63,correct
No,No,44,4,filler,none,63,correct
No,No,44,4,filler,none,63,correct
No,No,44,4,filler,none,63,correct
No,No,44,4,filler,none,63,correct
No,No,46,4,filler,none,63,correct
No,No,46,4,filler,none,63,correct
No,No,46,4,filler,none,63,correct
No,No,46,4,filler,none,63,correct
No,No,46,4,filler,none,63,correct
No,No,46,4,filler,none,63,correct
No,No,46,4,filler,none,63,correct
No,No,46,4,filler,none,63,correct
No,No,46,4,filler,none,63,correct
No,No,46,4,filler,none,63,correct
No,No,46,4,filler,none,63,correct
Yes,Yes,48,4,filler,none,63,correct
Yes,Yes,48,4,filler,none,63,correct
Yes,Yes,48,4,filler,none,63,correct
Yes,Yes,48,4,filler,none,63,correct
Yes,Yes,48,4,filler,none,63,correct
Yes,Yes,48,4,filler,none,63,correct
Yes,Yes,48,4,filler,none,63,correct
Yes,Yes,48,4,filler,none,63,correct
Yes,Yes,48,4,filler,none,63,correct
Yes,Yes,48,4,filler,none,63,correct
Yes,Yes,48,4,filler,none,63,correct
No,No,50,4,filler,none,63,correct
No,No,50,4,filler,none,63,correct
No,No,50,4,filler,none,63,correct
No,No,50,4,filler,none,63,correct
No,No,50,4,filler,none,63,correct
No,No,50,4,filler,none,63,correct
No,No,50,4,filler,none,63,correct
No,No,50,4,filler,none,63,correct
No,No,50,4,filler,none,63,correct
No,No,50,4,filler,none,63,correct
No,No,50,4,filler,none,63,correct
Yes,Yes,52,4,filler,none,63,correct
Yes,Yes,52,4,filler,none,63,correct
Yes,Yes,52,4,filler,none,63,correct
Yes,Yes,52,4,filler,none,63,correct
Yes,Yes,52,4,filler,none,63,correct
Yes,Yes,52,4,filler,none,63,correct
Yes,Yes,52,4,filler,none,63,correct
Yes,Yes,52,4,filler,none,63,correct
Yes,Yes,52,4,filler,none,63,correct
Yes,Yes,52,4,filler,none,63,correct
Yes,Yes,52,4,filler,none,63,correct
No,No,53,4,filler,none,63,correct
No,No,53,4,filler,none,63,correct
No,No,53,4,filler,none,63,correct
No,No,53,4,filler,none,63,correct
No,No,53,4,filler,none,63,correct
No,No,53,4,filler,none,63,correct
No,No,53,4,filler,none,63,correct
No,No,53,4,filler,none,63,correct
No,No,53,4,filler,none,63,correct
No,No,53,4,filler,none,63,correct
No,No,53,4,filler,none,63,correct
Yes,Yes,58,4,filler,none,63,correct
Yes,Yes,58,4,filler,none,63,correct
Yes,Yes,58,4,filler,none,63,correct
Yes,Yes,58,4,filler,none,63,correct
Yes,Yes,58,4,filler,none,63,correct
Yes,Yes,58,4,filler,none,63,correct
Yes,Yes,58,4,filler,none,63,correct
Yes,Yes,58,4,filler,none,63,correct
Yes,Yes,58,4,filler,none,63,correct
Yes,Yes,58,4,filler,none,63,correct
Yes,Yes,58,4,filler,none,63,correct
Yes,Yes,58,4,filler,none,63,correct
No,No,59,4,filler,none,63,correct
No,No,59,4,filler,none,63,correct
No,No,59,4,filler,none,63,correct
No,No,59,4,filler,none,63,correct
No,No,59,4,filler,none,63,correct
No,No,59,4,filler,none,63,correct
No,No,59,4,filler,none,63,correct
No,No,59,4,filler,none,63,correct
No,No,59,4,filler,none,63,correct
No,No,59,4,filler,none,63,correct
No,No,59,4,filler,none,63,correct
No,No,59,4,filler,none,63,correct
No,No,59,4,filler,none,63,correct
No,No,62,4,filler,none,63,correct
No,No,62,4,filler,none,63,correct
No,No,62,4,filler,none,63,correct
No,No,62,4,filler,none,63,correct
No,No,62,4,filler,none,63,correct
No,No,62,4,filler,none,63,correct
No,No,62,4,filler,none,63,correct
No,No,62,4,filler,none,63,correct
No,No,62,4,filler,none,63,correct
No,No,62,4,filler,none,63,correct
No,No,62,4,filler,none,63,correct
No,No,62,4,filler,none,63,correct
Yes,Yes,64,4,filler,none,63,correct
Yes,Yes,64,4,filler,none,63,correct
Yes,Yes,64,4,filler,none,63,correct
Yes,Yes,64,4,filler,none,63,correct
Yes,Yes,64,4,filler,none,63,correct
Yes,Yes,64,4,filler,none,63,correct
Yes,Yes,64,4,filler,none,63,correct
Yes,Yes,64,4,filler,none,63,correct
Yes,Yes,64,4,filler,none,63,correct
Yes,Yes,64,4,filler,none,63,correct
Yes,Yes,64,4,filler,none,63,correct
Yes,Yes,64,4,filler,none,63,correct
No,No,66,4,filler,none,63,correct
No,No,66,4,filler,none,63,correct
No,No,66,4,filler,none,63,correct
No,No,66,4,filler,none,63,correct
No,No,66,4,filler,none,63,correct
No,No,66,4,filler,none,63,correct
No,No,66,4,filler,none,63,correct
No,No,66,4,filler,none,63,correct
No,No,66,4,filler,none,63,correct
No,No,66,4,filler,none,63,correct
No,No,66,4,filler,none,63,correct
No,No,66,4,filler,none,63,correct
No,No,68,4,filler,none,63,correct
No,No,68,4,filler,none,63,correct
No,No,68,4,filler,none,63,correct
No,No,68,4,filler,none,63,correct
No,No,68,4,filler,none,63,correct
No,No,68,4,filler,none,63,correct
No,No,68,4,filler,none,63,correct
No,No,68,4,filler,none,63,correct
No,No,68,4,filler,none,63,correct
No,No,68,4,filler,none,63,correct
No,No,68,4,filler,none,63,correct
No,No,68,4,filler,none,63,correct
No,No,69,4,filler,none,63,correct
No,No,69,4,filler,none,63,correct
No,No,69,4,filler,none,63,correct
No,No,69,4,filler,none,63,correct
No,No,69,4,filler,none,63,correct
No,No,69,4,filler,none,63,correct
No,No,69,4,filler,none,63,correct
No,No,69,4,filler,none,63,correct
No,No,69,4,filler,none,63,correct
No,No,69,4,filler,none,63,correct
No,No,69,4,filler,none,63,correct
No,No,69,4,filler,none,63,correct
Yes,Yes,72,4,filler,none,63,correct
Yes,Yes,72,4,filler,none,63,correct
Yes,Yes,72,4,filler,none,63,correct
Yes,Yes,72,4,filler,none,63,correct
Yes,Yes,72,4,filler,none,63,correct
Yes,Yes,72,4,filler,none,63,correct
Yes,Yes,72,4,filler,none,63,correct
Yes,Yes,72,4,filler,none,63,correct
Yes,Yes,72,4,filler,none,63,correct
Yes,Yes,72,4,filler,none,63,correct
Yes,Yes,72,4,filler,none,63,correct
Yes,Yes,72,4,filler,none,63,correct
Yes,No,73,4,filler,none,63,incorrect
Yes,No,73,4,filler,none,63,incorrect
Yes,No,73,4,filler,none,63,incorrect
Yes,No,73,4,filler,none,63,incorrect
Yes,No,73,4,filler,none,63,incorrect
Yes,No,73,4,filler,none,63,incorrect
Yes,No,73,4,filler,none,63,incorrect
Yes,No,73,4,filler,none,63,incorrect
Yes,No,73,4,filler,none,63,incorrect
Yes,No,73,4,filler,none,63,incorrect
Yes,No,73,4,filler,none,63,incorrect
Yes,No,73,4,filler,none,63,incorrect
Yes,No,73,4,filler,none,63,incorrect
Yes,Yes,74,4,filler,none,63,correct
Yes,Yes,74,4,filler,none,63,correct
Yes,Yes,74,4,filler,none,63,correct
Yes,Yes,74,4,filler,none,63,correct
Yes,Yes,74,4,filler,none,63,correct
Yes,Yes,74,4,filler,none,63,correct
Yes,Yes,74,4,filler,none,63,correct
Yes,Yes,74,4,filler,none,63,correct
Yes,Yes,74,4,filler,none,63,correct
Yes,Yes,74,4,filler,none,63,correct
Yes,Yes,74,4,filler,none,63,correct
Yes,Yes,74,4,filler,none,63,correct
Yes,Yes,74,4,filler,none,63,correct
Yes,Yes,75,4,filler,none,63,correct
Yes,Yes,75,4,filler,none,63,correct
Yes,Yes,75,4,filler,none,63,correct
Yes,Yes,75,4,filler,none,63,correct
Yes,Yes,75,4,filler,none,63,correct
Yes,Yes,75,4,filler,none,63,correct
Yes,Yes,75,4,filler,none,63,correct
Yes,Yes,75,4,filler,none,63,correct
Yes,Yes,75,4,filler,none,63,correct
Yes,Yes,75,4,filler,none,63,correct
Yes,Yes,75,4,filler,none,63,correct
Yes,Yes,75,4,filler,none,63,correct
Yes,Yes,75,4,filler,none,63,correct
Yes,Yes,77,4,filler,none,63,correct
Yes,Yes,77,4,filler,none,63,correct
Yes,Yes,77,4,filler,none,63,correct
Yes,Yes,77,4,filler,none,63,correct
Yes,Yes,77,4,filler,none,63,correct
Yes,Yes,77,4,filler,none,63,correct
Yes,Yes,77,4,filler,none,63,correct
Yes,Yes,77,4,filler,none,63,correct
Yes,Yes,77,4,filler,none,63,correct
Yes,Yes,77,4,filler,none,63,correct
Yes,Yes,77,4,filler,none,63,correct
Yes,Yes,77,4,filler,none,63,correct
Yes,Yes,77,4,filler,none,63,correct
No,No,78,4,filler,none,63,correct
No,No,78,4,filler,none,63,correct
No,No,78,4,filler,none,63,correct
No,No,78,4,filler,none,63,correct
No,No,78,4,filler,none,63,correct
No,No,78,4,filler,none,63,correct
No,No,78,4,filler,none,63,correct
No,No,78,4,filler,none,63,correct
No,No,78,4,filler,none,63,correct
No,No,78,4,filler,none,63,correct
No,No,78,4,filler,none,63,correct
No,No,78,4,filler,none,63,correct
No,No,78,4,filler,none,63,correct
No,No,80,4,filler,none,63,correct
No,No,80,4,filler,none,63,correct
No,No,80,4,filler,none,63,correct
No,No,80,4,filler,none,63,correct
No,No,80,4,filler,none,63,correct
No,No,80,4,filler,none,63,correct
No,No,80,4,filler,none,63,correct
No,No,80,4,filler,none,63,correct
No,No,80,4,filler,none,63,correct
No,No,80,4,filler,none,63,correct
No,No,80,4,filler,none,63,correct
No,No,80,4,filler,none,63,correct
No,No,80,4,filler,none,63,correct
No,No,82,4,filler,none,63,correct
No,No,82,4,filler,none,63,correct
No,No,82,4,filler,none,63,correct
No,No,82,4,filler,none,63,correct
No,No,82,4,filler,none,63,correct
No,No,82,4,filler,none,63,correct
No,No,82,4,filler,none,63,correct
No,No,82,4,filler,none,63,correct
No,No,82,4,filler,none,63,correct
No,No,82,4,filler,none,63,correct
No,No,82,4,filler,none,63,correct
No,No,82,4,filler,none,63,correct
No,No,82,4,filler,none,63,correct
No,No,84,4,filler,none,63,correct
No,No,84,4,filler,none,63,correct
No,No,84,4,filler,none,63,correct
No,No,84,4,filler,none,63,correct
No,No,84,4,filler,none,63,correct
No,No,84,4,filler,none,63,correct
No,No,84,4,filler,none,63,correct
No,No,84,4,filler,none,63,correct
No,No,84,4,filler,none,63,correct
No,No,84,4,filler,none,63,correct
No,No,84,4,filler,none,63,correct
No,No,84,4,filler,none,63,correct
No,No,84,4,filler,none,63,correct
No,No,87,4,filler,none,63,correct
No,No,87,4,filler,none,63,correct
No,No,87,4,filler,none,63,correct
No,No,87,4,filler,none,63,correct
No,No,87,4,filler,none,63,correct
No,No,87,4,filler,none,63,correct
No,No,87,4,filler,none,63,correct
No,No,87,4,filler,none,63,correct
No,No,87,4,filler,none,63,correct
No,No,87,4,filler,none,63,correct
No,No,87,4,filler,none,63,correct
No,No,87,4,filler,none,63,correct
No,No,87,4,filler,none,63,correct
No,No,89,4,filler,none,63,correct
No,No,89,4,filler,none,63,correct
No,No,89,4,filler,none,63,correct
No,No,89,4,filler,none,63,correct
No,No,89,4,filler,none,63,correct
No,No,89,4,filler,none,63,correct
No,No,89,4,filler,none,63,correct
No,No,89,4,filler,none,63,correct
No,No,89,4,filler,none,63,correct
No,No,89,4,filler,none,63,correct
No,No,89,4,filler,none,63,correct
No,No,89,4,filler,none,63,correct
No,No,89,4,filler,none,63,correct
Yes,Yes,1,5,nomove,unacc,64,correct
Yes,Yes,1,5,nomove,unacc,64,correct
Yes,Yes,1,5,nomove,unacc,64,correct
Yes,Yes,1,5,nomove,unacc,64,correct
Yes,Yes,1,5,nomove,unacc,64,correct
Yes,Yes,2,5,nomove,CP,64,correct
Yes,Yes,2,5,nomove,CP,64,correct
Yes,Yes,2,5,nomove,CP,64,correct
Yes,Yes,2,5,nomove,CP,64,correct
Yes,Yes,2,5,nomove,CP,64,correct
No,No,5,5,move,CP,64,correct
No,No,5,5,move,CP,64,correct
No,No,5,5,move,CP,64,correct
No,No,5,5,move,CP,64,correct
No,No,5,5,move,CP,64,correct
Yes,Yes,6,5,nomove,DP,64,correct
Yes,Yes,6,5,nomove,DP,64,correct
Yes,Yes,6,5,nomove,DP,64,correct
Yes,Yes,6,5,nomove,DP,64,correct
Yes,Yes,6,5,nomove,DP,64,correct
Yes,Yes,7,5,nomove,unacc,64,correct
Yes,Yes,7,5,nomove,unacc,64,correct
Yes,Yes,7,5,nomove,unacc,64,correct
Yes,Yes,7,5,nomove,unacc,64,correct
Yes,Yes,7,5,nomove,unacc,64,correct
Yes,Yes,11,5,move,CP,64,correct
Yes,Yes,11,5,move,CP,64,correct
Yes,Yes,11,5,move,CP,64,correct
Yes,Yes,11,5,move,CP,64,correct
Yes,Yes,11,5,move,CP,64,correct
Yes,Yes,13,5,nomove,unacc,64,correct
Yes,Yes,13,5,nomove,unacc,64,correct
Yes,Yes,13,5,nomove,unacc,64,correct
Yes,Yes,13,5,nomove,unacc,64,correct
Yes,Yes,13,5,nomove,unacc,64,correct
Yes,Yes,14,5,nomove,CP,64,correct
Yes,Yes,14,5,nomove,CP,64,correct
Yes,Yes,14,5,nomove,CP,64,correct
Yes,Yes,14,5,nomove,CP,64,correct
Yes,Yes,14,5,nomove,CP,64,correct
Yes,Yes,17,5,move,unacc,64,correct
Yes,Yes,17,5,move,unacc,64,correct
Yes,Yes,17,5,move,unacc,64,correct
Yes,Yes,17,5,move,unacc,64,correct
Yes,Yes,17,5,move,unacc,64,correct
Yes,Yes,19,5,nomove,unacc,64,correct
Yes,Yes,19,5,nomove,unacc,64,correct
Yes,Yes,19,5,nomove,unacc,64,correct
Yes,Yes,19,5,nomove,unacc,64,correct
Yes,Yes,19,5,nomove,unacc,64,correct
Yes,Yes,21,5,move,DP,64,correct
Yes,Yes,21,5,move,DP,64,correct
Yes,Yes,21,5,move,DP,64,correct
Yes,Yes,21,5,move,DP,64,correct
Yes,Yes,21,5,move,DP,64,correct
Yes,Yes,22,5,move,unacc,64,correct
Yes,Yes,22,5,move,unacc,64,correct
Yes,Yes,22,5,move,unacc,64,correct
Yes,Yes,22,5,move,unacc,64,correct
Yes,Yes,22,5,move,unacc,64,correct
No,No,25,5,nomove,unacc,64,correct
No,No,25,5,nomove,unacc,64,correct
No,No,25,5,nomove,unacc,64,correct
No,No,25,5,nomove,unacc,64,correct
No,No,25,5,nomove,unacc,64,correct
Yes,Yes,30,5,nomove,DP,64,correct
Yes,Yes,30,5,nomove,DP,64,correct
Yes,Yes,30,5,nomove,DP,64,correct
Yes,Yes,30,5,nomove,DP,64,correct
Yes,Yes,30,5,nomove,DP,64,correct
No,No,31,5,nomove,unacc,64,correct
No,No,31,5,nomove,unacc,64,correct
No,No,31,5,nomove,unacc,64,correct
No,No,31,5,nomove,unacc,64,correct
No,No,31,5,nomove,unacc,64,correct
Yes,Yes,32,5,nomove,CP,64,correct
Yes,Yes,32,5,nomove,CP,64,correct
Yes,Yes,32,5,nomove,CP,64,correct
Yes,Yes,32,5,nomove,CP,64,correct
Yes,Yes,32,5,nomove,CP,64,correct
Yes,No,33,5,move,DP,64,incorrect
Yes,No,33,5,move,DP,64,incorrect
Yes,No,33,5,move,DP,64,incorrect
Yes,No,33,5,move,DP,64,incorrect
Yes,No,33,5,move,DP,64,incorrect
No,Yes,35,5,move,CP,64,incorrect
No,Yes,35,5,move,CP,64,incorrect
No,Yes,35,5,move,CP,64,incorrect
No,Yes,35,5,move,CP,64,incorrect
No,Yes,35,5,move,CP,64,incorrect
No,No,37,5,filler,none,64,correct
No,No,37,5,filler,none,64,correct
No,No,37,5,filler,none,64,correct
No,No,37,5,filler,none,64,correct
No,No,37,5,filler,none,64,correct
No,No,37,5,filler,none,64,correct
No,No,37,5,filler,none,64,correct
No,No,37,5,filler,none,64,correct
No,No,37,5,filler,none,64,correct
No,No,37,5,filler,none,64,correct
No,No,37,5,filler,none,64,correct
No,No,38,5,filler,none,64,correct
No,No,38,5,filler,none,64,correct
No,No,38,5,filler,none,64,correct
No,No,38,5,filler,none,64,correct
No,No,38,5,filler,none,64,correct
No,No,38,5,filler,none,64,correct
No,No,38,5,filler,none,64,correct
No,No,38,5,filler,none,64,correct
No,No,38,5,filler,none,64,correct
No,No,38,5,filler,none,64,correct
No,No,38,5,filler,none,64,correct
No,No,39,5,filler,none,64,correct
No,No,39,5,filler,none,64,correct
No,No,39,5,filler,none,64,correct
No,No,39,5,filler,none,64,correct
No,No,39,5,filler,none,64,correct
No,No,39,5,filler,none,64,correct
No,No,39,5,filler,none,64,correct
No,No,39,5,filler,none,64,correct
No,No,39,5,filler,none,64,correct
No,No,39,5,filler,none,64,correct
No,No,39,5,filler,none,64,correct
Yes,Yes,43,5,filler,none,64,correct
Yes,Yes,43,5,filler,none,64,correct
Yes,Yes,43,5,filler,none,64,correct
Yes,Yes,43,5,filler,none,64,correct
Yes,Yes,43,5,filler,none,64,correct
Yes,Yes,43,5,filler,none,64,correct
Yes,Yes,43,5,filler,none,64,correct
Yes,Yes,43,5,filler,none,64,correct
Yes,Yes,43,5,filler,none,64,correct
Yes,Yes,43,5,filler,none,64,correct
Yes,Yes,43,5,filler,none,64,correct
No,No,44,5,filler,none,64,correct
No,No,44,5,filler,none,64,correct
No,No,44,5,filler,none,64,correct
No,No,44,5,filler,none,64,correct
No,No,44,5,filler,none,64,correct
No,No,44,5,filler,none,64,correct
No,No,44,5,filler,none,64,correct
No,No,44,5,filler,none,64,correct
No,No,44,5,filler,none,64,correct
No,No,44,5,filler,none,64,correct
No,No,44,5,filler,none,64,correct
No,No,46,5,filler,none,64,correct
No,No,46,5,filler,none,64,correct
No,No,46,5,filler,none,64,correct
No,No,46,5,filler,none,64,correct
No,No,46,5,filler,none,64,correct
No,No,46,5,filler,none,64,correct
No,No,46,5,filler,none,64,correct
No,No,46,5,filler,none,64,correct
No,No,46,5,filler,none,64,correct
No,No,46,5,filler,none,64,correct
No,No,46,5,filler,none,64,correct
Yes,Yes,48,5,filler,none,64,correct
Yes,Yes,48,5,filler,none,64,correct
Yes,Yes,48,5,filler,none,64,correct
Yes,Yes,48,5,filler,none,64,correct
Yes,Yes,48,5,filler,none,64,correct
Yes,Yes,48,5,filler,none,64,correct
Yes,Yes,48,5,filler,none,64,correct
Yes,Yes,48,5,filler,none,64,correct
Yes,Yes,48,5,filler,none,64,correct
Yes,Yes,48,5,filler,none,64,correct
Yes,Yes,48,5,filler,none,64,correct
No,No,50,5,filler,none,64,correct
No,No,50,5,filler,none,64,correct
No,No,50,5,filler,none,64,correct
No,No,50,5,filler,none,64,correct
No,No,50,5,filler,none,64,correct
No,No,50,5,filler,none,64,correct
No,No,50,5,filler,none,64,correct
No,No,50,5,filler,none,64,correct
No,No,50,5,filler,none,64,correct
No,No,50,5,filler,none,64,correct
No,No,50,5,filler,none,64,correct
Yes,Yes,52,5,filler,none,64,correct
Yes,Yes,52,5,filler,none,64,correct
Yes,Yes,52,5,filler,none,64,correct
Yes,Yes,52,5,filler,none,64,correct
Yes,Yes,52,5,filler,none,64,correct
Yes,Yes,52,5,filler,none,64,correct
Yes,Yes,52,5,filler,none,64,correct
Yes,Yes,52,5,filler,none,64,correct
Yes,Yes,52,5,filler,none,64,correct
Yes,Yes,52,5,filler,none,64,correct
Yes,Yes,52,5,filler,none,64,correct
No,No,53,5,filler,none,64,correct
No,No,53,5,filler,none,64,correct
No,No,53,5,filler,none,64,correct
No,No,53,5,filler,none,64,correct
No,No,53,5,filler,none,64,correct
No,No,53,5,filler,none,64,correct
No,No,53,5,filler,none,64,correct
No,No,53,5,filler,none,64,correct
No,No,53,5,filler,none,64,correct
No,No,53,5,filler,none,64,correct
No,No,53,5,filler,none,64,correct
Yes,Yes,58,5,filler,none,64,correct
Yes,Yes,58,5,filler,none,64,correct
Yes,Yes,58,5,filler,none,64,correct
Yes,Yes,58,5,filler,none,64,correct
Yes,Yes,58,5,filler,none,64,correct
Yes,Yes,58,5,filler,none,64,correct
Yes,Yes,58,5,filler,none,64,correct
Yes,Yes,58,5,filler,none,64,correct
Yes,Yes,58,5,filler,none,64,correct
Yes,Yes,58,5,filler,none,64,correct
Yes,Yes,58,5,filler,none,64,correct
Yes,Yes,58,5,filler,none,64,correct
No,No,59,5,filler,none,64,correct
No,No,59,5,filler,none,64,correct
No,No,59,5,filler,none,64,correct
No,No,59,5,filler,none,64,correct
No,No,59,5,filler,none,64,correct
No,No,59,5,filler,none,64,correct
No,No,59,5,filler,none,64,correct
No,No,59,5,filler,none,64,correct
No,No,59,5,filler,none,64,correct
No,No,59,5,filler,none,64,correct
No,No,59,5,filler,none,64,correct
No,No,59,5,filler,none,64,correct
No,No,59,5,filler,none,64,correct
No,No,62,5,filler,none,64,correct
No,No,62,5,filler,none,64,correct
No,No,62,5,filler,none,64,correct
No,No,62,5,filler,none,64,correct
No,No,62,5,filler,none,64,correct
No,No,62,5,filler,none,64,correct
No,No,62,5,filler,none,64,correct
No,No,62,5,filler,none,64,correct
No,No,62,5,filler,none,64,correct
No,No,62,5,filler,none,64,correct
No,No,62,5,filler,none,64,correct
No,No,62,5,filler,none,64,correct
Yes,Yes,64,5,filler,none,64,correct
Yes,Yes,64,5,filler,none,64,correct
Yes,Yes,64,5,filler,none,64,correct
Yes,Yes,64,5,filler,none,64,correct
Yes,Yes,64,5,filler,none,64,correct
Yes,Yes,64,5,filler,none,64,correct
Yes,Yes,64,5,filler,none,64,correct
Yes,Yes,64,5,filler,none,64,correct
Yes,Yes,64,5,filler,none,64,correct
Yes,Yes,64,5,filler,none,64,correct
Yes,Yes,64,5,filler,none,64,correct
Yes,Yes,64,5,filler,none,64,correct
No,No,66,5,filler,none,64,correct
No,No,66,5,filler,none,64,correct
No,No,66,5,filler,none,64,correct
No,No,66,5,filler,none,64,correct
No,No,66,5,filler,none,64,correct
No,No,66,5,filler,none,64,correct
No,No,66,5,filler,none,64,correct
No,No,66,5,filler,none,64,correct
No,No,66,5,filler,none,64,correct
No,No,66,5,filler,none,64,correct
No,No,66,5,filler,none,64,correct
No,No,66,5,filler,none,64,correct
No,No,68,5,filler,none,64,correct
No,No,68,5,filler,none,64,correct
No,No,68,5,filler,none,64,correct
No,No,68,5,filler,none,64,correct
No,No,68,5,filler,none,64,correct
No,No,68,5,filler,none,64,correct
No,No,68,5,filler,none,64,correct
No,No,68,5,filler,none,64,correct
No,No,68,5,filler,none,64,correct
No,No,68,5,filler,none,64,correct
No,No,68,5,filler,none,64,correct
No,No,68,5,filler,none,64,correct
Yes,No,69,5,filler,none,64,incorrect
Yes,No,69,5,filler,none,64,incorrect
Yes,No,69,5,filler,none,64,incorrect
Yes,No,69,5,filler,none,64,incorrect
Yes,No,69,5,filler,none,64,incorrect
Yes,No,69,5,filler,none,64,incorrect
Yes,No,69,5,filler,none,64,incorrect
Yes,No,69,5,filler,none,64,incorrect
Yes,No,69,5,filler,none,64,incorrect
Yes,No,69,5,filler,none,64,incorrect
Yes,No,69,5,filler,none,64,incorrect
Yes,No,69,5,filler,none,64,incorrect
Yes,Yes,72,5,filler,none,64,correct
Yes,Yes,72,5,filler,none,64,correct
Yes,Yes,72,5,filler,none,64,correct
Yes,Yes,72,5,filler,none,64,correct
Yes,Yes,72,5,filler,none,64,correct
Yes,Yes,72,5,filler,none,64,correct
Yes,Yes,72,5,filler,none,64,correct
Yes,Yes,72,5,filler,none,64,correct
Yes,Yes,72,5,filler,none,64,correct
Yes,Yes,72,5,filler,none,64,correct
Yes,Yes,72,5,filler,none,64,correct
Yes,Yes,72,5,filler,none,64,correct
Yes,No,73,5,filler,none,64,incorrect
Yes,No,73,5,filler,none,64,incorrect
Yes,No,73,5,filler,none,64,incorrect
Yes,No,73,5,filler,none,64,incorrect
Yes,No,73,5,filler,none,64,incorrect
Yes,No,73,5,filler,none,64,incorrect
Yes,No,73,5,filler,none,64,incorrect
Yes,No,73,5,filler,none,64,incorrect
Yes,No,73,5,filler,none,64,incorrect
Yes,No,73,5,filler,none,64,incorrect
Yes,No,73,5,filler,none,64,incorrect
Yes,No,73,5,filler,none,64,incorrect
Yes,No,73,5,filler,none,64,incorrect
Yes,Yes,74,5,filler,none,64,correct
Yes,Yes,74,5,filler,none,64,correct
Yes,Yes,74,5,filler,none,64,correct
Yes,Yes,74,5,filler,none,64,correct
Yes,Yes,74,5,filler,none,64,correct
Yes,Yes,74,5,filler,none,64,correct
Yes,Yes,74,5,filler,none,64,correct
Yes,Yes,74,5,filler,none,64,correct
Yes,Yes,74,5,filler,none,64,correct
Yes,Yes,74,5,filler,none,64,correct
Yes,Yes,74,5,filler,none,64,correct
Yes,Yes,74,5,filler,none,64,correct
Yes,Yes,74,5,filler,none,64,correct
Yes,Yes,75,5,filler,none,64,correct
Yes,Yes,75,5,filler,none,64,correct
Yes,Yes,75,5,filler,none,64,correct
Yes,Yes,75,5,filler,none,64,correct
Yes,Yes,75,5,filler,none,64,correct
Yes,Yes,75,5,filler,none,64,correct
Yes,Yes,75,5,filler,none,64,correct
Yes,Yes,75,5,filler,none,64,correct
Yes,Yes,75,5,filler,none,64,correct
Yes,Yes,75,5,filler,none,64,correct
Yes,Yes,75,5,filler,none,64,correct
Yes,Yes,75,5,filler,none,64,correct
Yes,Yes,75,5,filler,none,64,correct
Yes,Yes,77,5,filler,none,64,correct
Yes,Yes,77,5,filler,none,64,correct
Yes,Yes,77,5,filler,none,64,correct
Yes,Yes,77,5,filler,none,64,correct
Yes,Yes,77,5,filler,none,64,correct
Yes,Yes,77,5,filler,none,64,correct
Yes,Yes,77,5,filler,none,64,correct
Yes,Yes,77,5,filler,none,64,correct
Yes,Yes,77,5,filler,none,64,correct
Yes,Yes,77,5,filler,none,64,correct
Yes,Yes,77,5,filler,none,64,correct
Yes,Yes,77,5,filler,none,64,correct
Yes,Yes,77,5,filler,none,64,correct
No,No,78,5,filler,none,64,correct
No,No,78,5,filler,none,64,correct
No,No,78,5,filler,none,64,correct
No,No,78,5,filler,none,64,correct
No,No,78,5,filler,none,64,correct
No,No,78,5,filler,none,64,correct
No,No,78,5,filler,none,64,correct
No,No,78,5,filler,none,64,correct
No,No,78,5,filler,none,64,correct
No,No,78,5,filler,none,64,correct
No,No,78,5,filler,none,64,correct
No,No,78,5,filler,none,64,correct
No,No,78,5,filler,none,64,correct
No,No,80,5,filler,none,64,correct
No,No,80,5,filler,none,64,correct
No,No,80,5,filler,none,64,correct
No,No,80,5,filler,none,64,correct
No,No,80,5,filler,none,64,correct
No,No,80,5,filler,none,64,correct
No,No,80,5,filler,none,64,correct
No,No,80,5,filler,none,64,correct
No,No,80,5,filler,none,64,correct
No,No,80,5,filler,none,64,correct
No,No,80,5,filler,none,64,correct
No,No,80,5,filler,none,64,correct
No,No,80,5,filler,none,64,correct
No,No,82,5,filler,none,64,correct
No,No,82,5,filler,none,64,correct
No,No,82,5,filler,none,64,correct
No,No,82,5,filler,none,64,correct
No,No,82,5,filler,none,64,correct
No,No,82,5,filler,none,64,correct
No,No,82,5,filler,none,64,correct
No,No,82,5,filler,none,64,correct
No,No,82,5,filler,none,64,correct
No,No,82,5,filler,none,64,correct
No,No,82,5,filler,none,64,correct
No,No,82,5,filler,none,64,correct
No,No,82,5,filler,none,64,correct
No,No,84,5,filler,none,64,correct
No,No,84,5,filler,none,64,correct
No,No,84,5,filler,none,64,correct
No,No,84,5,filler,none,64,correct
No,No,84,5,filler,none,64,correct
No,No,84,5,filler,none,64,correct
No,No,84,5,filler,none,64,correct
No,No,84,5,filler,none,64,correct
No,No,84,5,filler,none,64,correct
No,No,84,5,filler,none,64,correct
No,No,84,5,filler,none,64,correct
No,No,84,5,filler,none,64,correct
No,No,84,5,filler,none,64,correct
No,No,87,5,filler,none,64,correct
No,No,87,5,filler,none,64,correct
No,No,87,5,filler,none,64,correct
No,No,87,5,filler,none,64,correct
No,No,87,5,filler,none,64,correct
No,No,87,5,filler,none,64,correct
No,No,87,5,filler,none,64,correct
No,No,87,5,filler,none,64,correct
No,No,87,5,filler,none,64,correct
No,No,87,5,filler,none,64,correct
No,No,87,5,filler,none,64,correct
No,No,87,5,filler,none,64,correct
No,No,87,5,filler,none,64,correct
No,No,89,5,filler,none,64,correct
No,No,89,5,filler,none,64,correct
No,No,89,5,filler,none,64,correct
No,No,89,5,filler,none,64,correct
No,No,89,5,filler,none,64,correct
No,No,89,5,filler,none,64,correct
No,No,89,5,filler,none,64,correct
No,No,89,5,filler,none,64,correct
No,No,89,5,filler,none,64,correct
No,No,89,5,filler,none,64,correct
No,No,89,5,filler,none,64,correct
No,No,89,5,filler,none,64,correct
No,No,89,5,filler,none,64,correct
No,Yes,1,6,nomove,DP,65,incorrect
No,Yes,1,6,nomove,DP,65,incorrect
No,Yes,1,6,nomove,DP,65,incorrect
No,Yes,1,6,nomove,DP,65,incorrect
No,Yes,1,6,nomove,DP,65,incorrect
Yes,Yes,2,6,nomove,unacc,65,correct
Yes,Yes,2,6,nomove,unacc,65,correct
Yes,Yes,2,6,nomove,unacc,65,correct
Yes,Yes,2,6,nomove,unacc,65,correct
Yes,Yes,2,6,nomove,unacc,65,correct
No,No,5,6,move,unacc,65,correct
No,No,5,6,move,unacc,65,correct
No,No,5,6,move,unacc,65,correct
No,No,5,6,move,unacc,65,correct
No,No,5,6,move,unacc,65,correct
Yes,Yes,6,6,move,CP,65,correct
Yes,Yes,6,6,move,CP,65,correct
Yes,Yes,6,6,move,CP,65,correct
Yes,Yes,6,6,move,CP,65,correct
Yes,Yes,6,6,move,CP,65,correct
Yes,Yes,7,6,nomove,DP,65,correct
Yes,Yes,7,6,nomove,DP,65,correct
Yes,Yes,7,6,nomove,DP,65,correct
Yes,Yes,7,6,nomove,DP,65,correct
Yes,Yes,7,6,nomove,DP,65,correct
Yes,Yes,11,6,move,unacc,65,correct
Yes,Yes,11,6,move,unacc,65,correct
Yes,Yes,11,6,move,unacc,65,correct
Yes,Yes,11,6,move,unacc,65,correct
Yes,Yes,11,6,move,unacc,65,correct
Yes,Yes,13,6,nomove,DP,65,correct
Yes,Yes,13,6,nomove,DP,65,correct
Yes,Yes,13,6,nomove,DP,65,correct
Yes,Yes,13,6,nomove,DP,65,correct
Yes,Yes,13,6,nomove,DP,65,correct
Yes,Yes,14,6,nomove,unacc,65,correct
Yes,Yes,14,6,nomove,unacc,65,correct
Yes,Yes,14,6,nomove,unacc,65,correct
Yes,Yes,14,6,nomove,unacc,65,correct
Yes,Yes,14,6,nomove,unacc,65,correct
No,Yes,17,6,move,DP,65,incorrect
No,Yes,17,6,move,DP,65,incorrect
No,Yes,17,6,move,DP,65,incorrect
No,Yes,17,6,move,DP,65,incorrect
No,Yes,17,6,move,DP,65,incorrect
Yes,Yes,19,6,nomove,DP,65,correct
Yes,Yes,19,6,nomove,DP,65,correct
Yes,Yes,19,6,nomove,DP,65,correct
Yes,Yes,19,6,nomove,DP,65,correct
Yes,Yes,19,6,nomove,DP,65,correct
Yes,Yes,21,6,nomove,CP,65,correct
Yes,Yes,21,6,nomove,CP,65,correct
Yes,Yes,21,6,nomove,CP,65,correct
Yes,Yes,21,6,nomove,CP,65,correct
Yes,Yes,21,6,nomove,CP,65,correct
Yes,Yes,22,6,move,DP,65,correct
Yes,Yes,22,6,move,DP,65,correct
Yes,Yes,22,6,move,DP,65,correct
Yes,Yes,22,6,move,DP,65,correct
Yes,Yes,22,6,move,DP,65,correct
No,No,25,6,nomove,DP,65,correct
No,No,25,6,nomove,DP,65,correct
No,No,25,6,nomove,DP,65,correct
No,No,25,6,nomove,DP,65,correct
No,No,25,6,nomove,DP,65,correct
Yes,Yes,30,6,move,CP,65,correct
Yes,Yes,30,6,move,CP,65,correct
Yes,Yes,30,6,move,CP,65,correct
Yes,Yes,30,6,move,CP,65,correct
Yes,Yes,30,6,move,CP,65,correct
No,No,31,6,nomove,DP,65,correct
No,No,31,6,nomove,DP,65,correct
No,No,31,6,nomove,DP,65,correct
No,No,31,6,nomove,DP,65,correct
No,No,31,6,nomove,DP,65,correct
Yes,Yes,32,6,nomove,unacc,65,correct
Yes,Yes,32,6,nomove,unacc,65,correct
Yes,Yes,32,6,nomove,unacc,65,correct
Yes,Yes,32,6,nomove,unacc,65,correct
Yes,Yes,32,6,nomove,unacc,65,correct
No,No,33,6,nomove,CP,65,correct
No,No,33,6,nomove,CP,65,correct
No,No,33,6,nomove,CP,65,correct
No,No,33,6,nomove,CP,65,correct
No,No,33,6,nomove,CP,65,correct
Yes,Yes,35,6,move,unacc,65,correct
Yes,Yes,35,6,move,unacc,65,correct
Yes,Yes,35,6,move,unacc,65,correct
Yes,Yes,35,6,move,unacc,65,correct
Yes,Yes,35,6,move,unacc,65,correct
No,No,37,6,filler,none,65,correct
No,No,37,6,filler,none,65,correct
No,No,37,6,filler,none,65,correct
No,No,37,6,filler,none,65,correct
No,No,37,6,filler,none,65,correct
No,No,37,6,filler,none,65,correct
No,No,37,6,filler,none,65,correct
No,No,37,6,filler,none,65,correct
No,No,37,6,filler,none,65,correct
No,No,37,6,filler,none,65,correct
No,No,37,6,filler,none,65,correct
No,No,38,6,filler,none,65,correct
No,No,38,6,filler,none,65,correct
No,No,38,6,filler,none,65,correct
No,No,38,6,filler,none,65,correct
No,No,38,6,filler,none,65,correct
No,No,38,6,filler,none,65,correct
No,No,38,6,filler,none,65,correct
No,No,38,6,filler,none,65,correct
No,No,38,6,filler,none,65,correct
No,No,38,6,filler,none,65,correct
No,No,38,6,filler,none,65,correct
No,No,39,6,filler,none,65,correct
No,No,39,6,filler,none,65,correct
No,No,39,6,filler,none,65,correct
No,No,39,6,filler,none,65,correct
No,No,39,6,filler,none,65,correct
No,No,39,6,filler,none,65,correct
No,No,39,6,filler,none,65,correct
No,No,39,6,filler,none,65,correct
No,No,39,6,filler,none,65,correct
No,No,39,6,filler,none,65,correct
No,No,39,6,filler,none,65,correct
Yes,Yes,43,6,filler,none,65,correct
Yes,Yes,43,6,filler,none,65,correct
Yes,Yes,43,6,filler,none,65,correct
Yes,Yes,43,6,filler,none,65,correct
Yes,Yes,43,6,filler,none,65,correct
Yes,Yes,43,6,filler,none,65,correct
Yes,Yes,43,6,filler,none,65,correct
Yes,Yes,43,6,filler,none,65,correct
Yes,Yes,43,6,filler,none,65,correct
Yes,Yes,43,6,filler,none,65,correct
Yes,Yes,43,6,filler,none,65,correct
No,No,44,6,filler,none,65,correct
No,No,44,6,filler,none,65,correct
No,No,44,6,filler,none,65,correct
No,No,44,6,filler,none,65,correct
No,No,44,6,filler,none,65,correct
No,No,44,6,filler,none,65,correct
No,No,44,6,filler,none,65,correct
No,No,44,6,filler,none,65,correct
No,No,44,6,filler,none,65,correct
No,No,44,6,filler,none,65,correct
No,No,44,6,filler,none,65,correct
No,No,46,6,filler,none,65,correct
No,No,46,6,filler,none,65,correct
No,No,46,6,filler,none,65,correct
No,No,46,6,filler,none,65,correct
No,No,46,6,filler,none,65,correct
No,No,46,6,filler,none,65,correct
No,No,46,6,filler,none,65,correct
No,No,46,6,filler,none,65,correct
No,No,46,6,filler,none,65,correct
No,No,46,6,filler,none,65,correct
No,No,46,6,filler,none,65,correct
Yes,Yes,48,6,filler,none,65,correct
Yes,Yes,48,6,filler,none,65,correct
Yes,Yes,48,6,filler,none,65,correct
Yes,Yes,48,6,filler,none,65,correct
Yes,Yes,48,6,filler,none,65,correct
Yes,Yes,48,6,filler,none,65,correct
Yes,Yes,48,6,filler,none,65,correct
Yes,Yes,48,6,filler,none,65,correct
Yes,Yes,48,6,filler,none,65,correct
Yes,Yes,48,6,filler,none,65,correct
Yes,Yes,48,6,filler,none,65,correct
No,No,50,6,filler,none,65,correct
No,No,50,6,filler,none,65,correct
No,No,50,6,filler,none,65,correct
No,No,50,6,filler,none,65,correct
No,No,50,6,filler,none,65,correct
No,No,50,6,filler,none,65,correct
No,No,50,6,filler,none,65,correct
No,No,50,6,filler,none,65,correct
No,No,50,6,filler,none,65,correct
No,No,50,6,filler,none,65,correct
No,No,50,6,filler,none,65,correct
Yes,Yes,52,6,filler,none,65,correct
Yes,Yes,52,6,filler,none,65,correct
Yes,Yes,52,6,filler,none,65,correct
Yes,Yes,52,6,filler,none,65,correct
Yes,Yes,52,6,filler,none,65,correct
Yes,Yes,52,6,filler,none,65,correct
Yes,Yes,52,6,filler,none,65,correct
Yes,Yes,52,6,filler,none,65,correct
Yes,Yes,52,6,filler,none,65,correct
Yes,Yes,52,6,filler,none,65,correct
Yes,Yes,52,6,filler,none,65,correct
No,No,53,6,filler,none,65,correct
No,No,53,6,filler,none,65,correct
No,No,53,6,filler,none,65,correct
No,No,53,6,filler,none,65,correct
No,No,53,6,filler,none,65,correct
No,No,53,6,filler,none,65,correct
No,No,53,6,filler,none,65,correct
No,No,53,6,filler,none,65,correct
No,No,53,6,filler,none,65,correct
No,No,53,6,filler,none,65,correct
No,No,53,6,filler,none,65,correct
Yes,Yes,58,6,filler,none,65,correct
Yes,Yes,58,6,filler,none,65,correct
Yes,Yes,58,6,filler,none,65,correct
Yes,Yes,58,6,filler,none,65,correct
Yes,Yes,58,6,filler,none,65,correct
Yes,Yes,58,6,filler,none,65,correct
Yes,Yes,58,6,filler,none,65,correct
Yes,Yes,58,6,filler,none,65,correct
Yes,Yes,58,6,filler,none,65,correct
Yes,Yes,58,6,filler,none,65,correct
Yes,Yes,58,6,filler,none,65,correct
Yes,Yes,58,6,filler,none,65,correct
No,No,59,6,filler,none,65,correct
No,No,59,6,filler,none,65,correct
No,No,59,6,filler,none,65,correct
No,No,59,6,filler,none,65,correct
No,No,59,6,filler,none,65,correct
No,No,59,6,filler,none,65,correct
No,No,59,6,filler,none,65,correct
No,No,59,6,filler,none,65,correct
No,No,59,6,filler,none,65,correct
No,No,59,6,filler,none,65,correct
No,No,59,6,filler,none,65,correct
No,No,59,6,filler,none,65,correct
No,No,59,6,filler,none,65,correct
No,No,62,6,filler,none,65,correct
No,No,62,6,filler,none,65,correct
No,No,62,6,filler,none,65,correct
No,No,62,6,filler,none,65,correct
No,No,62,6,filler,none,65,correct
No,No,62,6,filler,none,65,correct
No,No,62,6,filler,none,65,correct
No,No,62,6,filler,none,65,correct
No,No,62,6,filler,none,65,correct
No,No,62,6,filler,none,65,correct
No,No,62,6,filler,none,65,correct
No,No,62,6,filler,none,65,correct
Yes,Yes,64,6,filler,none,65,correct
Yes,Yes,64,6,filler,none,65,correct
Yes,Yes,64,6,filler,none,65,correct
Yes,Yes,64,6,filler,none,65,correct
Yes,Yes,64,6,filler,none,65,correct
Yes,Yes,64,6,filler,none,65,correct
Yes,Yes,64,6,filler,none,65,correct
Yes,Yes,64,6,filler,none,65,correct
Yes,Yes,64,6,filler,none,65,correct
Yes,Yes,64,6,filler,none,65,correct
Yes,Yes,64,6,filler,none,65,correct
Yes,Yes,64,6,filler,none,65,correct
No,No,66,6,filler,none,65,correct
No,No,66,6,filler,none,65,correct
No,No,66,6,filler,none,65,correct
No,No,66,6,filler,none,65,correct
No,No,66,6,filler,none,65,correct
No,No,66,6,filler,none,65,correct
No,No,66,6,filler,none,65,correct
No,No,66,6,filler,none,65,correct
No,No,66,6,filler,none,65,correct
No,No,66,6,filler,none,65,correct
No,No,66,6,filler,none,65,correct
No,No,66,6,filler,none,65,correct
No,No,68,6,filler,none,65,correct
No,No,68,6,filler,none,65,correct
No,No,68,6,filler,none,65,correct
No,No,68,6,filler,none,65,correct
No,No,68,6,filler,none,65,correct
No,No,68,6,filler,none,65,correct
No,No,68,6,filler,none,65,correct
No,No,68,6,filler,none,65,correct
No,No,68,6,filler,none,65,correct
No,No,68,6,filler,none,65,correct
No,No,68,6,filler,none,65,correct
No,No,68,6,filler,none,65,correct
No,No,69,6,filler,none,65,correct
No,No,69,6,filler,none,65,correct
No,No,69,6,filler,none,65,correct
No,No,69,6,filler,none,65,correct
No,No,69,6,filler,none,65,correct
No,No,69,6,filler,none,65,correct
No,No,69,6,filler,none,65,correct
No,No,69,6,filler,none,65,correct
No,No,69,6,filler,none,65,correct
No,No,69,6,filler,none,65,correct
No,No,69,6,filler,none,65,correct
No,No,69,6,filler,none,65,correct
Yes,Yes,72,6,filler,none,65,correct
Yes,Yes,72,6,filler,none,65,correct
Yes,Yes,72,6,filler,none,65,correct
Yes,Yes,72,6,filler,none,65,correct
Yes,Yes,72,6,filler,none,65,correct
Yes,Yes,72,6,filler,none,65,correct
Yes,Yes,72,6,filler,none,65,correct
Yes,Yes,72,6,filler,none,65,correct
Yes,Yes,72,6,filler,none,65,correct
Yes,Yes,72,6,filler,none,65,correct
Yes,Yes,72,6,filler,none,65,correct
Yes,Yes,72,6,filler,none,65,correct
Yes,No,73,6,filler,none,65,incorrect
Yes,No,73,6,filler,none,65,incorrect
Yes,No,73,6,filler,none,65,incorrect
Yes,No,73,6,filler,none,65,incorrect
Yes,No,73,6,filler,none,65,incorrect
Yes,No,73,6,filler,none,65,incorrect
Yes,No,73,6,filler,none,65,incorrect
Yes,No,73,6,filler,none,65,incorrect
Yes,No,73,6,filler,none,65,incorrect
Yes,No,73,6,filler,none,65,incorrect
Yes,No,73,6,filler,none,65,incorrect
Yes,No,73,6,filler,none,65,incorrect
Yes,No,73,6,filler,none,65,incorrect
Yes,Yes,74,6,filler,none,65,correct
Yes,Yes,74,6,filler,none,65,correct
Yes,Yes,74,6,filler,none,65,correct
Yes,Yes,74,6,filler,none,65,correct
Yes,Yes,74,6,filler,none,65,correct
Yes,Yes,74,6,filler,none,65,correct
Yes,Yes,74,6,filler,none,65,correct
Yes,Yes,74,6,filler,none,65,correct
Yes,Yes,74,6,filler,none,65,correct
Yes,Yes,74,6,filler,none,65,correct
Yes,Yes,74,6,filler,none,65,correct
Yes,Yes,74,6,filler,none,65,correct
Yes,Yes,74,6,filler,none,65,correct
Yes,Yes,75,6,filler,none,65,correct
Yes,Yes,75,6,filler,none,65,correct
Yes,Yes,75,6,filler,none,65,correct
Yes,Yes,75,6,filler,none,65,correct
Yes,Yes,75,6,filler,none,65,correct
Yes,Yes,75,6,filler,none,65,correct
Yes,Yes,75,6,filler,none,65,correct
Yes,Yes,75,6,filler,none,65,correct
Yes,Yes,75,6,filler,none,65,correct
Yes,Yes,75,6,filler,none,65,correct
Yes,Yes,75,6,filler,none,65,correct
Yes,Yes,75,6,filler,none,65,correct
Yes,Yes,75,6,filler,none,65,correct
Yes,Yes,77,6,filler,none,65,correct
Yes,Yes,77,6,filler,none,65,correct
Yes,Yes,77,6,filler,none,65,correct
Yes,Yes,77,6,filler,none,65,correct
Yes,Yes,77,6,filler,none,65,correct
Yes,Yes,77,6,filler,none,65,correct
Yes,Yes,77,6,filler,none,65,correct
Yes,Yes,77,6,filler,none,65,correct
Yes,Yes,77,6,filler,none,65,correct
Yes,Yes,77,6,filler,none,65,correct
Yes,Yes,77,6,filler,none,65,correct
Yes,Yes,77,6,filler,none,65,correct
Yes,Yes,77,6,filler,none,65,correct
No,No,78,6,filler,none,65,correct
No,No,78,6,filler,none,65,correct
No,No,78,6,filler,none,65,correct
No,No,78,6,filler,none,65,correct
No,No,78,6,filler,none,65,correct
No,No,78,6,filler,none,65,correct
No,No,78,6,filler,none,65,correct
No,No,78,6,filler,none,65,correct
No,No,78,6,filler,none,65,correct
No,No,78,6,filler,none,65,correct
No,No,78,6,filler,none,65,correct
No,No,78,6,filler,none,65,correct
No,No,78,6,filler,none,65,correct
No,No,80,6,filler,none,65,correct
No,No,80,6,filler,none,65,correct
No,No,80,6,filler,none,65,correct
No,No,80,6,filler,none,65,correct
No,No,80,6,filler,none,65,correct
No,No,80,6,filler,none,65,correct
No,No,80,6,filler,none,65,correct
No,No,80,6,filler,none,65,correct
No,No,80,6,filler,none,65,correct
No,No,80,6,filler,none,65,correct
No,No,80,6,filler,none,65,correct
No,No,80,6,filler,none,65,correct
No,No,80,6,filler,none,65,correct
No,No,82,6,filler,none,65,correct
No,No,82,6,filler,none,65,correct
No,No,82,6,filler,none,65,correct
No,No,82,6,filler,none,65,correct
No,No,82,6,filler,none,65,correct
No,No,82,6,filler,none,65,correct
No,No,82,6,filler,none,65,correct
No,No,82,6,filler,none,65,correct
No,No,82,6,filler,none,65,correct
No,No,82,6,filler,none,65,correct
No,No,82,6,filler,none,65,correct
No,No,82,6,filler,none,65,correct
No,No,82,6,filler,none,65,correct
No,No,84,6,filler,none,65,correct
No,No,84,6,filler,none,65,correct
No,No,84,6,filler,none,65,correct
No,No,84,6,filler,none,65,correct
No,No,84,6,filler,none,65,correct
No,No,84,6,filler,none,65,correct
No,No,84,6,filler,none,65,correct
No,No,84,6,filler,none,65,correct
No,No,84,6,filler,none,65,correct
No,No,84,6,filler,none,65,correct
No,No,84,6,filler,none,65,correct
No,No,84,6,filler,none,65,correct
No,No,84,6,filler,none,65,correct
No,No,87,6,filler,none,65,correct
No,No,87,6,filler,none,65,correct
No,No,87,6,filler,none,65,correct
No,No,87,6,filler,none,65,correct
No,No,87,6,filler,none,65,correct
No,No,87,6,filler,none,65,correct
No,No,87,6,filler,none,65,correct
No,No,87,6,filler,none,65,correct
No,No,87,6,filler,none,65,correct
No,No,87,6,filler,none,65,correct
No,No,87,6,filler,none,65,correct
No,No,87,6,filler,none,65,correct
No,No,87,6,filler,none,65,correct
No,No,89,6,filler,none,65,correct
No,No,89,6,filler,none,65,correct
No,No,89,6,filler,none,65,correct
No,No,89,6,filler,none,65,correct
No,No,89,6,filler,none,65,correct
No,No,89,6,filler,none,65,correct
No,No,89,6,filler,none,65,correct
No,No,89,6,filler,none,65,correct
No,No,89,6,filler,none,65,correct
No,No,89,6,filler,none,65,correct
No,No,89,6,filler,none,65,correct
No,No,89,6,filler,none,65,correct
No,No,89,6,filler,none,65,correct
Yes,Yes,1,1,move,CP,66,correct
Yes,Yes,1,1,move,CP,66,correct
Yes,Yes,1,1,move,CP,66,correct
Yes,Yes,1,1,move,CP,66,correct
Yes,Yes,1,1,move,CP,66,correct
Yes,Yes,2,1,nomove,DP,66,correct
Yes,Yes,2,1,nomove,DP,66,correct
Yes,Yes,2,1,nomove,DP,66,correct
Yes,Yes,2,1,nomove,DP,66,correct
Yes,Yes,2,1,nomove,DP,66,correct
No,No,5,1,move,DP,66,correct
No,No,5,1,move,DP,66,correct
No,No,5,1,move,DP,66,correct
No,No,5,1,move,DP,66,correct
No,No,5,1,move,DP,66,correct
Yes,Yes,6,1,move,unacc,66,correct
Yes,Yes,6,1,move,unacc,66,correct
Yes,Yes,6,1,move,unacc,66,correct
Yes,Yes,6,1,move,unacc,66,correct
Yes,Yes,6,1,move,unacc,66,correct
Yes,Yes,7,1,move,CP,66,correct
Yes,Yes,7,1,move,CP,66,correct
Yes,Yes,7,1,move,CP,66,correct
Yes,Yes,7,1,move,CP,66,correct
Yes,Yes,7,1,move,CP,66,correct
Yes,Yes,11,1,move,DP,66,correct
Yes,Yes,11,1,move,DP,66,correct
Yes,Yes,11,1,move,DP,66,correct
Yes,Yes,11,1,move,DP,66,correct
Yes,Yes,11,1,move,DP,66,correct
No,Yes,13,1,move,CP,66,incorrect
No,Yes,13,1,move,CP,66,incorrect
No,Yes,13,1,move,CP,66,incorrect
No,Yes,13,1,move,CP,66,incorrect
No,Yes,13,1,move,CP,66,incorrect
Yes,Yes,14,1,nomove,DP,66,correct
Yes,Yes,14,1,nomove,DP,66,correct
Yes,Yes,14,1,nomove,DP,66,correct
Yes,Yes,14,1,nomove,DP,66,correct
Yes,Yes,14,1,nomove,DP,66,correct
Yes,Yes,17,1,nomove,CP,66,correct
Yes,Yes,17,1,nomove,CP,66,correct
Yes,Yes,17,1,nomove,CP,66,correct
Yes,Yes,17,1,nomove,CP,66,correct
Yes,Yes,17,1,nomove,CP,66,correct
Yes,Yes,19,1,move,CP,66,correct
Yes,Yes,19,1,move,CP,66,correct
Yes,Yes,19,1,move,CP,66,correct
Yes,Yes,19,1,move,CP,66,correct
Yes,Yes,19,1,move,CP,66,correct
Yes,Yes,21,1,nomove,unacc,66,correct
Yes,Yes,21,1,nomove,unacc,66,correct
Yes,Yes,21,1,nomove,unacc,66,correct
Yes,Yes,21,1,nomove,unacc,66,correct
Yes,Yes,21,1,nomove,unacc,66,correct
No,Yes,22,1,nomove,CP,66,incorrect
No,Yes,22,1,nomove,CP,66,incorrect
No,Yes,22,1,nomove,CP,66,incorrect
No,Yes,22,1,nomove,CP,66,incorrect
No,Yes,22,1,nomove,CP,66,incorrect
No,No,25,1,move,CP,66,correct
No,No,25,1,move,CP,66,correct
No,No,25,1,move,CP,66,correct
No,No,25,1,move,CP,66,correct
No,No,25,1,move,CP,66,correct
Yes,Yes,30,1,move,unacc,66,correct
Yes,Yes,30,1,move,unacc,66,correct
Yes,Yes,30,1,move,unacc,66,correct
Yes,Yes,30,1,move,unacc,66,correct
Yes,Yes,30,1,move,unacc,66,correct
No,No,31,1,move,CP,66,correct
No,No,31,1,move,CP,66,correct
No,No,31,1,move,CP,66,correct
No,No,31,1,move,CP,66,correct
No,No,31,1,move,CP,66,correct
Yes,Yes,32,1,nomove,DP,66,correct
Yes,Yes,32,1,nomove,DP,66,correct
Yes,Yes,32,1,nomove,DP,66,correct
Yes,Yes,32,1,nomove,DP,66,correct
Yes,Yes,32,1,nomove,DP,66,correct
No,No,33,1,nomove,unacc,66,correct
No,No,33,1,nomove,unacc,66,correct
No,No,33,1,nomove,unacc,66,correct
No,No,33,1,nomove,unacc,66,correct
No,No,33,1,nomove,unacc,66,correct
No,Yes,35,1,move,DP,66,incorrect
No,Yes,35,1,move,DP,66,incorrect
No,Yes,35,1,move,DP,66,incorrect
No,Yes,35,1,move,DP,66,incorrect
No,Yes,35,1,move,DP,66,incorrect
No,No,37,1,filler,none,66,correct
No,No,37,1,filler,none,66,correct
No,No,37,1,filler,none,66,correct
No,No,37,1,filler,none,66,correct
No,No,37,1,filler,none,66,correct
No,No,37,1,filler,none,66,correct
No,No,37,1,filler,none,66,correct
No,No,37,1,filler,none,66,correct
No,No,37,1,filler,none,66,correct
No,No,37,1,filler,none,66,correct
No,No,37,1,filler,none,66,correct
No,No,38,1,filler,none,66,correct
No,No,38,1,filler,none,66,correct
No,No,38,1,filler,none,66,correct
No,No,38,1,filler,none,66,correct
No,No,38,1,filler,none,66,correct
No,No,38,1,filler,none,66,correct
No,No,38,1,filler,none,66,correct
No,No,38,1,filler,none,66,correct
No,No,38,1,filler,none,66,correct
No,No,38,1,filler,none,66,correct
No,No,38,1,filler,none,66,correct
No,No,39,1,filler,none,66,correct
No,No,39,1,filler,none,66,correct
No,No,39,1,filler,none,66,correct
No,No,39,1,filler,none,66,correct
No,No,39,1,filler,none,66,correct
No,No,39,1,filler,none,66,correct
No,No,39,1,filler,none,66,correct
No,No,39,1,filler,none,66,correct
No,No,39,1,filler,none,66,correct
No,No,39,1,filler,none,66,correct
No,No,39,1,filler,none,66,correct
Yes,Yes,43,1,filler,none,66,correct
Yes,Yes,43,1,filler,none,66,correct
Yes,Yes,43,1,filler,none,66,correct
Yes,Yes,43,1,filler,none,66,correct
Yes,Yes,43,1,filler,none,66,correct
Yes,Yes,43,1,filler,none,66,correct
Yes,Yes,43,1,filler,none,66,correct
Yes,Yes,43,1,filler,none,66,correct
Yes,Yes,43,1,filler,none,66,correct
Yes,Yes,43,1,filler,none,66,correct
Yes,Yes,43,1,filler,none,66,correct
No,No,44,1,filler,none,66,correct
No,No,44,1,filler,none,66,correct
No,No,44,1,filler,none,66,correct
No,No,44,1,filler,none,66,correct
No,No,44,1,filler,none,66,correct
No,No,44,1,filler,none,66,correct
No,No,44,1,filler,none,66,correct
No,No,44,1,filler,none,66,correct
No,No,44,1,filler,none,66,correct
No,No,44,1,filler,none,66,correct
No,No,44,1,filler,none,66,correct
No,No,46,1,filler,none,66,correct
No,No,46,1,filler,none,66,correct
No,No,46,1,filler,none,66,correct
No,No,46,1,filler,none,66,correct
No,No,46,1,filler,none,66,correct
No,No,46,1,filler,none,66,correct
No,No,46,1,filler,none,66,correct
No,No,46,1,filler,none,66,correct
No,No,46,1,filler,none,66,correct
No,No,46,1,filler,none,66,correct
No,No,46,1,filler,none,66,correct
Yes,Yes,48,1,filler,none,66,correct
Yes,Yes,48,1,filler,none,66,correct
Yes,Yes,48,1,filler,none,66,correct
Yes,Yes,48,1,filler,none,66,correct
Yes,Yes,48,1,filler,none,66,correct
Yes,Yes,48,1,filler,none,66,correct
Yes,Yes,48,1,filler,none,66,correct
Yes,Yes,48,1,filler,none,66,correct
Yes,Yes,48,1,filler,none,66,correct
Yes,Yes,48,1,filler,none,66,correct
Yes,Yes,48,1,filler,none,66,correct
No,No,50,1,filler,none,66,correct
No,No,50,1,filler,none,66,correct
No,No,50,1,filler,none,66,correct
No,No,50,1,filler,none,66,correct
No,No,50,1,filler,none,66,correct
No,No,50,1,filler,none,66,correct
No,No,50,1,filler,none,66,correct
No,No,50,1,filler,none,66,correct
No,No,50,1,filler,none,66,correct
No,No,50,1,filler,none,66,correct
No,No,50,1,filler,none,66,correct
Yes,Yes,52,1,filler,none,66,correct
Yes,Yes,52,1,filler,none,66,correct
Yes,Yes,52,1,filler,none,66,correct
Yes,Yes,52,1,filler,none,66,correct
Yes,Yes,52,1,filler,none,66,correct
Yes,Yes,52,1,filler,none,66,correct
Yes,Yes,52,1,filler,none,66,correct
Yes,Yes,52,1,filler,none,66,correct
Yes,Yes,52,1,filler,none,66,correct
Yes,Yes,52,1,filler,none,66,correct
Yes,Yes,52,1,filler,none,66,correct
No,No,53,1,filler,none,66,correct
No,No,53,1,filler,none,66,correct
No,No,53,1,filler,none,66,correct
No,No,53,1,filler,none,66,correct
No,No,53,1,filler,none,66,correct
No,No,53,1,filler,none,66,correct
No,No,53,1,filler,none,66,correct
No,No,53,1,filler,none,66,correct
No,No,53,1,filler,none,66,correct
No,No,53,1,filler,none,66,correct
No,No,53,1,filler,none,66,correct
Yes,Yes,58,1,filler,none,66,correct
Yes,Yes,58,1,filler,none,66,correct
Yes,Yes,58,1,filler,none,66,correct
Yes,Yes,58,1,filler,none,66,correct
Yes,Yes,58,1,filler,none,66,correct
Yes,Yes,58,1,filler,none,66,correct
Yes,Yes,58,1,filler,none,66,correct
Yes,Yes,58,1,filler,none,66,correct
Yes,Yes,58,1,filler,none,66,correct
Yes,Yes,58,1,filler,none,66,correct
Yes,Yes,58,1,filler,none,66,correct
Yes,Yes,58,1,filler,none,66,correct
No,No,59,1,filler,none,66,correct
No,No,59,1,filler,none,66,correct
No,No,59,1,filler,none,66,correct
No,No,59,1,filler,none,66,correct
No,No,59,1,filler,none,66,correct
No,No,59,1,filler,none,66,correct
No,No,59,1,filler,none,66,correct
No,No,59,1,filler,none,66,correct
No,No,59,1,filler,none,66,correct
No,No,59,1,filler,none,66,correct
No,No,59,1,filler,none,66,correct
No,No,59,1,filler,none,66,correct
No,No,59,1,filler,none,66,correct
No,No,62,1,filler,none,66,correct
No,No,62,1,filler,none,66,correct
No,No,62,1,filler,none,66,correct
No,No,62,1,filler,none,66,correct
No,No,62,1,filler,none,66,correct
No,No,62,1,filler,none,66,correct
No,No,62,1,filler,none,66,correct
No,No,62,1,filler,none,66,correct
No,No,62,1,filler,none,66,correct
No,No,62,1,filler,none,66,correct
No,No,62,1,filler,none,66,correct
No,No,62,1,filler,none,66,correct
Yes,Yes,64,1,filler,none,66,correct
Yes,Yes,64,1,filler,none,66,correct
Yes,Yes,64,1,filler,none,66,correct
Yes,Yes,64,1,filler,none,66,correct
Yes,Yes,64,1,filler,none,66,correct
Yes,Yes,64,1,filler,none,66,correct
Yes,Yes,64,1,filler,none,66,correct
Yes,Yes,64,1,filler,none,66,correct
Yes,Yes,64,1,filler,none,66,correct
Yes,Yes,64,1,filler,none,66,correct
Yes,Yes,64,1,filler,none,66,correct
Yes,Yes,64,1,filler,none,66,correct
No,No,66,1,filler,none,66,correct
No,No,66,1,filler,none,66,correct
No,No,66,1,filler,none,66,correct
No,No,66,1,filler,none,66,correct
No,No,66,1,filler,none,66,correct
No,No,66,1,filler,none,66,correct
No,No,66,1,filler,none,66,correct
No,No,66,1,filler,none,66,correct
No,No,66,1,filler,none,66,correct
No,No,66,1,filler,none,66,correct
No,No,66,1,filler,none,66,correct
No,No,66,1,filler,none,66,correct
No,No,68,1,filler,none,66,correct
No,No,68,1,filler,none,66,correct
No,No,68,1,filler,none,66,correct
No,No,68,1,filler,none,66,correct
No,No,68,1,filler,none,66,correct
No,No,68,1,filler,none,66,correct
No,No,68,1,filler,none,66,correct
No,No,68,1,filler,none,66,correct
No,No,68,1,filler,none,66,correct
No,No,68,1,filler,none,66,correct
No,No,68,1,filler,none,66,correct
No,No,68,1,filler,none,66,correct
No,No,69,1,filler,none,66,correct
No,No,69,1,filler,none,66,correct
No,No,69,1,filler,none,66,correct
No,No,69,1,filler,none,66,correct
No,No,69,1,filler,none,66,correct
No,No,69,1,filler,none,66,correct
No,No,69,1,filler,none,66,correct
No,No,69,1,filler,none,66,correct
No,No,69,1,filler,none,66,correct
No,No,69,1,filler,none,66,correct
No,No,69,1,filler,none,66,correct
No,No,69,1,filler,none,66,correct
Yes,Yes,72,1,filler,none,66,correct
Yes,Yes,72,1,filler,none,66,correct
Yes,Yes,72,1,filler,none,66,correct
Yes,Yes,72,1,filler,none,66,correct
Yes,Yes,72,1,filler,none,66,correct
Yes,Yes,72,1,filler,none,66,correct
Yes,Yes,72,1,filler,none,66,correct
Yes,Yes,72,1,filler,none,66,correct
Yes,Yes,72,1,filler,none,66,correct
Yes,Yes,72,1,filler,none,66,correct
Yes,Yes,72,1,filler,none,66,correct
Yes,Yes,72,1,filler,none,66,correct
Yes,No,73,1,filler,none,66,incorrect
Yes,No,73,1,filler,none,66,incorrect
Yes,No,73,1,filler,none,66,incorrect
Yes,No,73,1,filler,none,66,incorrect
Yes,No,73,1,filler,none,66,incorrect
Yes,No,73,1,filler,none,66,incorrect
Yes,No,73,1,filler,none,66,incorrect
Yes,No,73,1,filler,none,66,incorrect
Yes,No,73,1,filler,none,66,incorrect
Yes,No,73,1,filler,none,66,incorrect
Yes,No,73,1,filler,none,66,incorrect
Yes,No,73,1,filler,none,66,incorrect
Yes,No,73,1,filler,none,66,incorrect
Yes,Yes,74,1,filler,none,66,correct
Yes,Yes,74,1,filler,none,66,correct
Yes,Yes,74,1,filler,none,66,correct
Yes,Yes,74,1,filler,none,66,correct
Yes,Yes,74,1,filler,none,66,correct
Yes,Yes,74,1,filler,none,66,correct
Yes,Yes,74,1,filler,none,66,correct
Yes,Yes,74,1,filler,none,66,correct
Yes,Yes,74,1,filler,none,66,correct
Yes,Yes,74,1,filler,none,66,correct
Yes,Yes,74,1,filler,none,66,correct
Yes,Yes,74,1,filler,none,66,correct
Yes,Yes,74,1,filler,none,66,correct
Yes,Yes,75,1,filler,none,66,correct
Yes,Yes,75,1,filler,none,66,correct
Yes,Yes,75,1,filler,none,66,correct
Yes,Yes,75,1,filler,none,66,correct
Yes,Yes,75,1,filler,none,66,correct
Yes,Yes,75,1,filler,none,66,correct
Yes,Yes,75,1,filler,none,66,correct
Yes,Yes,75,1,filler,none,66,correct
Yes,Yes,75,1,filler,none,66,correct
Yes,Yes,75,1,filler,none,66,correct
Yes,Yes,75,1,filler,none,66,correct
Yes,Yes,75,1,filler,none,66,correct
Yes,Yes,75,1,filler,none,66,correct
Yes,Yes,77,1,filler,none,66,correct
Yes,Yes,77,1,filler,none,66,correct
Yes,Yes,77,1,filler,none,66,correct
Yes,Yes,77,1,filler,none,66,correct
Yes,Yes,77,1,filler,none,66,correct
Yes,Yes,77,1,filler,none,66,correct
Yes,Yes,77,1,filler,none,66,correct
Yes,Yes,77,1,filler,none,66,correct
Yes,Yes,77,1,filler,none,66,correct
Yes,Yes,77,1,filler,none,66,correct
Yes,Yes,77,1,filler,none,66,correct
Yes,Yes,77,1,filler,none,66,correct
Yes,Yes,77,1,filler,none,66,correct
No,No,78,1,filler,none,66,correct
No,No,78,1,filler,none,66,correct
No,No,78,1,filler,none,66,correct
No,No,78,1,filler,none,66,correct
No,No,78,1,filler,none,66,correct
No,No,78,1,filler,none,66,correct
No,No,78,1,filler,none,66,correct
No,No,78,1,filler,none,66,correct
No,No,78,1,filler,none,66,correct
No,No,78,1,filler,none,66,correct
No,No,78,1,filler,none,66,correct
No,No,78,1,filler,none,66,correct
No,No,78,1,filler,none,66,correct
No,No,80,1,filler,none,66,correct
No,No,80,1,filler,none,66,correct
No,No,80,1,filler,none,66,correct
No,No,80,1,filler,none,66,correct
No,No,80,1,filler,none,66,correct
No,No,80,1,filler,none,66,correct
No,No,80,1,filler,none,66,correct
No,No,80,1,filler,none,66,correct
No,No,80,1,filler,none,66,correct
No,No,80,1,filler,none,66,correct
No,No,80,1,filler,none,66,correct
No,No,80,1,filler,none,66,correct
No,No,80,1,filler,none,66,correct
No,No,82,1,filler,none,66,correct
No,No,82,1,filler,none,66,correct
No,No,82,1,filler,none,66,correct
No,No,82,1,filler,none,66,correct
No,No,82,1,filler,none,66,correct
No,No,82,1,filler,none,66,correct
No,No,82,1,filler,none,66,correct
No,No,82,1,filler,none,66,correct
No,No,82,1,filler,none,66,correct
No,No,82,1,filler,none,66,correct
No,No,82,1,filler,none,66,correct
No,No,82,1,filler,none,66,correct
No,No,82,1,filler,none,66,correct
No,No,84,1,filler,none,66,correct
No,No,84,1,filler,none,66,correct
No,No,84,1,filler,none,66,correct
No,No,84,1,filler,none,66,correct
No,No,84,1,filler,none,66,correct
No,No,84,1,filler,none,66,correct
No,No,84,1,filler,none,66,correct
No,No,84,1,filler,none,66,correct
No,No,84,1,filler,none,66,correct
No,No,84,1,filler,none,66,correct
No,No,84,1,filler,none,66,correct
No,No,84,1,filler,none,66,correct
No,No,84,1,filler,none,66,correct
No,No,87,1,filler,none,66,correct
No,No,87,1,filler,none,66,correct
No,No,87,1,filler,none,66,correct
No,No,87,1,filler,none,66,correct
No,No,87,1,filler,none,66,correct
No,No,87,1,filler,none,66,correct
No,No,87,1,filler,none,66,correct
No,No,87,1,filler,none,66,correct
No,No,87,1,filler,none,66,correct
No,No,87,1,filler,none,66,correct
No,No,87,1,filler,none,66,correct
No,No,87,1,filler,none,66,correct
No,No,87,1,filler,none,66,correct
No,No,89,1,filler,none,66,correct
No,No,89,1,filler,none,66,correct
No,No,89,1,filler,none,66,correct
No,No,89,1,filler,none,66,correct
No,No,89,1,filler,none,66,correct
No,No,89,1,filler,none,66,correct
No,No,89,1,filler,none,66,correct
No,No,89,1,filler,none,66,correct
No,No,89,1,filler,none,66,correct
No,No,89,1,filler,none,66,correct
No,No,89,1,filler,none,66,correct
No,No,89,1,filler,none,66,correct
No,No,89,1,filler,none,66,correct
Yes,Yes,1,4,nomove,CP,67,correct
Yes,Yes,1,4,nomove,CP,67,correct
Yes,Yes,1,4,nomove,CP,67,correct
Yes,Yes,1,4,nomove,CP,67,correct
Yes,Yes,1,4,nomove,CP,67,correct
Yes,Yes,2,4,move,DP,67,correct
Yes,Yes,2,4,move,DP,67,correct
Yes,Yes,2,4,move,DP,67,correct
Yes,Yes,2,4,move,DP,67,correct
Yes,Yes,2,4,move,DP,67,correct
No,No,5,4,nomove,DP,67,correct
No,No,5,4,nomove,DP,67,correct
No,No,5,4,nomove,DP,67,correct
No,No,5,4,nomove,DP,67,correct
No,No,5,4,nomove,DP,67,correct
Yes,Yes,6,4,nomove,unacc,67,correct
Yes,Yes,6,4,nomove,unacc,67,correct
Yes,Yes,6,4,nomove,unacc,67,correct
Yes,Yes,6,4,nomove,unacc,67,correct
Yes,Yes,6,4,nomove,unacc,67,correct
Yes,Yes,7,4,nomove,CP,67,correct
Yes,Yes,7,4,nomove,CP,67,correct
Yes,Yes,7,4,nomove,CP,67,correct
Yes,Yes,7,4,nomove,CP,67,correct
Yes,Yes,7,4,nomove,CP,67,correct
Yes,Yes,11,4,nomove,DP,67,correct
Yes,Yes,11,4,nomove,DP,67,correct
Yes,Yes,11,4,nomove,DP,67,correct
Yes,Yes,11,4,nomove,DP,67,correct
Yes,Yes,11,4,nomove,DP,67,correct
No,Yes,13,4,nomove,CP,67,incorrect
No,Yes,13,4,nomove,CP,67,incorrect
No,Yes,13,4,nomove,CP,67,incorrect
No,Yes,13,4,nomove,CP,67,incorrect
No,Yes,13,4,nomove,CP,67,incorrect
Yes,Yes,14,4,move,DP,67,correct
Yes,Yes,14,4,move,DP,67,correct
Yes,Yes,14,4,move,DP,67,correct
Yes,Yes,14,4,move,DP,67,correct
Yes,Yes,14,4,move,DP,67,correct
Yes,Yes,17,4,move,CP,67,correct
Yes,Yes,17,4,move,CP,67,correct
Yes,Yes,17,4,move,CP,67,correct
Yes,Yes,17,4,move,CP,67,correct
Yes,Yes,17,4,move,CP,67,correct
Yes,Yes,19,4,nomove,CP,67,correct
Yes,Yes,19,4,nomove,CP,67,correct
Yes,Yes,19,4,nomove,CP,67,correct
Yes,Yes,19,4,nomove,CP,67,correct
Yes,Yes,19,4,nomove,CP,67,correct
Yes,Yes,21,4,move,unacc,67,correct
Yes,Yes,21,4,move,unacc,67,correct
Yes,Yes,21,4,move,unacc,67,correct
Yes,Yes,21,4,move,unacc,67,correct
Yes,Yes,21,4,move,unacc,67,correct
Yes,Yes,22,4,move,CP,67,correct
Yes,Yes,22,4,move,CP,67,correct
Yes,Yes,22,4,move,CP,67,correct
Yes,Yes,22,4,move,CP,67,correct
Yes,Yes,22,4,move,CP,67,correct
No,No,25,4,nomove,CP,67,correct
No,No,25,4,nomove,CP,67,correct
No,No,25,4,nomove,CP,67,correct
No,No,25,4,nomove,CP,67,correct
No,No,25,4,nomove,CP,67,correct
No,Yes,30,4,nomove,unacc,67,incorrect
No,Yes,30,4,nomove,unacc,67,incorrect
No,Yes,30,4,nomove,unacc,67,incorrect
No,Yes,30,4,nomove,unacc,67,incorrect
No,Yes,30,4,nomove,unacc,67,incorrect
No,No,31,4,nomove,CP,67,correct
No,No,31,4,nomove,CP,67,correct
No,No,31,4,nomove,CP,67,correct
No,No,31,4,nomove,CP,67,correct
No,No,31,4,nomove,CP,67,correct
Yes,Yes,32,4,move,DP,67,correct
Yes,Yes,32,4,move,DP,67,correct
Yes,Yes,32,4,move,DP,67,correct
Yes,Yes,32,4,move,DP,67,correct
Yes,Yes,32,4,move,DP,67,correct
No,No,33,4,move,unacc,67,correct
No,No,33,4,move,unacc,67,correct
No,No,33,4,move,unacc,67,correct
No,No,33,4,move,unacc,67,correct
No,No,33,4,move,unacc,67,correct
Yes,Yes,35,4,nomove,DP,67,correct
Yes,Yes,35,4,nomove,DP,67,correct
Yes,Yes,35,4,nomove,DP,67,correct
Yes,Yes,35,4,nomove,DP,67,correct
Yes,Yes,35,4,nomove,DP,67,correct
No,No,37,4,filler,none,67,correct
No,No,37,4,filler,none,67,correct
No,No,37,4,filler,none,67,correct
No,No,37,4,filler,none,67,correct
No,No,37,4,filler,none,67,correct
No,No,37,4,filler,none,67,correct
No,No,37,4,filler,none,67,correct
No,No,37,4,filler,none,67,correct
No,No,37,4,filler,none,67,correct
No,No,37,4,filler,none,67,correct
No,No,37,4,filler,none,67,correct
No,No,38,4,filler,none,67,correct
No,No,38,4,filler,none,67,correct
No,No,38,4,filler,none,67,correct
No,No,38,4,filler,none,67,correct
No,No,38,4,filler,none,67,correct
No,No,38,4,filler,none,67,correct
No,No,38,4,filler,none,67,correct
No,No,38,4,filler,none,67,correct
No,No,38,4,filler,none,67,correct
No,No,38,4,filler,none,67,correct
No,No,38,4,filler,none,67,correct
No,No,39,4,filler,none,67,correct
No,No,39,4,filler,none,67,correct
No,No,39,4,filler,none,67,correct
No,No,39,4,filler,none,67,correct
No,No,39,4,filler,none,67,correct
No,No,39,4,filler,none,67,correct
No,No,39,4,filler,none,67,correct
No,No,39,4,filler,none,67,correct
No,No,39,4,filler,none,67,correct
No,No,39,4,filler,none,67,correct
No,No,39,4,filler,none,67,correct
Yes,Yes,43,4,filler,none,67,correct
Yes,Yes,43,4,filler,none,67,correct
Yes,Yes,43,4,filler,none,67,correct
Yes,Yes,43,4,filler,none,67,correct
Yes,Yes,43,4,filler,none,67,correct
Yes,Yes,43,4,filler,none,67,correct
Yes,Yes,43,4,filler,none,67,correct
Yes,Yes,43,4,filler,none,67,correct
Yes,Yes,43,4,filler,none,67,correct
Yes,Yes,43,4,filler,none,67,correct
Yes,Yes,43,4,filler,none,67,correct
No,No,44,4,filler,none,67,correct
No,No,44,4,filler,none,67,correct
No,No,44,4,filler,none,67,correct
No,No,44,4,filler,none,67,correct
No,No,44,4,filler,none,67,correct
No,No,44,4,filler,none,67,correct
No,No,44,4,filler,none,67,correct
No,No,44,4,filler,none,67,correct
No,No,44,4,filler,none,67,correct
No,No,44,4,filler,none,67,correct
No,No,44,4,filler,none,67,correct
No,No,46,4,filler,none,67,correct
No,No,46,4,filler,none,67,correct
No,No,46,4,filler,none,67,correct
No,No,46,4,filler,none,67,correct
No,No,46,4,filler,none,67,correct
No,No,46,4,filler,none,67,correct
No,No,46,4,filler,none,67,correct
No,No,46,4,filler,none,67,correct
No,No,46,4,filler,none,67,correct
No,No,46,4,filler,none,67,correct
No,No,46,4,filler,none,67,correct
Yes,Yes,48,4,filler,none,67,correct
Yes,Yes,48,4,filler,none,67,correct
Yes,Yes,48,4,filler,none,67,correct
Yes,Yes,48,4,filler,none,67,correct
Yes,Yes,48,4,filler,none,67,correct
Yes,Yes,48,4,filler,none,67,correct
Yes,Yes,48,4,filler,none,67,correct
Yes,Yes,48,4,filler,none,67,correct
Yes,Yes,48,4,filler,none,67,correct
Yes,Yes,48,4,filler,none,67,correct
Yes,Yes,48,4,filler,none,67,correct
No,No,50,4,filler,none,67,correct
No,No,50,4,filler,none,67,correct
No,No,50,4,filler,none,67,correct
No,No,50,4,filler,none,67,correct
No,No,50,4,filler,none,67,correct
No,No,50,4,filler,none,67,correct
No,No,50,4,filler,none,67,correct
No,No,50,4,filler,none,67,correct
No,No,50,4,filler,none,67,correct
No,No,50,4,filler,none,67,correct
No,No,50,4,filler,none,67,correct
Yes,Yes,52,4,filler,none,67,correct
Yes,Yes,52,4,filler,none,67,correct
Yes,Yes,52,4,filler,none,67,correct
Yes,Yes,52,4,filler,none,67,correct
Yes,Yes,52,4,filler,none,67,correct
Yes,Yes,52,4,filler,none,67,correct
Yes,Yes,52,4,filler,none,67,correct
Yes,Yes,52,4,filler,none,67,correct
Yes,Yes,52,4,filler,none,67,correct
Yes,Yes,52,4,filler,none,67,correct
Yes,Yes,52,4,filler,none,67,correct
No,No,53,4,filler,none,67,correct
No,No,53,4,filler,none,67,correct
No,No,53,4,filler,none,67,correct
No,No,53,4,filler,none,67,correct
No,No,53,4,filler,none,67,correct
No,No,53,4,filler,none,67,correct
No,No,53,4,filler,none,67,correct
No,No,53,4,filler,none,67,correct
No,No,53,4,filler,none,67,correct
No,No,53,4,filler,none,67,correct
No,No,53,4,filler,none,67,correct
Yes,Yes,58,4,filler,none,67,correct
Yes,Yes,58,4,filler,none,67,correct
Yes,Yes,58,4,filler,none,67,correct
Yes,Yes,58,4,filler,none,67,correct
Yes,Yes,58,4,filler,none,67,correct
Yes,Yes,58,4,filler,none,67,correct
Yes,Yes,58,4,filler,none,67,correct
Yes,Yes,58,4,filler,none,67,correct
Yes,Yes,58,4,filler,none,67,correct
Yes,Yes,58,4,filler,none,67,correct
Yes,Yes,58,4,filler,none,67,correct
Yes,Yes,58,4,filler,none,67,correct
No,No,59,4,filler,none,67,correct
No,No,59,4,filler,none,67,correct
No,No,59,4,filler,none,67,correct
No,No,59,4,filler,none,67,correct
No,No,59,4,filler,none,67,correct
No,No,59,4,filler,none,67,correct
No,No,59,4,filler,none,67,correct
No,No,59,4,filler,none,67,correct
No,No,59,4,filler,none,67,correct
No,No,59,4,filler,none,67,correct
No,No,59,4,filler,none,67,correct
No,No,59,4,filler,none,67,correct
No,No,59,4,filler,none,67,correct
No,No,62,4,filler,none,67,correct
No,No,62,4,filler,none,67,correct
No,No,62,4,filler,none,67,correct
No,No,62,4,filler,none,67,correct
No,No,62,4,filler,none,67,correct
No,No,62,4,filler,none,67,correct
No,No,62,4,filler,none,67,correct
No,No,62,4,filler,none,67,correct
No,No,62,4,filler,none,67,correct
No,No,62,4,filler,none,67,correct
No,No,62,4,filler,none,67,correct
No,No,62,4,filler,none,67,correct
Yes,Yes,64,4,filler,none,67,correct
Yes,Yes,64,4,filler,none,67,correct
Yes,Yes,64,4,filler,none,67,correct
Yes,Yes,64,4,filler,none,67,correct
Yes,Yes,64,4,filler,none,67,correct
Yes,Yes,64,4,filler,none,67,correct
Yes,Yes,64,4,filler,none,67,correct
Yes,Yes,64,4,filler,none,67,correct
Yes,Yes,64,4,filler,none,67,correct
Yes,Yes,64,4,filler,none,67,correct
Yes,Yes,64,4,filler,none,67,correct
Yes,Yes,64,4,filler,none,67,correct
No,No,66,4,filler,none,67,correct
No,No,66,4,filler,none,67,correct
No,No,66,4,filler,none,67,correct
No,No,66,4,filler,none,67,correct
No,No,66,4,filler,none,67,correct
No,No,66,4,filler,none,67,correct
No,No,66,4,filler,none,67,correct
No,No,66,4,filler,none,67,correct
No,No,66,4,filler,none,67,correct
No,No,66,4,filler,none,67,correct
No,No,66,4,filler,none,67,correct
No,No,66,4,filler,none,67,correct
No,No,68,4,filler,none,67,correct
No,No,68,4,filler,none,67,correct
No,No,68,4,filler,none,67,correct
No,No,68,4,filler,none,67,correct
No,No,68,4,filler,none,67,correct
No,No,68,4,filler,none,67,correct
No,No,68,4,filler,none,67,correct
No,No,68,4,filler,none,67,correct
No,No,68,4,filler,none,67,correct
No,No,68,4,filler,none,67,correct
No,No,68,4,filler,none,67,correct
No,No,68,4,filler,none,67,correct
No,No,69,4,filler,none,67,correct
No,No,69,4,filler,none,67,correct
No,No,69,4,filler,none,67,correct
No,No,69,4,filler,none,67,correct
No,No,69,4,filler,none,67,correct
No,No,69,4,filler,none,67,correct
No,No,69,4,filler,none,67,correct
No,No,69,4,filler,none,67,correct
No,No,69,4,filler,none,67,correct
No,No,69,4,filler,none,67,correct
No,No,69,4,filler,none,67,correct
No,No,69,4,filler,none,67,correct
Yes,Yes,72,4,filler,none,67,correct
Yes,Yes,72,4,filler,none,67,correct
Yes,Yes,72,4,filler,none,67,correct
Yes,Yes,72,4,filler,none,67,correct
Yes,Yes,72,4,filler,none,67,correct
Yes,Yes,72,4,filler,none,67,correct
Yes,Yes,72,4,filler,none,67,correct
Yes,Yes,72,4,filler,none,67,correct
Yes,Yes,72,4,filler,none,67,correct
Yes,Yes,72,4,filler,none,67,correct
Yes,Yes,72,4,filler,none,67,correct
Yes,Yes,72,4,filler,none,67,correct
No,No,73,4,filler,none,67,correct
No,No,73,4,filler,none,67,correct
No,No,73,4,filler,none,67,correct
No,No,73,4,filler,none,67,correct
No,No,73,4,filler,none,67,correct
No,No,73,4,filler,none,67,correct
No,No,73,4,filler,none,67,correct
No,No,73,4,filler,none,67,correct
No,No,73,4,filler,none,67,correct
No,No,73,4,filler,none,67,correct
No,No,73,4,filler,none,67,correct
No,No,73,4,filler,none,67,correct
No,No,73,4,filler,none,67,correct
Yes,Yes,74,4,filler,none,67,correct
Yes,Yes,74,4,filler,none,67,correct
Yes,Yes,74,4,filler,none,67,correct
Yes,Yes,74,4,filler,none,67,correct
Yes,Yes,74,4,filler,none,67,correct
Yes,Yes,74,4,filler,none,67,correct
Yes,Yes,74,4,filler,none,67,correct
Yes,Yes,74,4,filler,none,67,correct
Yes,Yes,74,4,filler,none,67,correct
Yes,Yes,74,4,filler,none,67,correct
Yes,Yes,74,4,filler,none,67,correct
Yes,Yes,74,4,filler,none,67,correct
Yes,Yes,74,4,filler,none,67,correct
Yes,Yes,75,4,filler,none,67,correct
Yes,Yes,75,4,filler,none,67,correct
Yes,Yes,75,4,filler,none,67,correct
Yes,Yes,75,4,filler,none,67,correct
Yes,Yes,75,4,filler,none,67,correct
Yes,Yes,75,4,filler,none,67,correct
Yes,Yes,75,4,filler,none,67,correct
Yes,Yes,75,4,filler,none,67,correct
Yes,Yes,75,4,filler,none,67,correct
Yes,Yes,75,4,filler,none,67,correct
Yes,Yes,75,4,filler,none,67,correct
Yes,Yes,75,4,filler,none,67,correct
Yes,Yes,75,4,filler,none,67,correct
Yes,Yes,77,4,filler,none,67,correct
Yes,Yes,77,4,filler,none,67,correct
Yes,Yes,77,4,filler,none,67,correct
Yes,Yes,77,4,filler,none,67,correct
Yes,Yes,77,4,filler,none,67,correct
Yes,Yes,77,4,filler,none,67,correct
Yes,Yes,77,4,filler,none,67,correct
Yes,Yes,77,4,filler,none,67,correct
Yes,Yes,77,4,filler,none,67,correct
Yes,Yes,77,4,filler,none,67,correct
Yes,Yes,77,4,filler,none,67,correct
Yes,Yes,77,4,filler,none,67,correct
Yes,Yes,77,4,filler,none,67,correct
No,No,78,4,filler,none,67,correct
No,No,78,4,filler,none,67,correct
No,No,78,4,filler,none,67,correct
No,No,78,4,filler,none,67,correct
No,No,78,4,filler,none,67,correct
No,No,78,4,filler,none,67,correct
No,No,78,4,filler,none,67,correct
No,No,78,4,filler,none,67,correct
No,No,78,4,filler,none,67,correct
No,No,78,4,filler,none,67,correct
No,No,78,4,filler,none,67,correct
No,No,78,4,filler,none,67,correct
No,No,78,4,filler,none,67,correct
No,No,80,4,filler,none,67,correct
No,No,80,4,filler,none,67,correct
No,No,80,4,filler,none,67,correct
No,No,80,4,filler,none,67,correct
No,No,80,4,filler,none,67,correct
No,No,80,4,filler,none,67,correct
No,No,80,4,filler,none,67,correct
No,No,80,4,filler,none,67,correct
No,No,80,4,filler,none,67,correct
No,No,80,4,filler,none,67,correct
No,No,80,4,filler,none,67,correct
No,No,80,4,filler,none,67,correct
No,No,80,4,filler,none,67,correct
No,No,82,4,filler,none,67,correct
No,No,82,4,filler,none,67,correct
No,No,82,4,filler,none,67,correct
No,No,82,4,filler,none,67,correct
No,No,82,4,filler,none,67,correct
No,No,82,4,filler,none,67,correct
No,No,82,4,filler,none,67,correct
No,No,82,4,filler,none,67,correct
No,No,82,4,filler,none,67,correct
No,No,82,4,filler,none,67,correct
No,No,82,4,filler,none,67,correct
No,No,82,4,filler,none,67,correct
No,No,82,4,filler,none,67,correct
No,No,84,4,filler,none,67,correct
No,No,84,4,filler,none,67,correct
No,No,84,4,filler,none,67,correct
No,No,84,4,filler,none,67,correct
No,No,84,4,filler,none,67,correct
No,No,84,4,filler,none,67,correct
No,No,84,4,filler,none,67,correct
No,No,84,4,filler,none,67,correct
No,No,84,4,filler,none,67,correct
No,No,84,4,filler,none,67,correct
No,No,84,4,filler,none,67,correct
No,No,84,4,filler,none,67,correct
No,No,84,4,filler,none,67,correct
No,No,87,4,filler,none,67,correct
No,No,87,4,filler,none,67,correct
No,No,87,4,filler,none,67,correct
No,No,87,4,filler,none,67,correct
No,No,87,4,filler,none,67,correct
No,No,87,4,filler,none,67,correct
No,No,87,4,filler,none,67,correct
No,No,87,4,filler,none,67,correct
No,No,87,4,filler,none,67,correct
No,No,87,4,filler,none,67,correct
No,No,87,4,filler,none,67,correct
No,No,87,4,filler,none,67,correct
No,No,87,4,filler,none,67,correct
No,No,89,4,filler,none,67,correct
No,No,89,4,filler,none,67,correct
No,No,89,4,filler,none,67,correct
No,No,89,4,filler,none,67,correct
No,No,89,4,filler,none,67,correct
No,No,89,4,filler,none,67,correct
No,No,89,4,filler,none,67,correct
No,No,89,4,filler,none,67,correct
No,No,89,4,filler,none,67,correct
No,No,89,4,filler,none,67,correct
No,No,89,4,filler,none,67,correct
No,No,89,4,filler,none,67,correct
No,No,89,4,filler,none,67,correct
No,Yes,1,1,move,CP,68,incorrect
No,Yes,1,1,move,CP,68,incorrect
No,Yes,1,1,move,CP,68,incorrect
No,Yes,1,1,move,CP,68,incorrect
No,Yes,1,1,move,CP,68,incorrect
Yes,Yes,2,1,nomove,DP,68,correct
Yes,Yes,2,1,nomove,DP,68,correct
Yes,Yes,2,1,nomove,DP,68,correct
Yes,Yes,2,1,nomove,DP,68,correct
Yes,Yes,2,1,nomove,DP,68,correct
No,No,5,1,move,DP,68,correct
No,No,5,1,move,DP,68,correct
No,No,5,1,move,DP,68,correct
No,No,5,1,move,DP,68,correct
No,No,5,1,move,DP,68,correct
Yes,Yes,6,1,move,unacc,68,correct
Yes,Yes,6,1,move,unacc,68,correct
Yes,Yes,6,1,move,unacc,68,correct
Yes,Yes,6,1,move,unacc,68,correct
Yes,Yes,6,1,move,unacc,68,correct
Yes,Yes,7,1,move,CP,68,correct
Yes,Yes,7,1,move,CP,68,correct
Yes,Yes,7,1,move,CP,68,correct
Yes,Yes,7,1,move,CP,68,correct
Yes,Yes,7,1,move,CP,68,correct
Yes,Yes,11,1,move,DP,68,correct
Yes,Yes,11,1,move,DP,68,correct
Yes,Yes,11,1,move,DP,68,correct
Yes,Yes,11,1,move,DP,68,correct
Yes,Yes,11,1,move,DP,68,correct
Yes,Yes,13,1,move,CP,68,correct
Yes,Yes,13,1,move,CP,68,correct
Yes,Yes,13,1,move,CP,68,correct
Yes,Yes,13,1,move,CP,68,correct
Yes,Yes,13,1,move,CP,68,correct
Yes,Yes,14,1,nomove,DP,68,correct
Yes,Yes,14,1,nomove,DP,68,correct
Yes,Yes,14,1,nomove,DP,68,correct
Yes,Yes,14,1,nomove,DP,68,correct
Yes,Yes,14,1,nomove,DP,68,correct
Yes,Yes,17,1,nomove,CP,68,correct
Yes,Yes,17,1,nomove,CP,68,correct
Yes,Yes,17,1,nomove,CP,68,correct
Yes,Yes,17,1,nomove,CP,68,correct
Yes,Yes,17,1,nomove,CP,68,correct
Yes,Yes,19,1,move,CP,68,correct
Yes,Yes,19,1,move,CP,68,correct
Yes,Yes,19,1,move,CP,68,correct
Yes,Yes,19,1,move,CP,68,correct
Yes,Yes,19,1,move,CP,68,correct
Yes,Yes,21,1,nomove,unacc,68,correct
Yes,Yes,21,1,nomove,unacc,68,correct
Yes,Yes,21,1,nomove,unacc,68,correct
Yes,Yes,21,1,nomove,unacc,68,correct
Yes,Yes,21,1,nomove,unacc,68,correct
Yes,Yes,22,1,nomove,CP,68,correct
Yes,Yes,22,1,nomove,CP,68,correct
Yes,Yes,22,1,nomove,CP,68,correct
Yes,Yes,22,1,nomove,CP,68,correct
Yes,Yes,22,1,nomove,CP,68,correct
No,No,25,1,move,CP,68,correct
No,No,25,1,move,CP,68,correct
No,No,25,1,move,CP,68,correct
No,No,25,1,move,CP,68,correct
No,No,25,1,move,CP,68,correct
Yes,Yes,30,1,move,unacc,68,correct
Yes,Yes,30,1,move,unacc,68,correct
Yes,Yes,30,1,move,unacc,68,correct
Yes,Yes,30,1,move,unacc,68,correct
Yes,Yes,30,1,move,unacc,68,correct
No,No,31,1,move,CP,68,correct
No,No,31,1,move,CP,68,correct
No,No,31,1,move,CP,68,correct
No,No,31,1,move,CP,68,correct
No,No,31,1,move,CP,68,correct
Yes,Yes,32,1,nomove,DP,68,correct
Yes,Yes,32,1,nomove,DP,68,correct
Yes,Yes,32,1,nomove,DP,68,correct
Yes,Yes,32,1,nomove,DP,68,correct
Yes,Yes,32,1,nomove,DP,68,correct
No,No,33,1,nomove,unacc,68,correct
No,No,33,1,nomove,unacc,68,correct
No,No,33,1,nomove,unacc,68,correct
No,No,33,1,nomove,unacc,68,correct
No,No,33,1,nomove,unacc,68,correct
Yes,Yes,35,1,move,DP,68,correct
Yes,Yes,35,1,move,DP,68,correct
Yes,Yes,35,1,move,DP,68,correct
Yes,Yes,35,1,move,DP,68,correct
Yes,Yes,35,1,move,DP,68,correct
No,No,37,1,filler,none,68,correct
No,No,37,1,filler,none,68,correct
No,No,37,1,filler,none,68,correct
No,No,37,1,filler,none,68,correct
No,No,37,1,filler,none,68,correct
No,No,37,1,filler,none,68,correct
No,No,37,1,filler,none,68,correct
No,No,37,1,filler,none,68,correct
No,No,37,1,filler,none,68,correct
No,No,37,1,filler,none,68,correct
No,No,37,1,filler,none,68,correct
No,No,38,1,filler,none,68,correct
No,No,38,1,filler,none,68,correct
No,No,38,1,filler,none,68,correct
No,No,38,1,filler,none,68,correct
No,No,38,1,filler,none,68,correct
No,No,38,1,filler,none,68,correct
No,No,38,1,filler,none,68,correct
No,No,38,1,filler,none,68,correct
No,No,38,1,filler,none,68,correct
No,No,38,1,filler,none,68,correct
No,No,38,1,filler,none,68,correct
No,No,39,1,filler,none,68,correct
No,No,39,1,filler,none,68,correct
No,No,39,1,filler,none,68,correct
No,No,39,1,filler,none,68,correct
No,No,39,1,filler,none,68,correct
No,No,39,1,filler,none,68,correct
No,No,39,1,filler,none,68,correct
No,No,39,1,filler,none,68,correct
No,No,39,1,filler,none,68,correct
No,No,39,1,filler,none,68,correct
No,No,39,1,filler,none,68,correct
Yes,Yes,43,1,filler,none,68,correct
Yes,Yes,43,1,filler,none,68,correct
Yes,Yes,43,1,filler,none,68,correct
Yes,Yes,43,1,filler,none,68,correct
Yes,Yes,43,1,filler,none,68,correct
Yes,Yes,43,1,filler,none,68,correct
Yes,Yes,43,1,filler,none,68,correct
Yes,Yes,43,1,filler,none,68,correct
Yes,Yes,43,1,filler,none,68,correct
Yes,Yes,43,1,filler,none,68,correct
Yes,Yes,43,1,filler,none,68,correct
No,No,44,1,filler,none,68,correct
No,No,44,1,filler,none,68,correct
No,No,44,1,filler,none,68,correct
No,No,44,1,filler,none,68,correct
No,No,44,1,filler,none,68,correct
No,No,44,1,filler,none,68,correct
No,No,44,1,filler,none,68,correct
No,No,44,1,filler,none,68,correct
No,No,44,1,filler,none,68,correct
No,No,44,1,filler,none,68,correct
No,No,44,1,filler,none,68,correct
No,No,46,1,filler,none,68,correct
No,No,46,1,filler,none,68,correct
No,No,46,1,filler,none,68,correct
No,No,46,1,filler,none,68,correct
No,No,46,1,filler,none,68,correct
No,No,46,1,filler,none,68,correct
No,No,46,1,filler,none,68,correct
No,No,46,1,filler,none,68,correct
No,No,46,1,filler,none,68,correct
No,No,46,1,filler,none,68,correct
No,No,46,1,filler,none,68,correct
Yes,Yes,48,1,filler,none,68,correct
Yes,Yes,48,1,filler,none,68,correct
Yes,Yes,48,1,filler,none,68,correct
Yes,Yes,48,1,filler,none,68,correct
Yes,Yes,48,1,filler,none,68,correct
Yes,Yes,48,1,filler,none,68,correct
Yes,Yes,48,1,filler,none,68,correct
Yes,Yes,48,1,filler,none,68,correct
Yes,Yes,48,1,filler,none,68,correct
Yes,Yes,48,1,filler,none,68,correct
Yes,Yes,48,1,filler,none,68,correct
No,No,50,1,filler,none,68,correct
No,No,50,1,filler,none,68,correct
No,No,50,1,filler,none,68,correct
No,No,50,1,filler,none,68,correct
No,No,50,1,filler,none,68,correct
No,No,50,1,filler,none,68,correct
No,No,50,1,filler,none,68,correct
No,No,50,1,filler,none,68,correct
No,No,50,1,filler,none,68,correct
No,No,50,1,filler,none,68,correct
No,No,50,1,filler,none,68,correct
Yes,Yes,52,1,filler,none,68,correct
Yes,Yes,52,1,filler,none,68,correct
Yes,Yes,52,1,filler,none,68,correct
Yes,Yes,52,1,filler,none,68,correct
Yes,Yes,52,1,filler,none,68,correct
Yes,Yes,52,1,filler,none,68,correct
Yes,Yes,52,1,filler,none,68,correct
Yes,Yes,52,1,filler,none,68,correct
Yes,Yes,52,1,filler,none,68,correct
Yes,Yes,52,1,filler,none,68,correct
Yes,Yes,52,1,filler,none,68,correct
No,No,53,1,filler,none,68,correct
No,No,53,1,filler,none,68,correct
No,No,53,1,filler,none,68,correct
No,No,53,1,filler,none,68,correct
No,No,53,1,filler,none,68,correct
No,No,53,1,filler,none,68,correct
No,No,53,1,filler,none,68,correct
No,No,53,1,filler,none,68,correct
No,No,53,1,filler,none,68,correct
No,No,53,1,filler,none,68,correct
No,No,53,1,filler,none,68,correct
Yes,Yes,58,1,filler,none,68,correct
Yes,Yes,58,1,filler,none,68,correct
Yes,Yes,58,1,filler,none,68,correct
Yes,Yes,58,1,filler,none,68,correct
Yes,Yes,58,1,filler,none,68,correct
Yes,Yes,58,1,filler,none,68,correct
Yes,Yes,58,1,filler,none,68,correct
Yes,Yes,58,1,filler,none,68,correct
Yes,Yes,58,1,filler,none,68,correct
Yes,Yes,58,1,filler,none,68,correct
Yes,Yes,58,1,filler,none,68,correct
Yes,Yes,58,1,filler,none,68,correct
No,No,59,1,filler,none,68,correct
No,No,59,1,filler,none,68,correct
No,No,59,1,filler,none,68,correct
No,No,59,1,filler,none,68,correct
No,No,59,1,filler,none,68,correct
No,No,59,1,filler,none,68,correct
No,No,59,1,filler,none,68,correct
No,No,59,1,filler,none,68,correct
No,No,59,1,filler,none,68,correct
No,No,59,1,filler,none,68,correct
No,No,59,1,filler,none,68,correct
No,No,59,1,filler,none,68,correct
No,No,59,1,filler,none,68,correct
No,No,62,1,filler,none,68,correct
No,No,62,1,filler,none,68,correct
No,No,62,1,filler,none,68,correct
No,No,62,1,filler,none,68,correct
No,No,62,1,filler,none,68,correct
No,No,62,1,filler,none,68,correct
No,No,62,1,filler,none,68,correct
No,No,62,1,filler,none,68,correct
No,No,62,1,filler,none,68,correct
No,No,62,1,filler,none,68,correct
No,No,62,1,filler,none,68,correct
No,No,62,1,filler,none,68,correct
Yes,Yes,64,1,filler,none,68,correct
Yes,Yes,64,1,filler,none,68,correct
Yes,Yes,64,1,filler,none,68,correct
Yes,Yes,64,1,filler,none,68,correct
Yes,Yes,64,1,filler,none,68,correct
Yes,Yes,64,1,filler,none,68,correct
Yes,Yes,64,1,filler,none,68,correct
Yes,Yes,64,1,filler,none,68,correct
Yes,Yes,64,1,filler,none,68,correct
Yes,Yes,64,1,filler,none,68,correct
Yes,Yes,64,1,filler,none,68,correct
Yes,Yes,64,1,filler,none,68,correct
No,No,66,1,filler,none,68,correct
No,No,66,1,filler,none,68,correct
No,No,66,1,filler,none,68,correct
No,No,66,1,filler,none,68,correct
No,No,66,1,filler,none,68,correct
No,No,66,1,filler,none,68,correct
No,No,66,1,filler,none,68,correct
No,No,66,1,filler,none,68,correct
No,No,66,1,filler,none,68,correct
No,No,66,1,filler,none,68,correct
No,No,66,1,filler,none,68,correct
No,No,66,1,filler,none,68,correct
No,No,68,1,filler,none,68,correct
No,No,68,1,filler,none,68,correct
No,No,68,1,filler,none,68,correct
No,No,68,1,filler,none,68,correct
No,No,68,1,filler,none,68,correct
No,No,68,1,filler,none,68,correct
No,No,68,1,filler,none,68,correct
No,No,68,1,filler,none,68,correct
No,No,68,1,filler,none,68,correct
No,No,68,1,filler,none,68,correct
No,No,68,1,filler,none,68,correct
No,No,68,1,filler,none,68,correct
No,No,69,1,filler,none,68,correct
No,No,69,1,filler,none,68,correct
No,No,69,1,filler,none,68,correct
No,No,69,1,filler,none,68,correct
No,No,69,1,filler,none,68,correct
No,No,69,1,filler,none,68,correct
No,No,69,1,filler,none,68,correct
No,No,69,1,filler,none,68,correct
No,No,69,1,filler,none,68,correct
No,No,69,1,filler,none,68,correct
No,No,69,1,filler,none,68,correct
No,No,69,1,filler,none,68,correct
Yes,Yes,72,1,filler,none,68,correct
Yes,Yes,72,1,filler,none,68,correct
Yes,Yes,72,1,filler,none,68,correct
Yes,Yes,72,1,filler,none,68,correct
Yes,Yes,72,1,filler,none,68,correct
Yes,Yes,72,1,filler,none,68,correct
Yes,Yes,72,1,filler,none,68,correct
Yes,Yes,72,1,filler,none,68,correct
Yes,Yes,72,1,filler,none,68,correct
Yes,Yes,72,1,filler,none,68,correct
Yes,Yes,72,1,filler,none,68,correct
Yes,Yes,72,1,filler,none,68,correct
Yes,No,73,1,filler,none,68,incorrect
Yes,No,73,1,filler,none,68,incorrect
Yes,No,73,1,filler,none,68,incorrect
Yes,No,73,1,filler,none,68,incorrect
Yes,No,73,1,filler,none,68,incorrect
Yes,No,73,1,filler,none,68,incorrect
Yes,No,73,1,filler,none,68,incorrect
Yes,No,73,1,filler,none,68,incorrect
Yes,No,73,1,filler,none,68,incorrect
Yes,No,73,1,filler,none,68,incorrect
Yes,No,73,1,filler,none,68,incorrect
Yes,No,73,1,filler,none,68,incorrect
Yes,No,73,1,filler,none,68,incorrect
Yes,Yes,74,1,filler,none,68,correct
Yes,Yes,74,1,filler,none,68,correct
Yes,Yes,74,1,filler,none,68,correct
Yes,Yes,74,1,filler,none,68,correct
Yes,Yes,74,1,filler,none,68,correct
Yes,Yes,74,1,filler,none,68,correct
Yes,Yes,74,1,filler,none,68,correct
Yes,Yes,74,1,filler,none,68,correct
Yes,Yes,74,1,filler,none,68,correct
Yes,Yes,74,1,filler,none,68,correct
Yes,Yes,74,1,filler,none,68,correct
Yes,Yes,74,1,filler,none,68,correct
Yes,Yes,74,1,filler,none,68,correct
Yes,Yes,75,1,filler,none,68,correct
Yes,Yes,75,1,filler,none,68,correct
Yes,Yes,75,1,filler,none,68,correct
Yes,Yes,75,1,filler,none,68,correct
Yes,Yes,75,1,filler,none,68,correct
Yes,Yes,75,1,filler,none,68,correct
Yes,Yes,75,1,filler,none,68,correct
Yes,Yes,75,1,filler,none,68,correct
Yes,Yes,75,1,filler,none,68,correct
Yes,Yes,75,1,filler,none,68,correct
Yes,Yes,75,1,filler,none,68,correct
Yes,Yes,75,1,filler,none,68,correct
Yes,Yes,75,1,filler,none,68,correct
Yes,Yes,77,1,filler,none,68,correct
Yes,Yes,77,1,filler,none,68,correct
Yes,Yes,77,1,filler,none,68,correct
Yes,Yes,77,1,filler,none,68,correct
Yes,Yes,77,1,filler,none,68,correct
Yes,Yes,77,1,filler,none,68,correct
Yes,Yes,77,1,filler,none,68,correct
Yes,Yes,77,1,filler,none,68,correct
Yes,Yes,77,1,filler,none,68,correct
Yes,Yes,77,1,filler,none,68,correct
Yes,Yes,77,1,filler,none,68,correct
Yes,Yes,77,1,filler,none,68,correct
Yes,Yes,77,1,filler,none,68,correct
No,No,78,1,filler,none,68,correct
No,No,78,1,filler,none,68,correct
No,No,78,1,filler,none,68,correct
No,No,78,1,filler,none,68,correct
No,No,78,1,filler,none,68,correct
No,No,78,1,filler,none,68,correct
No,No,78,1,filler,none,68,correct
No,No,78,1,filler,none,68,correct
No,No,78,1,filler,none,68,correct
No,No,78,1,filler,none,68,correct
No,No,78,1,filler,none,68,correct
No,No,78,1,filler,none,68,correct
No,No,78,1,filler,none,68,correct
No,No,80,1,filler,none,68,correct
No,No,80,1,filler,none,68,correct
No,No,80,1,filler,none,68,correct
No,No,80,1,filler,none,68,correct
No,No,80,1,filler,none,68,correct
No,No,80,1,filler,none,68,correct
No,No,80,1,filler,none,68,correct
No,No,80,1,filler,none,68,correct
No,No,80,1,filler,none,68,correct
No,No,80,1,filler,none,68,correct
No,No,80,1,filler,none,68,correct
No,No,80,1,filler,none,68,correct
No,No,80,1,filler,none,68,correct
No,No,82,1,filler,none,68,correct
No,No,82,1,filler,none,68,correct
No,No,82,1,filler,none,68,correct
No,No,82,1,filler,none,68,correct
No,No,82,1,filler,none,68,correct
No,No,82,1,filler,none,68,correct
No,No,82,1,filler,none,68,correct
No,No,82,1,filler,none,68,correct
No,No,82,1,filler,none,68,correct
No,No,82,1,filler,none,68,correct
No,No,82,1,filler,none,68,correct
No,No,82,1,filler,none,68,correct
No,No,82,1,filler,none,68,correct
No,No,84,1,filler,none,68,correct
No,No,84,1,filler,none,68,correct
No,No,84,1,filler,none,68,correct
No,No,84,1,filler,none,68,correct
No,No,84,1,filler,none,68,correct
No,No,84,1,filler,none,68,correct
No,No,84,1,filler,none,68,correct
No,No,84,1,filler,none,68,correct
No,No,84,1,filler,none,68,correct
No,No,84,1,filler,none,68,correct
No,No,84,1,filler,none,68,correct
No,No,84,1,filler,none,68,correct
No,No,84,1,filler,none,68,correct
No,No,87,1,filler,none,68,correct
No,No,87,1,filler,none,68,correct
No,No,87,1,filler,none,68,correct
No,No,87,1,filler,none,68,correct
No,No,87,1,filler,none,68,correct
No,No,87,1,filler,none,68,correct
No,No,87,1,filler,none,68,correct
No,No,87,1,filler,none,68,correct
No,No,87,1,filler,none,68,correct
No,No,87,1,filler,none,68,correct
No,No,87,1,filler,none,68,correct
No,No,87,1,filler,none,68,correct
No,No,87,1,filler,none,68,correct
No,No,89,1,filler,none,68,correct
No,No,89,1,filler,none,68,correct
No,No,89,1,filler,none,68,correct
No,No,89,1,filler,none,68,correct
No,No,89,1,filler,none,68,correct
No,No,89,1,filler,none,68,correct
No,No,89,1,filler,none,68,correct
No,No,89,1,filler,none,68,correct
No,No,89,1,filler,none,68,correct
No,No,89,1,filler,none,68,correct
No,No,89,1,filler,none,68,correct
No,No,89,1,filler,none,68,correct
No,No,89,1,filler,none,68,correct
